customer_id,full_name,phone,email,city,home_branch_id,join_date,loyalty_tier,marketing_consent
C00001,Dana Alghamdi,0599000001,dana.alghamdi1@example.com,Khamis Mushait,B032,2026-05-01,Silver,1
C00002,Noura Alshammari,0599000002,noura.alshammari2@example.com,Riyadh,B007,2022-06-01,Silver,1
C00003,Nasser Alotaibi,0599000003,nasser.alotaibi3@example.com,Tabuk,B040,2026-05-30,Classic,1
C00004,Lulwa Aljohani,0599000004,lulwa.aljohani4@example.com,Jazan,B033,2021-05-20,Classic,
C00005,Dana Alghamdi,0599000005,dana.alghamdi5@example.com,Riyadh,B012,2023-04-07,Platinum,
C00006,Hessa Alqahtani,0599000006,hessa.alqahtani6@example.com,Riyadh,B009,2026-04-09,Classic,1
C00007,Ziyad Alnaimi,0599000007,ziyad.alnaimi7@example.com,Madinah,B019,2025-12-12,Classic,0
C00008,Maha Aldawsari,0599000008,maha.aldawsari8@example.com,Madinah,B019,2022-05-15,Gold,1
C00009,Maha Alkhaldi,0599000009,maha.alkhaldi9@example.com,Taif,B020,2022-03-22,Classic,0
C00010,Ali Alsubaie,0599000010,ali.alsubaie10@example.com,Abha,B035,2025-07-15,Silver,1
C00011,Ahmed Alyami,0599000011,ahmed.alyami11@example.com,Taif,B020,2026-03-29,Classic,1
C00012,Turki Alnaimi,0599000012,turki.alnaimi12@example.com,Riyadh,B007,2025-11-11,Gold,1
C00013,Lama Almalki,0599000013,lama.almalki13@example.com,Riyadh,B008,2024-06-02,Classic,1
C00014,Jawaher Alrashidi,0599000014,jawaher.alrashidi14@example.com,Khobar,B024,2025-11-22,Classic,0
C00015,Atheer Almalki,0599000015,atheer.almalki15@example.com,Dammam,B023,2025-09-15,Classic,1
C00016,Sultan Alqahtani,0599000016,sultan.alqahtani16@example.com,Riyadh,B004,2022-03-24,Silver,1
C00017,Ghada Alqahtani,0599000017,ghada.alqahtani17@example.com,Khobar,B024,2025-04-18,Classic,1
C00018,Faisal Aljohani,0599000018,faisal.aljohani18@example.com,Jeddah,B013,2025-06-18,Classic,0
C00019,Bandar Aljohani,0599000019,bandar.aljohani19@example.com,Riyadh,B002,2024-11-13,Classic,1
C00020,Haya Alenezi,0599000020,haya.alenezi20@example.com,Riyadh,B004,2024-01-19,Classic,1
C00021,Lama Alenezi,0599000021,lama.alenezi21@example.com,Jeddah,B022,2024-08-03,Gold,1
C00022,Ahmed Alsubaie,0599000022,ahmed.alsubaie22@example.com,Abha,B031,2024-10-20,Classic,0
C00023,Ziyad Alqahtani,0599000023,ziyad.alqahtani23@example.com,Jeddah,B022,2025-12-09,Platinum,1
C00024,Fahad Alsaeed,0599000024,fahad.alsaeed24@example.com,Jeddah,B013,2025-01-22,Classic,1
C00025,Shahad Alkhaldi,0599000025,shahad.alkhaldi25@example.com,Jeddah,B015,2023-12-17,Silver,1
C00026,Sara Alsubaie,0599000026,sara.alsubaie26@example.com,Dhahran,B030,2024-01-19,Classic,1
C00027,Saud Alkhaldi,0599000027,saud.alkhaldi27@example.com,Al Jouf,B039,2025-02-13,Classic,1
C00028,Dana Almutairi,0599000028,dana.almutairi28@example.com,Riyadh,B006,2021-09-23,Silver,0
C00029,Abdullah Aldawsari,0599000029,abdullah.aldawsari29@example.com,Khobar,B029,2021-07-10,Classic,1
C00030,Ziyad Alqahtani,0599000030,ziyad.alqahtani30@example.com,Riyadh,B004,2024-05-02,Silver,1
C00031,Maha Alotaibi,0599000031,maha.alotaibi31@example.com,Riyadh,B004,2025-04-18,Silver,1
C00032,Ali Alshehri,0599000032,ali.alshehri32@example.com,Tabuk,B040,2023-06-27,Classic,1
C00033,Majed Aldossary,0599000033,majed.aldossary33@example.com,Jeddah,B015,2023-10-19,Classic,0
C00034,Turki Alshammari,0599000034,turki.alshammari34@example.com,Abha,B035,2024-04-10,Gold,0
C00035,Haya Aldossary,0599000035,haya.aldossary35@example.com,Riyadh,B006,2023-11-28,Classic,1
C00036,Omar Alnaimi,0599000036,omar.alnaimi36@example.com,Riyadh,B012,2025-06-28,Silver,1
C00037,Nasser Alenezi,0599000037,nasser.alenezi37@example.com,Riyadh,B001,2026-01-09,Silver,1
C00038,Ahmed Albalawi,0599000038,ahmed.albalawi38@example.com,Al Ahsa,B026,2026-03-24,Classic,1
C00039,Jawaher Aldossary,0599000039,jawaher.aldossary39@example.com,Tabuk,B040,2023-04-09,Classic,1
C00040,Faisal Alkhaldi,0599000040,faisal.alkhaldi40@example.com,Tabuk,B040,2026-05-12,Classic,1
C00041,Ghada Alotaibi,0599000041,ghada.alotaibi41@example.com,Riyadh,B002,2025-11-29,Classic,1
C00042,Rakan Albalawi,0599000042,rakan.albalawi42@example.com,Khamis Mushait,B032,2021-02-06,Classic,1
C00043,Fahad Alshammari,0599000043,fahad.alshammari43@example.com,Madinah,B019,2023-12-27,Classic,1
C00044,Hessa Alanazi,0599000044,hessa.alanazi44@example.com,Dhahran,B030,2025-06-10,Classic,1
C00045,Khalid Alsubaie,0599000045,khalid.alsubaie45@example.com,Riyadh,B007,2023-07-18,Classic,1
C00046,Hessa Alqahtani,0599000046,hessa.alqahtani46@example.com,Qassim,B010,2022-06-06,Gold,0
C00047,Hessa Alenezi,0599000047,hessa.alenezi47@example.com,Riyadh,B012,2025-12-29,Classic,1
C00048,Mohammed Alamri,0599000048,mohammed.alamri48@example.com,Riyadh,B001,2026-05-25,Silver,0
C00049,Sultan Alsaeed,0599000049,sultan.alsaeed49@example.com,Jeddah,B017,2024-06-19,Platinum,1
C00050,Ahmed Aljohani,0599000050,ahmed.aljohani50@example.com,Riyadh,B012,2022-03-02,Classic,0
C00051,Faisal Alenezi,0599000051,faisal.alenezi51@example.com,Dhahran,B025,2021-09-30,Platinum,0
C00052,Nasser Alghamdi,0599000052,nasser.alghamdi52@example.com,Riyadh,B004,2021-07-03,Gold,1
C00053,Ali Alnaimi,0599000053,ali.alnaimi53@example.com,Riyadh,B002,2023-10-23,Platinum,0
C00054,Reem Alnaimi,0599000054,reem.alnaimi54@example.com,Al Kharj,B011,2025-02-17,Classic,1
C00055,Hind Aldawsari,0599000055,hind.aldawsari55@example.com,Najran,B034,2024-12-28,Silver,1
C00056,Turki Alyami,0599000056,turki.alyami56@example.com,Makkah,B018,2025-11-13,Platinum,1
C00057,Khalid Alshammari,0599000057,khalid.alshammari57@example.com,Jeddah,B021,2025-03-09,Gold,1
C00058,Lama Alzahrani,0599000058,lama.alzahrani58@example.com,Makkah,B018,2025-04-09,Silver,1
C00059,Reem Alsubaie,0599000059,reem.alsubaie59@example.com,Dhahran,B025,2025-05-22,Gold,1
C00060,Nasser Alkhaldi,0599000060,nasser.alkhaldi60@example.com,Jeddah,B022,2024-08-21,Silver,1
C00061,Abdullah Alshammari,0599000061,abdullah.alshammari61@example.com,Khobar,B024,2026-02-18,Silver,1
C00062,Atheer Alanazi,0599000062,atheer.alanazi62@example.com,Khamis Mushait,B036,2025-07-12,Classic,1
C00063,Sultan Albalawi,0599000063,sultan.albalawi63@example.com,Abha,B031,2021-12-16,Classic,1
C00064,Hind Alanazi,0599000064,hind.alanazi64@example.com,Taif,B020,2026-01-23,Classic,1
C00065,Amal Alsaeed,0599000065,amal.alsaeed65@example.com,Al Ahsa,B026,2022-08-21,Classic,1
C00066,Fahad Aldossary,0599000066,fahad.aldossary66@example.com,Jeddah,B017,2022-02-13,Classic,1
C00067,Hessa Alyami,0599000067,hessa.alyami67@example.com,Makkah,B018,2026-04-24,Classic,1
C00068,Reem Aldossary,0599000068,reem.aldossary68@example.com,Riyadh,B002,2025-10-15,Classic,1
C00069,Saud Alghamdi,0599000069,saud.alghamdi69@example.com,Riyadh,B004,2023-08-16,Classic,1
C00070,Majed Alshammari,0599000070,majed.alshammari70@example.com,Riyadh,B009,2023-05-02,Classic,0
C00071,Lama Alotaibi,0599000071,lama.alotaibi71@example.com,Jubail,B027,2025-12-08,Classic,1
C00072,Jawaher Alenezi,0599000072,jawaher.alenezi72@example.com,Qassim,B010,2026-02-02,Classic,0
C00073,Ziyad Alqahtani,0599000073,ziyad.alqahtani73@example.com,Jeddah,B021,2022-10-25,Silver,0
C00074,Yousef Alrashidi,0599000074,yousef.alrashidi74@example.com,Riyadh,B003,2022-04-18,Classic,1
C00075,Omar Alzahrani,0599000075,omar.alzahrani75@example.com,Khobar,B024,2025-01-04,Classic,0
C00076,Majed Alhajri,0599000076,majed.alhajri76@example.com,Al Ahsa,B026,2023-01-09,Platinum,
C00077,Amal Alqahtani,0599000077,amal.alqahtani77@example.com,Riyadh,B009,2021-01-15,Gold,1
C00078,Bandar Alharbi,0599000078,bandar.alharbi78@example.com,Taif,B020,2022-04-30,Classic,1
C00079,Reem Aldossary,0599000079,reem.aldossary79@example.com,Jeddah,B013,2024-07-24,Classic,1
C00080,Ahmed Alrashidi,0599000080,ahmed.alrashidi80@example.com,Al Jouf,B039,2026-02-10,Classic,1
C00081,Ahmed Alqahtani,0599000081,ahmed.alqahtani81@example.com,Tabuk,B040,2025-01-30,Classic,0
C00082,Ali Almalki,0599000082,ali.almalki82@example.com,Hail,B038,2026-04-09,Gold,0
C00083,Noura Aljohani,0599000083,noura.aljohani83@example.com,Al Kharj,B011,2025-02-14,Classic,1
C00084,Abdullah Alshammari,0599000084,abdullah.alshammari84@example.com,Jeddah,B016,2024-10-02,Silver,1
C00085,Rakan Alghamdi,0599000085,rakan.alghamdi85@example.com,Makkah,B018,2025-11-14,Silver,1
C00086,Majed Alyami,0599000086,majed.alyami86@example.com,Najran,B034,2022-01-19,Classic,1
C00087,Haya Aldossary,0599000087,haya.aldossary87@example.com,Tabuk,B040,2023-03-09,Silver,0
C00088,Rakan Aldawsari,0599000088,rakan.aldawsari88@example.com,Dammam,B023,2026-06-09,Classic,1
C00089,Mohammed Alsaeed,0599000089,mohammed.alsaeed89@example.com,Abha,B035,2024-08-13,Platinum,1
C00090,Fahad Alsaeed,0599000090,fahad.alsaeed90@example.com,Riyadh,B007,2021-12-09,Classic,1
C00091,Jawaher Alqahtani,0599000091,jawaher.alqahtani91@example.com,Dhahran,B030,2021-06-26,Classic,0
C00092,Hind Aldawsari,0599000092,hind.aldawsari92@example.com,Riyadh,B009,2024-08-14,Classic,1
C00093,Lulwa Almalki,0599000093,lulwa.almalki93@example.com,Qassim,B010,2025-12-02,Silver,1
C00094,Mohammed Alanazi,0599000094,mohammed.alanazi94@example.com,Tabuk,B037,2026-03-22,Gold,1
C00095,Atheer Aljohani,0599000095,atheer.aljohani95@example.com,Tabuk,B040,2024-07-09,Silver,1
C00096,Ali Almalki,0599000096,ali.almalki96@example.com,Riyadh,B004,2023-10-20,Platinum,1
C00097,Mohammed Alqahtani,0599000097,mohammed.alqahtani97@example.com,Riyadh,B007,2022-02-11,Silver,1
C00098,Mohammed Alsaeed,0599000098,mohammed.alsaeed98@example.com,Makkah,B018,2025-06-05,Silver,1
C00099,Ghada Alfaraj,0599000099,ghada.alfaraj99@example.com,Riyadh,B012,2025-04-13,Classic,1
C00100,Khalid Alghamdi,0599000100,khalid.alghamdi100@example.com,Riyadh,B001,2024-01-05,Classic,0
C00101,Jawaher Aljohani,0599000101,jawaher.aljohani101@example.com,Hail,B038,2024-01-31,Classic,1
C00102,Omar Alenezi,0599000102,omar.alenezi102@example.com,Taif,B020,2025-04-26,Silver,1
C00103,Ali Alqahtani,0599000103,ali.alqahtani103@example.com,Dammam,B028,2025-09-19,Silver,0
C00104,Omar Alqahtani,0599000104,omar.alqahtani104@example.com,Jeddah,B017,2022-06-23,Classic,1
C00105,Ghada Alshammari,0599000105,ghada.alshammari105@example.com,Riyadh,B008,2022-02-18,Classic,1
C00106,Dana Almutairi,0599000106,dana.almutairi106@example.com,Riyadh,B008,2021-07-16,Silver,1
C00107,Reem Alyami,0599000107,reem.alyami107@example.com,Jeddah,B013,2025-10-18,Classic,0
C00108,Fahad Alrashidi,0599000108,fahad.alrashidi108@example.com,Khobar,B029,2022-11-07,Classic,0
C00109,Noura Alzahrani,0599000109,noura.alzahrani109@example.com,Riyadh,B005,2024-03-04,Classic,0
C00110,Jawaher Alqahtani,0599000110,jawaher.alqahtani110@example.com,Najran,B034,2024-06-19,Silver,1
C00111,Reem Aldawsari,0599000111,reem.aldawsari111@example.com,Riyadh,B012,2025-03-19,Classic,1
C00112,Lama Almalki,0599000112,lama.almalki112@example.com,Riyadh,B006,2025-09-01,Classic,1
C00113,Lulwa Alqahtani,0599000113,lulwa.alqahtani113@example.com,Riyadh,B002,2026-02-22,Classic,1
C00114,Ali Alsubaie,0599000114,ali.alsubaie114@example.com,Riyadh,B003,2022-03-17,Classic,0
C00115,Dana Alkhaldi,0599000115,dana.alkhaldi115@example.com,Riyadh,B008,2025-03-19,Silver,1
C00116,Bandar Alhajri,0599000116,bandar.alhajri116@example.com,Dammam,B028,2025-05-21,Silver,1
C00117,Saud Almalki,0599000117,saud.almalki117@example.com,Khamis Mushait,B032,2023-09-22,Classic,0
C00118,Jawaher Alanazi,0599000118,jawaher.alanazi118@example.com,Khobar,B029,2025-11-22,Silver,1
C00119,Sultan Alsubaie,0599000119,sultan.alsubaie119@example.com,Al Kharj,B011,2026-02-02,Classic,0
C00120,Haya Alnaimi,0599000120,haya.alnaimi120@example.com,Riyadh,B012,2026-02-19,Classic,1
C00121,Omar Alharbi,0599000121,omar.alharbi121@example.com,Jeddah,B014,2024-10-18,Gold,1
C00122,Saud Alharbi,0599000122,saud.alharbi122@example.com,Riyadh,B005,2024-03-04,Silver,1
C00123,Ziyad Alshehri,0599000123,ziyad.alshehri123@example.com,Jeddah,B021,2025-10-04,Classic,0
C00124,Reem Alsubaie,0599000124,reem.alsubaie124@example.com,Riyadh,B006,2022-08-01,Silver,1
C00125,Haya Alkhaldi,0599000125,haya.alkhaldi125@example.com,Jeddah,B021,2022-11-27,Classic,0
C00126,Rawan Alamri,0599000126,rawan.alamri126@example.com,Jazan,B033,2026-03-12,Silver,1
C00127,Jawaher Alenezi,0599000127,jawaher.alenezi127@example.com,Najran,B034,2024-05-16,Classic,1
C00128,Haya Alrashidi,0599000128,haya.alrashidi128@example.com,Jazan,B033,2023-04-11,Classic,0
C00129,Reem Almutairi,0599000129,reem.almutairi129@example.com,Taif,B020,2025-03-07,Classic,1
C00130,Majed Alanazi,0599000130,majed.alanazi130@example.com,Taif,B020,2021-06-20,Gold,1
C00131,Saud Alhajri,0599000131,saud.alhajri131@example.com,Riyadh,B001,2022-10-08,Classic,0
C00132,Maha Alsaeed,0599000132,maha.alsaeed132@example.com,Riyadh,B012,2024-05-23,Classic,1
C00133,Lama Alharbi,0599000133,lama.alharbi133@example.com,Abha,B031,2021-12-25,Gold,1
C00134,Sultan Alsaeed,0599000134,sultan.alsaeed134@example.com,Madinah,B019,2023-09-15,Silver,0
C00135,Sara Alshehri,0599000135,sara.alshehri135@example.com,Riyadh,B009,2023-03-04,Classic,1
C00136,Dana Alharbi,0599000136,dana.alharbi136@example.com,Riyadh,B007,2024-11-20,Classic,1
C00137,Jawaher Aldossary,0599000137,jawaher.aldossary137@example.com,Riyadh,B007,2025-10-13,Silver,1
C00138,Haya Alfaraj,0599000138,haya.alfaraj138@example.com,Jeddah,B013,2025-10-21,Classic,1
C00139,Maha Alanazi,0599000139,maha.alanazi139@example.com,Jubail,B027,2021-04-02,Silver,0
C00140,Atheer Alkhaldi,0599000140,atheer.alkhaldi140@example.com,Riyadh,B007,2025-07-03,Classic,1
C00141,Ghada Alqahtani,0599000141,ghada.alqahtani141@example.com,Jubail,B027,2025-03-22,Classic,1
C00142,Khalid Alkhaldi,0599000142,khalid.alkhaldi142@example.com,Al Jouf,B039,2021-09-04,Gold,1
C00143,Rawan Alshammari,0599000143,rawan.alshammari143@example.com,Riyadh,B002,2026-05-12,Silver,1
C00144,Ghada Alzahrani,0599000144,ghada.alzahrani144@example.com,Riyadh,B001,2021-01-10,Silver,0
C00145,Ghada Alkhaldi,0599000145,ghada.alkhaldi145@example.com,Riyadh,B003,2023-11-29,Gold,0
C00146,Sara Alshehri,0599000146,sara.alshehri146@example.com,Khamis Mushait,B036,2023-10-18,Gold,0
C00147,Mohammed Alghamdi,0599000147,mohammed.alghamdi147@example.com,Jeddah,B014,2022-06-22,Classic,1
C00148,Mohammed Almutairi,0599000148,mohammed.almutairi148@example.com,Jeddah,B016,2021-12-23,Platinum,0
C00149,Ali Alharbi,0599000149,ali.alharbi149@example.com,Jeddah,B015,2025-08-10,Classic,1
C00150,Jawaher Alshammari,0599000150,jawaher.alshammari150@example.com,Al Ahsa,B026,2026-02-28,Classic,1
C00151,Yousef Alshehri,0599000151,yousef.alshehri151@example.com,Jeddah,B015,2025-11-04,Silver,
C00152,Lama Alamri,0599000152,lama.alamri152@example.com,Dammam,B028,2025-09-03,Silver,1
C00153,Majed Alanazi,0599000153,majed.alanazi153@example.com,Jubail,B027,2024-10-10,Classic,0
C00154,Yousef Alyami,0599000154,yousef.alyami154@example.com,Jubail,B027,2024-12-20,Classic,1
C00155,Omar Almalki,0599000155,omar.almalki155@example.com,Makkah,B018,2025-07-20,Gold,1
C00156,Hessa Alghamdi,0599000156,hessa.alghamdi156@example.com,Riyadh,B007,2023-05-22,Classic,1
C00157,Fahad Alqahtani,0599000157,fahad.alqahtani157@example.com,Riyadh,B003,2021-12-03,Platinum,1
C00158,Ahmed Almutairi,0599000158,ahmed.almutairi158@example.com,Makkah,B018,2026-04-25,Classic,
C00159,Hessa Alharbi,0599000159,hessa.alharbi159@example.com,Dammam,B023,2025-12-31,Classic,1
C00160,Saud Alharbi,0599000160,saud.alharbi160@example.com,Riyadh,B009,2025-09-25,Classic,1
C00161,Mohammed Aldossary,0599000161,mohammed.aldossary161@example.com,Madinah,B019,2025-05-23,Silver,1
C00162,Saud Aldossary,0599000162,saud.aldossary162@example.com,Riyadh,B012,2024-07-21,Classic,0
C00163,Atheer Alyami,0599000163,atheer.alyami163@example.com,Jeddah,B015,2022-01-13,Classic,1
C00164,Ali Alshammari,0599000164,ali.alshammari164@example.com,Qassim,B010,2021-07-18,Platinum,1
C00165,Hessa Alghamdi,0599000165,hessa.alghamdi165@example.com,Qassim,B010,2021-07-10,Silver,1
C00166,Yousef Alenezi,0599000166,yousef.alenezi166@example.com,Al Kharj,B011,2026-03-21,Silver,0
C00167,Turki Alyami,0599000167,turki.alyami167@example.com,Al Kharj,B011,2021-09-29,Classic,0
C00168,Ahmed Alnaimi,0599000168,ahmed.alnaimi168@example.com,Al Kharj,B011,2022-12-19,Gold,0
C00169,Hessa Alsaeed,0599000169,hessa.alsaeed169@example.com,Jeddah,B021,2025-08-25,Classic,0
C00170,Omar Alamri,0599000170,omar.alamri170@example.com,Riyadh,B003,2025-02-17,Silver,0
C00171,Lulwa Albalawi,0599000171,lulwa.albalawi171@example.com,Riyadh,B009,2023-08-02,Silver,0
C00172,Atheer Alnaimi,0599000172,atheer.alnaimi172@example.com,Jeddah,B017,2023-02-16,Classic,1
C00173,Rakan Alotaibi,0599000173,rakan.alotaibi173@example.com,Dhahran,B030,2021-05-11,Classic,0
C00174,Noura Alshammari,0599000174,noura.alshammari174@example.com,Jeddah,B016,2023-03-03,Classic,1
C00175,Mohammed Aljohani,0599000175,mohammed.aljohani175@example.com,Riyadh,B005,2025-10-20,Gold,1
C00176,Maha Alsaeed,0599000176,maha.alsaeed176@example.com,Riyadh,B005,2022-02-02,Classic,1
C00177,Bandar Alshammari,0599000177,bandar.alshammari177@example.com,Riyadh,B001,2023-12-27,Silver,0
C00178,Haya Alanazi,0599000178,haya.alanazi178@example.com,Tabuk,B040,2023-04-26,Classic,1
C00179,Ali Alzahrani,0599000179,ali.alzahrani179@example.com,Abha,B035,2024-03-29,Classic,1
C00180,Sultan Alzahrani,0599000180,sultan.alzahrani180@example.com,Al Kharj,B011,2021-10-19,Platinum,1
C00181,Saud Alnaimi,0599000181,saud.alnaimi181@example.com,Al Kharj,B011,2024-01-21,Silver,1
C00182,Majed Aldawsari,0599000182,majed.aldawsari182@example.com,Dammam,B028,2024-12-01,Classic,0
C00183,Fahad Almalki,0599000183,fahad.almalki183@example.com,Makkah,B018,2024-10-21,Classic,1
C00184,Ghada Alzahrani,0599000184,ghada.alzahrani184@example.com,Riyadh,B012,2021-07-21,Silver,1
C00185,Shahad Alghamdi,0599000185,shahad.alghamdi185@example.com,Riyadh,B001,2026-06-08,Silver,1
C00186,Saud Alzahrani,0599000186,saud.alzahrani186@example.com,Hail,B038,2025-12-24,Silver,1
C00187,Dana Alamri,0599000187,dana.alamri187@example.com,Tabuk,B040,2025-02-13,Classic,1
C00188,Haya Almalki,0599000188,haya.almalki188@example.com,Khobar,B029,2026-06-06,Classic,1
C00189,Rawan Alsubaie,0599000189,rawan.alsubaie189@example.com,Riyadh,B006,2024-05-27,Silver,0
C00190,Sultan Almutairi,0599000190,sultan.almutairi190@example.com,Jeddah,B013,2025-09-07,Gold,0
C00191,Mohammed Alenezi,0599000191,mohammed.alenezi191@example.com,Khobar,B029,2025-10-19,Classic,1
C00192,Haya Aljohani,0599000192,haya.aljohani192@example.com,Najran,B034,2022-12-17,Gold,
C00193,Dana Alfaraj,0599000193,dana.alfaraj193@example.com,Abha,B035,2024-07-16,Classic,1
C00194,Sara Alhajri,0599000194,sara.alhajri194@example.com,Jubail,B027,2023-04-15,Silver,1
C00195,Sultan Almalki,0599000195,sultan.almalki195@example.com,Khamis Mushait,B032,2021-11-17,Silver,1
C00196,Maha Alrashidi,0599000196,maha.alrashidi196@example.com,Najran,B034,2021-03-20,Classic,1
C00197,Sultan Alnaimi,0599000197,sultan.alnaimi197@example.com,Jeddah,B021,2022-11-24,Silver,1
C00198,Omar Almutairi,0599000198,omar.almutairi198@example.com,Jubail,B027,2024-10-22,Gold,1
C00199,Khalid Alkhaldi,0599000199,khalid.alkhaldi199@example.com,Khamis Mushait,B036,2023-10-26,Classic,1
C00200,Omar Alshehri,0599000200,omar.alshehri200@example.com,Taif,B020,2023-10-28,Classic,1
C00201,Majed Alsubaie,0599000201,majed.alsubaie201@example.com,Khobar,B024,2025-02-22,Silver,1
C00202,Nasser Alotaibi,0599000202,nasser.alotaibi202@example.com,Khamis Mushait,B032,2025-02-01,Classic,1
C00203,Amal Alamri,0599000203,amal.alamri203@example.com,Riyadh,B009,2025-12-03,Platinum,1
C00204,Saud Alotaibi,0599000204,saud.alotaibi204@example.com,Jeddah,B015,2026-06-07,Gold,1
C00205,Fahad Alotaibi,0599000205,fahad.alotaibi205@example.com,Riyadh,B005,2021-09-03,Silver,1
C00206,Omar Alsubaie,0599000206,omar.alsubaie206@example.com,Riyadh,B012,2021-10-30,Silver,1
C00207,Fahad Alyami,0599000207,fahad.alyami207@example.com,Riyadh,B002,2025-08-10,Silver,1
C00208,Sara Aldossary,0599000208,sara.aldossary208@example.com,Taif,B020,2022-01-04,Silver,1
C00209,Rawan Alyami,0599000209,rawan.alyami209@example.com,Khobar,B024,2021-09-16,Silver,1
C00210,Jawaher Alanazi,0599000210,jawaher.alanazi210@example.com,Riyadh,B012,2024-07-22,Gold,1
C00211,Lulwa Alnaimi,0599000211,lulwa.alnaimi211@example.com,Al Kharj,B011,2025-02-27,Classic,1
C00212,Fahad Alsaeed,0599000212,fahad.alsaeed212@example.com,Tabuk,B037,2026-05-09,Classic,1
C00213,Jawaher Alanazi,0599000213,jawaher.alanazi213@example.com,Dhahran,B030,2025-06-21,Classic,0
C00214,Fahad Alenezi,0599000214,fahad.alenezi214@example.com,Riyadh,B002,2022-10-17,Classic,1
C00215,Atheer Almalki,0599000215,atheer.almalki215@example.com,Jazan,B033,2025-08-07,Classic,0
C00216,Majed Alsaeed,0599000216,majed.alsaeed216@example.com,Tabuk,B040,2026-01-29,Gold,1
C00217,Abdullah Alanazi,0599000217,abdullah.alanazi217@example.com,Riyadh,B008,2026-03-03,Classic,0
C00218,Rawan Alhajri,0599000218,rawan.alhajri218@example.com,Khamis Mushait,B032,2026-01-29,Silver,1
C00219,Khalid Alyami,0599000219,khalid.alyami219@example.com,Khobar,B024,2021-10-24,Gold,1
C00220,Abdullah Alkhaldi,0599000220,abdullah.alkhaldi220@example.com,Dhahran,B025,2023-09-07,Silver,0
C00221,Mohammed Alshehri,0599000221,mohammed.alshehri221@example.com,Dammam,B023,2026-05-21,Classic,0
C00222,Jawaher Alanazi,0599000222,jawaher.alanazi222@example.com,Riyadh,B009,2023-11-08,Classic,1
C00223,Omar Almutairi,0599000223,omar.almutairi223@example.com,Jeddah,B013,2023-12-13,Classic,0
C00224,Hind Alsaeed,0599000224,hind.alsaeed224@example.com,Riyadh,B003,2026-05-31,Classic,0
C00225,Hessa Alharbi,0599000225,hessa.alharbi225@example.com,Abha,B031,2024-08-30,Gold,1
C00226,Ghada Alrashidi,0599000226,ghada.alrashidi226@example.com,Riyadh,B009,2022-03-22,Silver,1
C00227,Dana Alshammari,0599000227,dana.alshammari227@example.com,Jeddah,B021,2025-01-06,Classic,1
C00228,Shahad Alharbi,0599000228,shahad.alharbi228@example.com,Jeddah,B021,2025-07-14,Classic,1
C00229,Majed Alnaimi,0599000229,majed.alnaimi229@example.com,Abha,B035,2022-05-03,Classic,1
C00230,Mohammed Albalawi,0599000230,mohammed.albalawi230@example.com,Tabuk,B037,2025-02-10,Classic,1
C00231,Mona Alsaeed,0599000231,mona.alsaeed231@example.com,Tabuk,B037,2022-09-27,Classic,0
C00232,Noura Albalawi,0599000232,noura.albalawi232@example.com,Jubail,B027,2025-06-23,Platinum,1
C00233,Fahad Alamri,0599000233,fahad.alamri233@example.com,Jeddah,B015,2022-07-03,Classic,1
C00234,Amal Aljohani,0599000234,amal.aljohani234@example.com,Riyadh,B012,2025-01-15,Classic,1
C00235,Reem Alsubaie,0599000235,reem.alsubaie235@example.com,Dammam,B023,2025-04-24,Classic,1
C00236,Nasser Alrashidi,0599000236,nasser.alrashidi236@example.com,Jubail,B027,2022-08-08,Classic,0
C00237,Ziyad Aldossary,0599000237,ziyad.aldossary237@example.com,Tabuk,B040,2023-09-15,Classic,1
C00238,Rakan Aljohani,0599000238,rakan.aljohani238@example.com,Dhahran,B025,2022-06-22,Silver,1
C00239,Ghada Almalki,0599000239,ghada.almalki239@example.com,Tabuk,B040,2022-01-05,Classic,1
C00240,Ali Alkhaldi,0599000240,ali.alkhaldi240@example.com,Qassim,B010,2023-11-24,Classic,0
C00241,Khalid Alhajri,0599000241,khalid.alhajri241@example.com,Makkah,B018,2026-06-06,Platinum,0
C00242,Sultan Almalki,0599000242,sultan.almalki242@example.com,Dhahran,B025,2021-09-01,Classic,1
C00243,Omar Alharbi,0599000243,omar.alharbi243@example.com,Riyadh,B007,2026-01-03,Gold,
C00244,Mona Alrashidi,0599000244,mona.alrashidi244@example.com,Al Kharj,B011,2026-02-09,Classic,
C00245,Dana Almalki,0599000245,dana.almalki245@example.com,Riyadh,B008,2024-06-07,Silver,1
C00246,Bandar Alnaimi,0599000246,bandar.alnaimi246@example.com,Jubail,B027,2025-01-13,Platinum,0
C00247,Yousef Alyami,0599000247,yousef.alyami247@example.com,Riyadh,B008,2025-08-15,Classic,1
C00248,Reem Alghamdi,0599000248,reem.alghamdi248@example.com,Taif,B020,2025-03-17,Silver,0
C00249,Atheer Alsubaie,0599000249,atheer.alsubaie249@example.com,Jeddah,B013,2021-05-07,Classic,
C00250,Khalid Alfaraj,0599000250,khalid.alfaraj250@example.com,Abha,B031,2026-01-12,Classic,1
C00251,Lulwa Alharbi,0599000251,lulwa.alharbi251@example.com,Jeddah,B015,2023-09-07,Silver,1
C00252,Bandar Alzahrani,0599000252,bandar.alzahrani252@example.com,Khobar,B024,2024-01-12,Gold,1
C00253,Hind Alsubaie,0599000253,hind.alsubaie253@example.com,Jeddah,B016,2023-05-10,Classic,1
C00254,Majed Alghamdi,0599000254,majed.alghamdi254@example.com,Qassim,B010,2025-08-26,Gold,1
C00255,Ziyad Alzahrani,0599000255,ziyad.alzahrani255@example.com,Jeddah,B016,2025-04-02,Classic,1
C00256,Mohammed Almalki,0599000256,mohammed.almalki256@example.com,Tabuk,B040,2025-08-11,Silver,1
C00257,Saud Alhajri,0599000257,saud.alhajri257@example.com,Khobar,B024,2025-05-16,Silver,1
C00258,Ziyad Aljohani,0599000258,ziyad.aljohani258@example.com,Riyadh,B008,2022-07-10,Classic,0
C00259,Atheer Alsubaie,0599000259,atheer.alsubaie259@example.com,Jeddah,B022,2023-01-31,Classic,1
C00260,Turki Alfaraj,0599000260,turki.alfaraj260@example.com,Dammam,B028,2024-10-17,Classic,0
C00261,Maha Alghamdi,0599000261,maha.alghamdi261@example.com,Riyadh,B004,2025-06-28,Silver,0
C00262,Rawan Alsaeed,0599000262,rawan.alsaeed262@example.com,Riyadh,B005,2021-11-06,Classic,1
C00263,Majed Aldawsari,0599000263,majed.aldawsari263@example.com,Jeddah,B016,2023-01-12,Silver,1
C00264,Amal Aldossary,0599000264,amal.aldossary264@example.com,Riyadh,B004,2025-02-28,Classic,1
C00265,Bandar Alghamdi,0599000265,bandar.alghamdi265@example.com,Riyadh,B005,2022-01-26,Classic,
C00266,Jawaher Alanazi,0599000266,jawaher.alanazi266@example.com,Jeddah,B016,2026-03-09,Gold,1
C00267,Hind Alsaeed,0599000267,hind.alsaeed267@example.com,Riyadh,B009,2023-09-06,Gold,1
C00268,Nasser Alnaimi,0599000268,nasser.alnaimi268@example.com,Riyadh,B006,2025-03-05,Silver,1
C00269,Mohammed Almutairi,0599000269,mohammed.almutairi269@example.com,Dammam,B028,2022-08-19,Classic,1
C00270,Reem Alrashidi,0599000270,reem.alrashidi270@example.com,Riyadh,B005,2022-05-06,Classic,1
C00271,Abdullah Alshehri,0599000271,abdullah.alshehri271@example.com,Abha,B031,2024-02-26,Gold,0
C00272,Turki Aldossary,0599000272,turki.aldossary272@example.com,Abha,B031,2021-03-31,Classic,0
C00273,Hessa Alghamdi,0599000273,hessa.alghamdi273@example.com,Al Kharj,B011,2022-04-04,Platinum,1
C00274,Rawan Alsubaie,0599000274,rawan.alsubaie274@example.com,Riyadh,B003,2025-07-07,Silver,0
C00275,Majed Alkhaldi,0599000275,majed.alkhaldi275@example.com,Riyadh,B004,2021-09-24,Classic,1
C00276,Rawan Alsaeed,0599000276,rawan.alsaeed276@example.com,Jeddah,B016,2026-05-19,Platinum,1
C00277,Khalid Almutairi,0599000277,khalid.almutairi277@example.com,Qassim,B010,2022-05-30,Platinum,0
C00278,Ali Almalki,0599000278,ali.almalki278@example.com,Jeddah,B013,2022-05-29,Silver,1
C00279,Sultan Alkhaldi,0599000279,sultan.alkhaldi279@example.com,Jeddah,B022,2022-06-16,Classic,0
C00280,Hind Alnaimi,0599000280,hind.alnaimi280@example.com,Riyadh,B007,2022-09-18,Classic,0
C00281,Amal Alsubaie,0599000281,amal.alsubaie281@example.com,Khamis Mushait,B032,2026-01-23,Classic,0
C00282,Atheer Alghamdi,0599000282,atheer.alghamdi282@example.com,Riyadh,B006,2021-06-17,Classic,1
C00283,Omar Alrashidi,0599000283,omar.alrashidi283@example.com,Riyadh,B008,2025-12-06,Classic,1
C00284,Haya Almutairi,0599000284,haya.almutairi284@example.com,Dhahran,B025,2025-07-02,Classic,1
C00285,Turki Aldossary,0599000285,turki.aldossary285@example.com,Madinah,B019,2025-03-31,Classic,1
C00286,Fahad Alzahrani,0599000286,fahad.alzahrani286@example.com,Abha,B031,2022-06-02,Classic,1
C00287,Ziyad Alnaimi,0599000287,ziyad.alnaimi287@example.com,Jeddah,B021,2026-02-15,Classic,1
C00288,Lulwa Alghamdi,0599000288,lulwa.alghamdi288@example.com,Riyadh,B001,2023-11-24,Classic,0
C00289,Nasser Alkhaldi,0599000289,nasser.alkhaldi289@example.com,Riyadh,B005,2021-04-22,Classic,1
C00290,Haya Alfaraj,0599000290,haya.alfaraj290@example.com,Riyadh,B005,2022-09-30,Classic,1
C00291,Abdullah Alghamdi,0599000291,abdullah.alghamdi291@example.com,Jeddah,B022,2021-08-01,Classic,0
C00292,Abdullah Alanazi,0599000292,abdullah.alanazi292@example.com,Jeddah,B015,2021-06-07,Classic,1
C00293,Haya Aljohani,0599000293,haya.aljohani293@example.com,Al Kharj,B011,2025-12-23,Silver,
C00294,Noura Alkhaldi,0599000294,noura.alkhaldi294@example.com,Riyadh,B001,2022-01-01,Classic,
C00295,Saud Alhajri,0599000295,saud.alhajri295@example.com,Riyadh,B008,2025-08-11,Classic,1
C00296,Ziyad Alqahtani,0599000296,ziyad.alqahtani296@example.com,Jubail,B027,2021-05-03,Gold,0
C00297,Ahmed Albalawi,0599000297,ahmed.albalawi297@example.com,Al Jouf,B039,2021-03-25,Platinum,1
C00298,Khalid Alqahtani,0599000298,khalid.alqahtani298@example.com,Qassim,B010,2022-05-21,Silver,1
C00299,Amal Alqahtani,0599000299,amal.alqahtani299@example.com,Jubail,B027,2021-02-21,Classic,
C00300,Hind Aldossary,0599000300,hind.aldossary300@example.com,Jubail,B027,2021-02-22,Silver,0
C00301,Shahad Alanazi,0599000301,shahad.alanazi301@example.com,Makkah,B018,2024-09-11,Classic,0
C00302,Faisal Aljohani,0599000302,faisal.aljohani302@example.com,Jeddah,B015,2025-10-08,Classic,
C00303,Yousef Alsaeed,0599000303,yousef.alsaeed303@example.com,Riyadh,B002,2024-09-27,Classic,1
C00304,Rakan Alfaraj,0599000304,rakan.alfaraj304@example.com,Riyadh,B002,2021-12-27,Classic,1
C00305,Ali Alshammari,0599000305,ali.alshammari305@example.com,Jubail,B027,2026-04-11,Platinum,0
C00306,Majed Alfaraj,0599000306,majed.alfaraj306@example.com,Najran,B034,2022-08-09,Classic,1
C00307,Majed Albalawi,0599000307,majed.albalawi307@example.com,Khobar,B029,2026-04-04,Classic,0
C00308,Amal Albalawi,0599000308,amal.albalawi308@example.com,Riyadh,B008,2026-03-03,Classic,1
C00309,Bandar Almalki,0599000309,bandar.almalki309@example.com,Makkah,B018,2025-07-23,Gold,1
C00310,Khalid Alotaibi,0599000310,khalid.alotaibi310@example.com,Abha,B035,2024-02-18,Classic,0
C00311,Mohammed Alsaeed,0599000311,mohammed.alsaeed311@example.com,Khobar,B024,2025-10-18,Classic,1
C00312,Abdullah Alotaibi,0599000312,abdullah.alotaibi312@example.com,Qassim,B010,2021-11-16,Classic,1
C00313,Sara Alrashidi,0599000313,sara.alrashidi313@example.com,Madinah,B019,2026-05-27,Classic,0
C00314,Nasser Alanazi,0599000314,nasser.alanazi314@example.com,Jeddah,B015,2026-05-22,Classic,1
C00315,Noura Alrashidi,0599000315,noura.alrashidi315@example.com,Khamis Mushait,B032,2025-05-02,Classic,1
C00316,Ghada Alamri,0599000316,ghada.alamri316@example.com,Jeddah,B014,2021-06-11,Classic,1
C00317,Mohammed Alnaimi,0599000317,mohammed.alnaimi317@example.com,Khobar,B029,2026-01-15,Classic,0
C00318,Ghada Almalki,0599000318,ghada.almalki318@example.com,Taif,B020,2024-11-09,Classic,
C00319,Maha Alfaraj,0599000319,maha.alfaraj319@example.com,Tabuk,B037,2021-06-04,Gold,1
C00320,Abdullah Alqahtani,0599000320,abdullah.alqahtani320@example.com,Khobar,B029,2022-08-11,Classic,1
C00321,Hind Alzahrani,0599000321,hind.alzahrani321@example.com,Riyadh,B009,2021-07-03,Classic,1
C00322,Ghada Alshehri,0599000322,ghada.alshehri322@example.com,Al Ahsa,B026,2022-11-06,Classic,1
C00323,Hessa Alotaibi,0599000323,hessa.alotaibi323@example.com,Al Kharj,B011,2024-09-22,Platinum,1
C00324,Majed Alotaibi,0599000324,majed.alotaibi324@example.com,Jazan,B033,2021-06-25,Gold,1
C00325,Lama Aldawsari,0599000325,lama.aldawsari325@example.com,Riyadh,B006,2026-04-11,Silver,0
C00326,Nasser Alshehri,0599000326,nasser.alshehri326@example.com,Riyadh,B007,2022-07-10,Gold,0
C00327,Atheer Alnaimi,0599000327,atheer.alnaimi327@example.com,Jeddah,B016,2021-01-18,Classic,1
C00328,Ziyad Alqahtani,0599000328,ziyad.alqahtani328@example.com,Jazan,B033,2022-08-31,Classic,1
C00329,Nasser Alenezi,0599000329,nasser.alenezi329@example.com,Riyadh,B007,2022-04-02,Classic,0
C00330,Dana Alshehri,0599000330,dana.alshehri330@example.com,Riyadh,B008,2025-05-23,Classic,1
C00331,Hessa Alshehri,0599000331,hessa.alshehri331@example.com,Khobar,B029,2021-10-23,Classic,1
C00332,Sultan Alamri,0599000332,sultan.alamri332@example.com,Abha,B035,2023-01-12,Platinum,0
C00333,Sara Alanazi,0599000333,sara.alanazi333@example.com,Madinah,B019,2026-03-28,Classic,1
C00334,Turki Aldossary,0599000334,turki.aldossary334@example.com,Riyadh,B008,2024-04-02,Classic,1
C00335,Yousef Alharbi,0599000335,yousef.alharbi335@example.com,Jeddah,B021,2026-01-02,Classic,1
C00336,Ahmed Aljohani,0599000336,ahmed.aljohani336@example.com,Jeddah,B017,2021-03-19,Classic,1
C00337,Yousef Alzahrani,0599000337,yousef.alzahrani337@example.com,Makkah,B018,2024-07-16,Gold,0
C00338,Majed Almalki,0599000338,majed.almalki338@example.com,Al Kharj,B011,2022-10-10,Classic,0
C00339,Yousef Almutairi,0599000339,yousef.almutairi339@example.com,Tabuk,B040,2025-07-22,Gold,0
C00340,Dana Alnaimi,0599000340,dana.alnaimi340@example.com,Al Jouf,B039,2026-02-06,Silver,1
C00341,Amal Alsaeed,0599000341,amal.alsaeed341@example.com,Al Ahsa,B026,2021-05-15,Classic,1
C00342,Ahmed Alharbi,0599000342,ahmed.alharbi342@example.com,Khobar,B024,2025-07-02,Classic,1
C00343,Sara Alrashidi,0599000343,sara.alrashidi343@example.com,Jeddah,B017,2023-06-09,Silver,1
C00344,Fahad Almutairi,0599000344,fahad.almutairi344@example.com,Riyadh,B007,2026-02-14,Silver,1
C00345,Bandar Alqahtani,0599000345,bandar.alqahtani345@example.com,Tabuk,B037,2025-08-07,Classic,1
C00346,Ali Almutairi,0599000346,ali.almutairi346@example.com,Makkah,B018,2022-03-15,Silver,1
C00347,Hind Alsaeed,0599000347,hind.alsaeed347@example.com,Jeddah,B014,2021-08-05,Silver,1
C00348,Jawaher Alsubaie,0599000348,jawaher.alsubaie348@example.com,Jeddah,B014,2022-07-17,Classic,1
C00349,Fahad Alghamdi,0599000349,fahad.alghamdi349@example.com,Riyadh,B008,2025-06-20,Gold,1
C00350,Rawan Alsubaie,0599000350,rawan.alsubaie350@example.com,Riyadh,B012,2023-11-23,Classic,1
C00351,Fahad Almalki,0599000351,fahad.almalki351@example.com,Najran,B034,2024-01-02,Classic,1
C00352,Dana Alzahrani,0599000352,dana.alzahrani352@example.com,Khobar,B029,2024-01-23,Classic,0
C00353,Dana Alhajri,0599000353,dana.alhajri353@example.com,Riyadh,B008,2025-12-19,Classic,1
C00354,Dana Alkhaldi,0599000354,dana.alkhaldi354@example.com,Al Kharj,B011,2026-01-20,Classic,0
C00355,Atheer Alfaraj,0599000355,atheer.alfaraj355@example.com,Riyadh,B012,2021-11-18,Gold,1
C00356,Mohammed Aldossary,0599000356,mohammed.aldossary356@example.com,Jeddah,B013,2021-09-28,Classic,1
C00357,Sultan Alsaeed,0599000357,sultan.alsaeed357@example.com,Jeddah,B017,2023-09-30,Silver,1
C00358,Rakan Alotaibi,0599000358,rakan.alotaibi358@example.com,Taif,B020,2021-10-01,Classic,0
C00359,Shahad Alfaraj,0599000359,shahad.alfaraj359@example.com,Riyadh,B007,2023-02-08,Silver,1
C00360,Turki Alzahrani,0599000360,turki.alzahrani360@example.com,Khobar,B029,2025-04-15,Platinum,1
C00361,Lama Alanazi,0599000361,lama.alanazi361@example.com,Al Kharj,B011,2025-02-27,Classic,0
C00362,Shahad Alotaibi,0599000362,shahad.alotaibi362@example.com,Khobar,B029,2024-01-05,Gold,1
C00363,Majed Alshehri,0599000363,majed.alshehri363@example.com,Abha,B035,2021-10-16,Silver,1
C00364,Rawan Alyami,0599000364,rawan.alyami364@example.com,Riyadh,B001,2023-08-12,Classic,1
C00365,Lulwa Almutairi,0599000365,lulwa.almutairi365@example.com,Dhahran,B030,2023-01-10,Silver,1
C00366,Hessa Alzahrani,0599000366,hessa.alzahrani366@example.com,Riyadh,B005,2025-09-03,Classic,0
C00367,Maha Aldossary,0599000367,maha.aldossary367@example.com,Najran,B034,2022-05-29,Classic,1
C00368,Ali Aldossary,0599000368,ali.aldossary368@example.com,Abha,B035,2021-04-16,Silver,1
C00369,Dana Alshammari,0599000369,dana.alshammari369@example.com,Al Ahsa,B026,2026-01-06,Classic,1
C00370,Fahad Albalawi,0599000370,fahad.albalawi370@example.com,Riyadh,B005,2026-04-25,Classic,1
C00371,Reem Aldawsari,0599000371,reem.aldawsari371@example.com,Jeddah,B022,2025-08-20,Silver,1
C00372,Omar Alharbi,0599000372,omar.alharbi372@example.com,Dhahran,B030,2025-11-02,Classic,1
C00373,Lama Aldossary,0599000373,lama.aldossary373@example.com,Al Ahsa,B026,2021-08-30,Platinum,1
C00374,Bandar Alamri,0599000374,bandar.alamri374@example.com,Riyadh,B004,2021-06-27,Classic,0
C00375,Rakan Alsaeed,0599000375,rakan.alsaeed375@example.com,Jeddah,B022,2024-06-05,Silver,1
C00376,Saud Alhajri,0599000376,saud.alhajri376@example.com,Hail,B038,2023-06-22,Silver,0
C00377,Faisal Alkhaldi,0599000377,faisal.alkhaldi377@example.com,Dammam,B023,2023-09-01,Classic,1
C00378,Reem Alkhaldi,0599000378,reem.alkhaldi378@example.com,Riyadh,B004,2021-02-28,Classic,1
C00379,Hind Alrashidi,0599000379,hind.alrashidi379@example.com,Taif,B020,2023-10-13,Classic,1
C00380,Ahmed Alharbi,0599000380,ahmed.alharbi380@example.com,Tabuk,B037,2022-03-02,Gold,1
C00381,Nasser Alsubaie,0599000381,nasser.alsubaie381@example.com,Riyadh,B002,2021-08-16,Classic,1
C00382,Hessa Almalki,0599000382,hessa.almalki382@example.com,Riyadh,B008,2022-08-07,Classic,0
C00383,Ali Almutairi,0599000383,ali.almutairi383@example.com,Madinah,B019,2026-05-10,Platinum,1
C00384,Ahmed Alfaraj,0599000384,ahmed.alfaraj384@example.com,Jeddah,B015,2023-04-13,Platinum,1
C00385,Yousef Albalawi,0599000385,yousef.albalawi385@example.com,Riyadh,B008,2023-09-16,Silver,0
C00386,Mona Alamri,0599000386,mona.alamri386@example.com,Makkah,B018,2023-04-12,Silver,1
C00387,Lulwa Aldossary,0599000387,lulwa.aldossary387@example.com,Jeddah,B016,2022-05-12,Platinum,1
C00388,Shahad Alrashidi,0599000388,shahad.alrashidi388@example.com,Riyadh,B009,2025-09-23,Classic,1
C00389,Rakan Alrashidi,0599000389,rakan.alrashidi389@example.com,Riyadh,B009,2023-04-01,Classic,1
C00390,Maha Alghamdi,0599000390,maha.alghamdi390@example.com,Riyadh,B001,2024-02-04,Classic,0
C00391,Sultan Alharbi,0599000391,sultan.alharbi391@example.com,Jeddah,B013,2024-10-16,Classic,1
C00392,Jawaher Alqahtani,0599000392,jawaher.alqahtani392@example.com,Riyadh,B008,2025-05-29,Classic,1
C00393,Yousef Aldossary,0599000393,yousef.aldossary393@example.com,Khobar,B029,2022-11-13,Classic,1
C00394,Sara Alharbi,0599000394,sara.alharbi394@example.com,Riyadh,B004,2025-02-11,Classic,1
C00395,Ziyad Aldossary,0599000395,ziyad.aldossary395@example.com,Jeddah,B017,2024-10-11,Classic,1
C00396,Noura Alotaibi,0599000396,noura.alotaibi396@example.com,Jeddah,B016,2023-03-07,Gold,1
C00397,Atheer Alnaimi,0599000397,atheer.alnaimi397@example.com,Riyadh,B012,2023-02-04,Classic,1
C00398,Khalid Alyami,0599000398,khalid.alyami398@example.com,Riyadh,B012,2024-07-11,Classic,1
C00399,Noura Alnaimi,0599000399,noura.alnaimi399@example.com,Riyadh,B008,2021-02-02,Gold,1
C00400,Hessa Alzahrani,0599000400,hessa.alzahrani400@example.com,Dammam,B028,2021-08-10,Classic,1
C00401,Mohammed Alghamdi,0599000401,mohammed.alghamdi401@example.com,Dhahran,B030,2021-08-16,Classic,1
C00402,Lama Almutairi,0599000402,lama.almutairi402@example.com,Hail,B038,2024-10-21,Silver,1
C00403,Saud Alanazi,0599000403,saud.alanazi403@example.com,Jeddah,B015,2022-09-15,Gold,1
C00404,Mohammed Almutairi,0599000404,mohammed.almutairi404@example.com,Dhahran,B025,2024-04-18,Gold,0
C00405,Noura Alkhaldi,0599000405,noura.alkhaldi405@example.com,Jeddah,B022,2024-01-15,Classic,1
C00406,Turki Alyami,0599000406,turki.alyami406@example.com,Riyadh,B006,2022-07-17,Gold,
C00407,Yousef Alnaimi,0599000407,yousef.alnaimi407@example.com,Jeddah,B016,2026-01-11,Classic,0
C00408,Atheer Almutairi,0599000408,atheer.almutairi408@example.com,Riyadh,B008,2021-09-18,Silver,1
C00409,Lulwa Alkhaldi,0599000409,lulwa.alkhaldi409@example.com,Khobar,B024,2025-08-05,Classic,1
C00410,Fahad Alshammari,0599000410,fahad.alshammari410@example.com,Dammam,B023,2026-04-15,Platinum,0
C00411,Ziyad Alenezi,0599000411,ziyad.alenezi411@example.com,Dhahran,B030,2023-01-10,Classic,0
C00412,Atheer Alzahrani,0599000412,atheer.alzahrani412@example.com,Taif,B020,2026-06-03,Classic,0
C00413,Shahad Alyami,0599000413,shahad.alyami413@example.com,Dhahran,B025,2024-01-10,Gold,1
C00414,Abdullah Alghamdi,0599000414,abdullah.alghamdi414@example.com,Al Kharj,B011,2024-05-16,Classic,1
C00415,Saud Alzahrani,0599000415,saud.alzahrani415@example.com,Riyadh,B006,2023-02-17,Classic,0
C00416,Sara Alnaimi,0599000416,sara.alnaimi416@example.com,Al Kharj,B011,2022-04-22,Classic,0
C00417,Atheer Alamri,0599000417,atheer.alamri417@example.com,Khamis Mushait,B032,2021-07-19,Classic,1
C00418,Haya Alnaimi,0599000418,haya.alnaimi418@example.com,Madinah,B019,2026-04-12,Gold,1
C00419,Rakan Alzahrani,0599000419,rakan.alzahrani419@example.com,Jubail,B027,2021-06-18,Classic,1
C00420,Hind Alanazi,0599000420,hind.alanazi420@example.com,Riyadh,B004,2021-06-13,Classic,0
C00421,Haya Alharbi,0599000421,haya.alharbi421@example.com,Jeddah,B022,2022-11-07,Gold,0
C00422,Ghada Alghamdi,0599000422,ghada.alghamdi422@example.com,Jeddah,B017,2023-09-28,Silver,0
C00423,Hind Alsaeed,0599000423,hind.alsaeed423@example.com,Riyadh,B002,2023-11-07,Classic,0
C00424,Nasser Alshehri,0599000424,nasser.alshehri424@example.com,Riyadh,B001,2022-01-19,Classic,1
C00425,Rakan Alqahtani,0599000425,rakan.alqahtani425@example.com,Riyadh,B005,2025-10-08,Silver,1
C00426,Bandar Alhajri,0599000426,bandar.alhajri426@example.com,Jeddah,B014,2025-10-27,Classic,1
C00427,Saud Almutairi,0599000427,saud.almutairi427@example.com,Makkah,B018,2023-02-21,Gold,0
C00428,Dana Alyami,0599000428,dana.alyami428@example.com,Jeddah,B021,2024-12-10,Classic,1
C00429,Khalid Aldossary,0599000429,khalid.aldossary429@example.com,Taif,B020,2025-12-04,Classic,0
C00430,Ziyad Aldossary,0599000430,ziyad.aldossary430@example.com,Riyadh,B009,2022-07-25,Classic,1
C00431,Mona Almalki,0599000431,mona.almalki431@example.com,Al Kharj,B011,2025-06-23,Silver,0
C00432,Mohammed Alghamdi,0599000432,mohammed.alghamdi432@example.com,Riyadh,B004,2023-12-17,Classic,1
C00433,Bandar Alharbi,0599000433,bandar.alharbi433@example.com,Khobar,B024,2024-02-25,Classic,1
C00434,Saud Alnaimi,0599000434,saud.alnaimi434@example.com,Jubail,B027,2025-02-25,Classic,0
C00435,Abdullah Alqahtani,0599000435,abdullah.alqahtani435@example.com,Jeddah,B016,2023-12-27,Gold,1
C00436,Lulwa Alenezi,0599000436,lulwa.alenezi436@example.com,Dammam,B028,2026-02-14,Silver,1
C00437,Haya Alqahtani,0599000437,haya.alqahtani437@example.com,Jeddah,B013,2021-06-04,Classic,1
C00438,Khalid Alnaimi,0599000438,khalid.alnaimi438@example.com,Dhahran,B030,2025-03-13,Platinum,1
C00439,Mohammed Albalawi,0599000439,mohammed.albalawi439@example.com,Al Ahsa,B026,2025-05-05,Silver,1
C00440,Ziyad Alsubaie,0599000440,ziyad.alsubaie440@example.com,Najran,B034,2021-07-31,Gold,1
C00441,Abdullah Alshehri,0599000441,abdullah.alshehri441@example.com,Al Ahsa,B026,2023-12-08,Classic,1
C00442,Mohammed Alharbi,0599000442,mohammed.alharbi442@example.com,Dhahran,B025,2023-06-22,Silver,1
C00443,Saud Alsubaie,0599000443,saud.alsubaie443@example.com,Riyadh,B002,2023-07-26,Classic,1
C00444,Turki Alsaeed,0599000444,turki.alsaeed444@example.com,Khobar,B029,2021-03-13,Classic,0
C00445,Turki Alhajri,0599000445,turki.alhajri445@example.com,Al Kharj,B011,2022-05-30,Silver,0
C00446,Khalid Almalki,0599000446,khalid.almalki446@example.com,Riyadh,B004,2025-08-13,Classic,1
C00447,Shahad Almutairi,0599000447,shahad.almutairi447@example.com,Riyadh,B009,2022-11-28,Silver,1
C00448,Bandar Alkhaldi,0599000448,bandar.alkhaldi448@example.com,Taif,B020,2025-09-08,Classic,0
C00449,Hind Alfaraj,0599000449,hind.alfaraj449@example.com,Jeddah,B021,2024-04-08,Platinum,1
C00450,Lama Alsaeed,0599000450,lama.alsaeed450@example.com,Al Jouf,B039,2024-01-14,Gold,
C00451,Noura Alkhaldi,0599000451,noura.alkhaldi451@example.com,Khamis Mushait,B032,2023-03-29,Silver,1
C00452,Reem Alshammari,0599000452,reem.alshammari452@example.com,Jeddah,B022,2022-05-17,Silver,1
C00453,Nasser Alshehri,0599000453,nasser.alshehri453@example.com,Al Jouf,B039,2022-09-20,Platinum,1
C00454,Faisal Alkhaldi,0599000454,faisal.alkhaldi454@example.com,Khobar,B024,2023-04-22,Classic,1
C00455,Bandar Alotaibi,0599000455,bandar.alotaibi455@example.com,Qassim,B010,2025-02-26,Classic,1
C00456,Haya Alkhaldi,0599000456,haya.alkhaldi456@example.com,Khobar,B029,2026-01-17,Silver,1
C00457,Mona Alfaraj,0599000457,mona.alfaraj457@example.com,Abha,B035,2023-07-30,Classic,1
C00458,Reem Almutairi,0599000458,reem.almutairi458@example.com,Dammam,B028,2021-09-01,Classic,
C00459,Ghada Aldossary,0599000459,ghada.aldossary459@example.com,Makkah,B018,2026-04-12,Silver,1
C00460,Shahad Alsubaie,0599000460,shahad.alsubaie460@example.com,Khobar,B029,2025-07-07,Silver,0
C00461,Hind Alsubaie,0599000461,hind.alsubaie461@example.com,Tabuk,B040,2025-07-29,Platinum,1
C00462,Nasser Alhajri,0599000462,nasser.alhajri462@example.com,Riyadh,B009,2023-11-16,Classic,0
C00463,Ali Aldawsari,0599000463,ali.aldawsari463@example.com,Riyadh,B007,2021-01-26,Silver,1
C00464,Ali Almalki,0599000464,ali.almalki464@example.com,Riyadh,B007,2026-05-24,Classic,1
C00465,Shahad Alsubaie,0599000465,shahad.alsubaie465@example.com,Dammam,B023,2022-07-01,Classic,1
C00466,Sara Alsaeed,0599000466,sara.alsaeed466@example.com,Jeddah,B015,2025-03-24,Classic,0
C00467,Lulwa Aldawsari,0599000467,lulwa.aldawsari467@example.com,Taif,B020,2025-05-21,Classic,1
C00468,Reem Alamri,0599000468,reem.alamri468@example.com,Jeddah,B015,2023-07-26,Silver,
C00469,Omar Alshammari,0599000469,omar.alshammari469@example.com,Dammam,B028,2026-03-17,Gold,1
C00470,Amal Alhajri,0599000470,amal.alhajri470@example.com,Riyadh,B004,2025-03-13,Gold,1
C00471,Noura Alhajri,0599000471,noura.alhajri471@example.com,Dammam,B028,2024-07-14,Classic,1
C00472,Yousef Alhajri,0599000472,yousef.alhajri472@example.com,Riyadh,B009,2021-06-30,Classic,1
C00473,Reem Aldawsari,0599000473,reem.aldawsari473@example.com,Jeddah,B021,2023-03-31,Silver,0
C00474,Faisal Alshammari,0599000474,faisal.alshammari474@example.com,Riyadh,B004,2026-05-04,Classic,1
C00475,Mona Alamri,0599000475,mona.alamri475@example.com,Riyadh,B008,2025-11-12,Gold,0
C00476,Dana Albalawi,0599000476,dana.albalawi476@example.com,Jeddah,B021,2022-09-02,Classic,1
C00477,Ziyad Alhajri,0599000477,ziyad.alhajri477@example.com,Jeddah,B014,2021-12-18,Classic,1
C00478,Amal Alqahtani,0599000478,amal.alqahtani478@example.com,Tabuk,B037,2023-11-09,Silver,1
C00479,Ghada Alzahrani,0599000479,ghada.alzahrani479@example.com,Dhahran,B025,2023-06-30,Silver,1
C00480,Sara Alghamdi,0599000480,sara.alghamdi480@example.com,Riyadh,B009,2025-08-01,Silver,1
C00481,Hessa Alzahrani,0599000481,hessa.alzahrani481@example.com,Dhahran,B030,2022-08-18,Classic,1
C00482,Mohammed Alzahrani,0599000482,mohammed.alzahrani482@example.com,Dhahran,B025,2023-11-11,Silver,
C00483,Ahmed Alqahtani,0599000483,ahmed.alqahtani483@example.com,Jubail,B027,2025-06-24,Classic,1
C00484,Reem Alghamdi,0599000484,reem.alghamdi484@example.com,Qassim,B010,2025-03-19,Classic,0
C00485,Lulwa Alshehri,0599000485,lulwa.alshehri485@example.com,Dhahran,B025,2023-08-27,Classic,1
C00486,Hessa Alanazi,0599000486,hessa.alanazi486@example.com,Jeddah,B022,2025-09-20,Silver,0
C00487,Turki Alnaimi,0599000487,turki.alnaimi487@example.com,Madinah,B019,2023-07-08,Silver,1
C00488,Saud Alkhaldi,0599000488,saud.alkhaldi488@example.com,Qassim,B010,2022-11-28,Classic,1
C00489,Rawan Alqahtani,0599000489,rawan.alqahtani489@example.com,Riyadh,B007,2024-01-21,Classic,1
C00490,Jawaher Alnaimi,0599000490,jawaher.alnaimi490@example.com,Riyadh,B012,2022-10-20,Classic,1
C00491,Ziyad Alsubaie,0599000491,ziyad.alsubaie491@example.com,Riyadh,B006,2026-03-05,Classic,
C00492,Turki Almalki,0599000492,turki.almalki492@example.com,Riyadh,B002,2025-08-27,Gold,1
C00493,Mohammed Alshammari,0599000493,mohammed.alshammari493@example.com,Makkah,B018,2025-12-15,Classic,1
C00494,Ziyad Alkhaldi,0599000494,ziyad.alkhaldi494@example.com,Al Ahsa,B026,2021-01-15,Classic,1
C00495,Yousef Almutairi,0599000495,yousef.almutairi495@example.com,Jeddah,B014,2026-06-09,Classic,1
C00496,Ali Alrashidi,0599000496,ali.alrashidi496@example.com,Al Kharj,B011,2022-06-04,Silver,1
C00497,Mona Aldossary,0599000497,mona.aldossary497@example.com,Khobar,B029,2024-09-23,Platinum,1
C00498,Ali Alshammari,0599000498,ali.alshammari498@example.com,Riyadh,B006,2025-10-30,Classic,1
C00499,Shahad Alkhaldi,0599000499,shahad.alkhaldi499@example.com,Jeddah,B017,2024-10-22,Classic,1
C00500,Abdullah Alghamdi,0599000500,abdullah.alghamdi500@example.com,Riyadh,B007,2022-07-14,Classic,1
C00501,Hessa Alsubaie,0599000501,hessa.alsubaie501@example.com,Riyadh,B008,2021-08-19,Classic,1
C00502,Maha Alghamdi,0599000502,maha.alghamdi502@example.com,Riyadh,B002,2024-01-17,Classic,0
C00503,Ziyad Alghamdi,0599000503,ziyad.alghamdi503@example.com,Dammam,B023,2025-09-24,Classic,1
C00504,Rakan Almutairi,0599000504,rakan.almutairi504@example.com,Riyadh,B004,2025-11-06,Gold,1
C00505,Amal Albalawi,0599000505,amal.albalawi505@example.com,Al Ahsa,B026,2025-08-13,Classic,1
C00506,Hind Alamri,0599000506,hind.alamri506@example.com,Riyadh,B001,2022-07-12,Gold,1
C00507,Yousef Alotaibi,0599000507,yousef.alotaibi507@example.com,Al Kharj,B011,2023-05-18,Silver,1
C00508,Khalid Aljohani,0599000508,khalid.aljohani508@example.com,Jeddah,B014,2025-10-03,Classic,1
C00509,Sara Alenezi,0599000509,sara.alenezi509@example.com,Dhahran,B025,2025-05-16,Classic,1
C00510,Atheer Alotaibi,0599000510,atheer.alotaibi510@example.com,Qassim,B010,2022-07-10,Classic,1
C00511,Rawan Alghamdi,0599000511,rawan.alghamdi511@example.com,Riyadh,B006,2022-04-23,Classic,0
C00512,Mohammed Alghamdi,0599000512,mohammed.alghamdi512@example.com,Tabuk,B040,2021-01-08,Classic,1
C00513,Sara Alenezi,05X1234567,sara.alenezi513@example.com,Jeddah,B022,2025-05-14,Silver,1
C00514,Nasser Alkhaldi,0599000514,nasser.alkhaldi514@example.com,Al Jouf,B039,2025-05-29,Silver,1
C00515,Maha Alotaibi,0599000515,maha.alotaibi515@example.com,Riyadh,B012,2024-04-11,Classic,0
C00516,Lama Alhajri,0599000516,lama.alhajri516@example.com,Riyadh,B001,2025-12-23,Silver,0
C00517,Bandar Alsubaie,0599000517,bandar.alsubaie517@example.com,Dammam,B028,2022-10-11,Classic,0
C00518,Ali Albalawi,0599000518,ali.albalawi518@example.com,Jeddah,B014,2026-05-12,Classic,0
C00519,Majed Alqahtani,0599000519,majed.alqahtani519@example.com,Qassim,B010,2024-08-06,Classic,1
C00520,Ali Alrashidi,0599000520,ali.alrashidi520@example.com,Makkah,B018,2025-09-28,Silver,1
C00521,Noura Alghamdi,0599000521,noura.alghamdi521@example.com,Dammam,B023,2025-12-19,Silver,0
C00522,Sara Almutairi,0599000522,sara.almutairi522@example.com,Khobar,B024,2021-01-15,Silver,
C00523,Jawaher Aldawsari,0599000523,jawaher.aldawsari523@example.com,Riyadh,B008,2025-12-29,Silver,0
C00524,Jawaher Alharbi,0599000524,jawaher.alharbi524@example.com,Tabuk,B037,2021-07-05,Classic,0
C00525,Lama Almalki,0599000525,lama.almalki525@example.com,Riyadh,B002,2026-04-18,Silver,1
C00526,Maha Aldossary,0599000526,maha.aldossary526@example.com,Al Jouf,B039,2026-03-30,Classic,0
C00527,Abdullah Alenezi,0599000527,abdullah.alenezi527@example.com,Riyadh,B002,2023-10-18,Gold,0
C00528,Omar Alrashidi,0599000528,omar.alrashidi528@example.com,Riyadh,B007,2024-09-23,Classic,0
C00529,Faisal Alenezi,0599000529,faisal.alenezi529@example.com,Riyadh,B002,2025-04-05,Classic,1
C00530,Maha Alenezi,0599000530,maha.alenezi530@example.com,Abha,B031,2023-12-24,Classic,1
C00531,Lulwa Alamri,0599000531,lulwa.alamri531@example.com,Qassim,B010,2024-11-05,Silver,1
C00532,Faisal Alyami,0599000532,faisal.alyami532@example.com,Riyadh,B004,2021-02-04,Gold,1
C00533,Noura Alsubaie,0599000533,noura.alsubaie533@example.com,Najran,B034,2026-04-19,Platinum,0
C00534,Haya Albalawi,0599000534,haya.albalawi534@example.com,Khamis Mushait,B032,2026-05-20,Gold,1
C00535,Hessa Alfaraj,0599000535,hessa.alfaraj535@example.com,Riyadh,B009,2024-02-07,Silver,1
C00536,Turki Alkhaldi,0599000536,turki.alkhaldi536@example.com,Riyadh,B008,2022-02-05,Classic,0
C00537,Hind Alkhaldi,0599000537,hind.alkhaldi537@example.com,Taif,B020,2023-03-22,Classic,1
C00538,Sara Alnaimi,0599000538,sara.alnaimi538@example.com,Jubail,B027,2023-07-23,Silver,0
C00539,Lulwa Alnaimi,0599000539,lulwa.alnaimi539@example.com,Riyadh,B012,2023-12-14,Classic,0
C00540,Ghada Almalki,0599000540,ghada.almalki540@example.com,Abha,B031,2026-05-22,Classic,1
C00541,Atheer Alzahrani,0599000541,atheer.alzahrani541@example.com,Jeddah,B015,2024-12-25,Platinum,1
C00542,Mohammed Alkhaldi,0599000542,mohammed.alkhaldi542@example.com,Riyadh,B007,2025-04-22,Classic,1
C00543,Rawan Aljohani,0599000543,rawan.aljohani543@example.com,Jeddah,B013,2023-03-30,Silver,1
C00544,Nasser Alkhaldi,0599000544,nasser.alkhaldi544@example.com,Jeddah,B013,2021-02-27,Silver,1
C00545,Rakan Aljohani,0599000545,rakan.aljohani545@example.com,Riyadh,B008,2022-01-10,Classic,1
C00546,Ziyad Alghamdi,0599000546,ziyad.alghamdi546@example.com,Al Kharj,B011,2026-04-05,Silver,0
C00547,Majed Almutairi,0599000547,majed.almutairi547@example.com,Jeddah,B014,2023-11-27,Silver,1
C00548,Faisal Alhajri,0599000548,faisal.alhajri548@example.com,Jeddah,B015,2023-06-08,Classic,
C00549,Noura Alanazi,0599000549,noura.alanazi549@example.com,Khobar,B024,2025-12-23,Classic,1
C00550,Yousef Alamri,0599000550,yousef.alamri550@example.com,Riyadh,B006,2025-05-06,Classic,1
C00551,Majed Alsubaie,0599000551,majed.alsubaie551@example.com,Jubail,B027,2022-09-04,Classic,1
C00552,Fahad Alsubaie,0599000552,fahad.alsubaie552@example.com,Riyadh,B009,2026-01-02,Classic,1
C00553,Yousef Alshehri,0599000553,yousef.alshehri553@example.com,Jeddah,B017,2022-03-13,Silver,1
C00554,Ziyad Alrashidi,0599000554,ziyad.alrashidi554@example.com,Qassim,B010,2024-11-10,Gold,1
C00555,Amal Albalawi,0599000555,amal.albalawi555@example.com,Riyadh,B008,2024-12-30,Classic,0
C00556,Mona Almutairi,0599000556,mona.almutairi556@example.com,Riyadh,B009,2022-08-16,Silver,1
C00557,Saud Alsaeed,0599000557,saud.alsaeed557@example.com,Taif,B020,2024-03-10,Classic,1
C00558,Saud Alnaimi,0599000558,saud.alnaimi558@example.com,Al Ahsa,B026,2026-05-14,Classic,1
C00559,Mona Albalawi,0599000559,mona.albalawi559@example.com,Jeddah,B014,2026-05-18,Silver,1
C00560,Faisal Almutairi,0599000560,faisal.almutairi560@example.com,Riyadh,B008,2025-03-05,Silver,1
C00561,Nasser Alharbi,0599000561,nasser.alharbi561@example.com,Hail,B038,2021-05-05,Classic,1
C00562,Nasser Alyami,0599000562,nasser.alyami562@example.com,Riyadh,B008,2022-01-23,Classic,0
C00563,Shahad Alkhaldi,0599000563,shahad.alkhaldi563@example.com,Tabuk,B040,2025-04-19,Classic,
C00564,Mohammed Alghamdi,0599000564,mohammed.alghamdi564@example.com,Jazan,B033,2022-03-14,Classic,1
C00565,Khalid Alfaraj,0599000565,khalid.alfaraj565@example.com,Tabuk,B037,2024-09-05,Classic,1
C00566,Nasser Alamri,0599000566,nasser.alamri566@example.com,Dammam,B023,2022-09-23,Silver,1
C00567,Rakan Alotaibi,0599000567,rakan.alotaibi567@example.com,Qassim,B010,2021-06-01,Silver,0
C00568,Turki Alqahtani,0599000568,turki.alqahtani568@example.com,Abha,B031,2023-04-21,Platinum,0
C00569,Lulwa Alghamdi,0599000569,lulwa.alghamdi569@example.com,Jeddah,B022,2025-10-27,Classic,0
C00570,Amal Albalawi,0599000570,amal.albalawi570@example.com,Makkah,B018,2025-03-12,Classic,1
C00571,Rawan Alrashidi,0599000571,rawan.alrashidi571@example.com,Riyadh,B001,2022-08-20,Classic,1
C00572,Sultan Alshehri,0599000572,sultan.alshehri572@example.com,Najran,B034,2022-06-05,Classic,1
C00573,Omar Alsaeed,0599000573,omar.alsaeed573@example.com,Al Jouf,B039,2025-12-04,Classic,1
C00574,Shahad Alamri,0599000574,shahad.alamri574@example.com,Riyadh,B007,2024-05-30,Classic,0
C00575,Dana Aljohani,0599000575,dana.aljohani575@example.com,Riyadh,B007,2024-10-22,Classic,1
C00576,Ahmed Albalawi,0599000576,ahmed.albalawi576@example.com,Riyadh,B004,2021-09-22,Classic,1
C00577,Saud Alghamdi,0599000577,saud.alghamdi577@example.com,Jeddah,B014,2025-03-27,Classic,1
C00578,Abdullah Alotaibi,0599000578,abdullah.alotaibi578@example.com,Riyadh,B002,2025-12-05,Gold,0
C00579,Lulwa Alzahrani,0599000579,lulwa.alzahrani579@example.com,Makkah,B018,2025-07-17,Classic,1
C00580,Abdullah Alamri,0599000580,abdullah.alamri580@example.com,Jubail,B027,2023-06-19,Classic,1
C00581,Lama Alqahtani,0599000581,lama.alqahtani581@example.com,Al Kharj,B011,2022-04-27,Gold,1
C00582,Dana Alfaraj,0599000582,dana.alfaraj582@example.com,Taif,B020,2021-06-06,Silver,1
C00583,Noura Alyami,0599000583,noura.alyami583@example.com,Riyadh,B005,2025-01-31,Classic,1
C00584,Amal Aldawsari,0599000584,amal.aldawsari584@example.com,Riyadh,B005,2025-12-27,Silver,1
C00585,Maha Albalawi,0599000585,maha.albalawi585@example.com,Al Ahsa,B026,2023-07-13,Classic,0
C00586,Ghada Alqahtani,0599000586,ghada.alqahtani586@example.com,Abha,B035,2023-03-18,Platinum,1
C00587,Sara Almalki,0599000587,sara.almalki587@example.com,Jeddah,B014,2025-12-30,Classic,0
C00588,Haya Alanazi,0599000588,haya.alanazi588@example.com,Riyadh,B006,2025-04-09,Classic,1
C00589,Rawan Alzahrani,0599000589,rawan.alzahrani589@example.com,Dhahran,B030,2025-09-25,Platinum,0
C00590,Reem Alshammari,0599000590,reem.alshammari590@example.com,Taif,B020,2024-06-06,Silver,1
C00591,Majed Alsubaie,0599000591,majed.alsubaie591@example.com,Jeddah,B016,2021-02-08,Silver,1
C00592,Ahmed Alrashidi,0599000592,ahmed.alrashidi592@example.com,Riyadh,B002,2024-09-20,Gold,1
C00593,Khalid Alfaraj,0599000593,khalid.alfaraj593@example.com,Jeddah,B015,2022-04-11,Gold,1
C00594,Reem Alsubaie,0599000594,reem.alsubaie594@example.com,Riyadh,B012,2021-03-17,Classic,1
C00595,Faisal Aldawsari,0599000595,faisal.aldawsari595@example.com,Hail,B038,2021-08-28,Classic,0
C00596,Hessa Alzahrani,0599000596,hessa.alzahrani596@example.com,Jeddah,B022,2025-04-27,Gold,1
C00597,Rakan Alkhaldi,0599000597,rakan.alkhaldi597@example.com,Taif,B020,2025-06-30,Gold,0
C00598,Bandar Alsubaie,05X1234567,bandar.alsubaie598@example.com,Taif,B020,2022-04-11,Classic,0
C00599,Sultan Alsubaie,0599000599,sultan.alsubaie599@example.com,Jeddah,B017,2022-08-01,Silver,1
C00600,Haya Alsubaie,0599000600,haya.alsubaie600@example.com,Al Ahsa,B026,2022-04-27,Classic,0
C00601,Khalid Alenezi,0599000601,khalid.alenezi601@example.com,Dammam,B028,2024-12-22,Platinum,1
C00602,Ahmed Almalki,0599000602,ahmed.almalki602@example.com,Riyadh,B005,2026-01-23,Classic,1
C00603,Atheer Alharbi,0599000603,atheer.alharbi603@example.com,Jeddah,B016,2026-03-19,Classic,0
C00604,Lulwa Alzahrani,0599000604,lulwa.alzahrani604@example.com,Al Ahsa,B026,2023-01-26,Classic,1
C00605,Noura Alhajri,0599000605,noura.alhajri605@example.com,Jeddah,B016,2024-06-21,Classic,0
C00606,Amal Aldossary,0599000606,amal.aldossary606@example.com,Riyadh,B002,2026-02-26,Classic,1
C00607,Maha Alshehri,0599000607,maha.alshehri607@example.com,Riyadh,B008,2026-02-03,Classic,1
C00608,Shahad Alnaimi,0599000608,shahad.alnaimi608@example.com,Al Kharj,B011,2024-02-14,Classic,1
C00609,Ali Alotaibi,0599000609,ali.alotaibi609@example.com,Riyadh,B012,2021-01-25,Classic,0
C00610,Ahmed Alshammari,0599000610,ahmed.alshammari610@example.com,Dhahran,B030,2021-10-09,Classic,1
C00611,Mona Alamri,0599000611,mona.alamri611@example.com,Taif,B020,2021-01-23,Gold,1
C00612,Nasser Alzahrani,0599000612,nasser.alzahrani612@example.com,Dammam,B028,2022-02-03,Silver,0
C00613,Majed Alshehri,0599000613,majed.alshehri613@example.com,Madinah,B019,2021-12-29,Classic,0
C00614,Ali Alotaibi,0599000614,ali.alotaibi614@example.com,Riyadh,B001,2021-05-16,Classic,0
C00615,Rawan Alshehri,0599000615,rawan.alshehri615@example.com,Al Jouf,B039,2022-06-20,Classic,0
C00616,Faisal Alyami,0599000616,faisal.alyami616@example.com,Riyadh,B004,2024-09-03,Silver,1
C00617,Atheer Alghamdi,0599000617,atheer.alghamdi617@example.com,Tabuk,B040,2026-01-24,Platinum,1
C00618,Lama Alanazi,0599000618,lama.alanazi618@example.com,Riyadh,B007,2022-10-18,Classic,1
C00619,Noura Alenezi,0599000619,noura.alenezi619@example.com,Riyadh,B008,2024-08-18,Classic,1
C00620,Faisal Alharbi,0599000620,faisal.alharbi620@example.com,Khobar,B029,2026-04-10,Classic,1
C00621,Ahmed Alshehri,0599000621,ahmed.alshehri621@example.com,Riyadh,B008,2025-06-22,Classic,1
C00622,Rawan Alshammari,0599000622,rawan.alshammari622@example.com,Dhahran,B030,2022-02-05,Gold,1
C00623,Haya Alanazi,0599000623,haya.alanazi623@example.com,Taif,B020,2024-04-16,Platinum,1
C00624,Majed Alnaimi,0599000624,majed.alnaimi624@example.com,Riyadh,B004,2024-03-09,Silver,1
C00625,Bandar Alhajri,0599000625,bandar.alhajri625@example.com,Abha,B035,2023-10-08,Gold,1
C00626,Dana Alsaeed,0599000626,dana.alsaeed626@example.com,Jeddah,B015,2025-11-07,Classic,1
C00627,Ahmed Albalawi,0599000627,ahmed.albalawi627@example.com,Jeddah,B014,2022-02-17,Classic,1
C00628,Haya Alghamdi,0599000628,haya.alghamdi628@example.com,Riyadh,B012,2025-07-09,Classic,1
C00629,Ziyad Alsaeed,0599000629,ziyad.alsaeed629@example.com,Riyadh,B006,2022-05-12,Classic,1
C00630,Ziyad Alqahtani,0599000630,ziyad.alqahtani630@example.com,Khamis Mushait,B036,2023-04-23,Classic,
C00631,Sultan Alotaibi,0599000631,sultan.alotaibi631@example.com,Jeddah,B015,2024-09-09,Gold,1
C00632,Atheer Alzahrani,0599000632,atheer.alzahrani632@example.com,Dammam,B023,2024-07-23,Classic,1
C00633,Ghada Almalki,0599000633,ghada.almalki633@example.com,Khamis Mushait,B036,2025-12-06,Classic,0
C00634,Lulwa Alfaraj,0599000634,lulwa.alfaraj634@example.com,Khamis Mushait,B032,2022-08-08,Classic,0
C00635,Noura Alshehri,0599000635,noura.alshehri635@example.com,Jeddah,B014,2021-05-27,Classic,1
C00636,Majed Alharbi,0599000636,majed.alharbi636@example.com,Khobar,B029,2025-03-27,Silver,1
C00637,Maha Alharbi,0599000637,maha.alharbi637@example.com,Makkah,B018,2024-09-07,Gold,1
C00638,Saud Alghamdi,0599000638,saud.alghamdi638@example.com,Riyadh,B003,2023-04-03,Gold,0
C00639,Ziyad Aljohani,0599000639,ziyad.aljohani639@example.com,Riyadh,B005,2022-07-18,Classic,0
C00640,Sultan Alkhaldi,0599000640,sultan.alkhaldi640@example.com,Jeddah,B014,2025-05-13,Gold,1
C00641,Amal Alsubaie,0599000641,amal.alsubaie641@example.com,Dammam,B023,2026-05-02,Platinum,1
C00642,Abdullah Alsubaie,0599000642,abdullah.alsubaie642@example.com,Riyadh,B001,2026-04-08,Classic,0
C00643,Fahad Alkhaldi,0599000643,fahad.alkhaldi643@example.com,Khamis Mushait,B036,2023-05-05,Classic,1
C00644,Ahmed Alshammari,0599000644,ahmed.alshammari644@example.com,Jubail,B027,2026-01-21,Silver,1
C00645,Noura Alanazi,0599000645,noura.alanazi645@example.com,Madinah,B019,2025-05-05,Classic,1
C00646,Shahad Alyami,0599000646,shahad.alyami646@example.com,Jeddah,B015,2023-05-01,Silver,1
C00647,Mohammed Alsubaie,0599000647,mohammed.alsubaie647@example.com,Khobar,B029,2024-09-10,Platinum,1
C00648,Atheer Alsubaie,0599000648,atheer.alsubaie648@example.com,Khamis Mushait,B032,2026-06-05,Classic,0
C00649,Abdullah Alshehri,0599000649,abdullah.alshehri649@example.com,Riyadh,B009,2024-07-17,Classic,1
C00650,Ali Almutairi,0599000650,ali.almutairi650@example.com,Khamis Mushait,B036,2021-03-30,Platinum,1
C00651,Saud Alenezi,0599000651,saud.alenezi651@example.com,Khobar,B029,2022-04-18,Classic,1
C00652,Noura Alfaraj,0599000652,noura.alfaraj652@example.com,Dhahran,B030,2025-02-03,Classic,1
C00653,Bandar Alotaibi,0599000653,bandar.alotaibi653@example.com,Jeddah,B021,2024-05-03,Classic,1
C00654,Turki Alanazi,0599000654,turki.alanazi654@example.com,Riyadh,B005,2021-03-14,Silver,1
C00655,Atheer Alkhaldi,0599000655,atheer.alkhaldi655@example.com,Madinah,B019,2024-05-12,Silver,0
C00656,Nasser Alqahtani,0599000656,nasser.alqahtani656@example.com,Jeddah,B015,2024-08-21,Platinum,1
C00657,Amal Alghamdi,0599000657,amal.alghamdi657@example.com,Riyadh,B001,2022-03-17,Silver,1
C00658,Yousef Alkhaldi,0599000658,yousef.alkhaldi658@example.com,Riyadh,B002,2025-10-17,Classic,1
C00659,Nasser Alsaeed,0599000659,nasser.alsaeed659@example.com,Dhahran,B030,2024-12-03,Classic,0
C00660,Nasser Alkhaldi,0599000660,nasser.alkhaldi660@example.com,Riyadh,B007,2021-09-30,Gold,1
C00661,Noura Alqahtani,0599000661,noura.alqahtani661@example.com,Abha,B035,2025-12-03,Silver,1
C00662,Majed Aljohani,0599000662,majed.aljohani662@example.com,Jeddah,B013,2025-05-13,Classic,1
C00663,Bandar Alanazi,0599000663,bandar.alanazi663@example.com,Qassim,B010,2022-04-02,Silver,0
C00664,Lama Alharbi,0599000664,lama.alharbi664@example.com,Dammam,B028,2021-05-03,Gold,0
C00665,Atheer Alsubaie,0599000665,atheer.alsubaie665@example.com,Riyadh,B007,2025-05-28,Classic,1
C00666,Majed Alqahtani,0599000666,majed.alqahtani666@example.com,Jeddah,B021,2025-09-25,Silver,1
C00667,Bandar Alzahrani,0599000667,bandar.alzahrani667@example.com,Riyadh,B003,2025-03-27,Classic,1
C00668,Lulwa Almutairi,0599000668,lulwa.almutairi668@example.com,Riyadh,B001,2022-05-13,Platinum,
C00669,Rakan Alshammari,0599000669,rakan.alshammari669@example.com,Makkah,B018,2022-11-13,Silver,1
C00670,Jawaher Alfaraj,0599000670,jawaher.alfaraj670@example.com,Hail,B038,2022-10-08,Silver,0
C00671,Fahad Almutairi,0599000671,fahad.almutairi671@example.com,Dammam,B028,2026-02-05,Silver,1
C00672,Fahad Alanazi,0599000672,fahad.alanazi672@example.com,Dhahran,B030,2022-03-17,Gold,0
C00673,Mona Alghamdi,0599000673,mona.alghamdi673@example.com,Riyadh,B009,2025-06-03,Classic,1
C00674,Nasser Alamri,0599000674,nasser.alamri674@example.com,Jeddah,B022,2024-08-28,Classic,1
C00675,Turki Alshehri,0599000675,turki.alshehri675@example.com,Jeddah,B013,2025-10-04,Classic,1
C00676,Amal Alqahtani,0599000676,amal.alqahtani676@example.com,Riyadh,B003,2025-05-28,Platinum,1
C00677,Atheer Alnaimi,0599000677,atheer.alnaimi677@example.com,Qassim,B010,2022-05-25,Classic,0
C00678,Lama Alshehri,0599000678,lama.alshehri678@example.com,Riyadh,B007,2025-01-24,Classic,0
C00679,Mohammed Alenezi,0599000679,mohammed.alenezi679@example.com,Riyadh,B002,2026-01-14,Classic,1
C00680,Haya Alghamdi,0599000680,haya.alghamdi680@example.com,Jeddah,B013,2026-04-10,Silver,0
C00681,Sultan Alshehri,0599000681,sultan.alshehri681@example.com,Khobar,B029,2022-06-02,Silver,0
C00682,Yousef Alqahtani,0599000682,yousef.alqahtani682@example.com,Riyadh,B001,2023-03-12,Classic,1
C00683,Fahad Aljohani,0599000683,fahad.aljohani683@example.com,Dammam,B028,2025-10-31,Classic,1
C00684,Omar Alyami,0599000684,omar.alyami684@example.com,Jeddah,B013,2025-11-03,Classic,1
C00685,Sultan Alzahrani,0599000685,sultan.alzahrani685@example.com,Najran,B034,2021-05-31,Platinum,1
C00686,Haya Almalki,0599000686,haya.almalki686@example.com,Jubail,B027,2022-10-15,Classic,0
C00687,Sara Alfaraj,0599000687,sara.alfaraj687@example.com,Riyadh,B007,2025-11-27,Platinum,0
C00688,Nasser Alghamdi,0599000688,nasser.alghamdi688@example.com,Tabuk,B040,2021-03-04,Classic,1
C00689,Lama Alanazi,0599000689,lama.alanazi689@example.com,Riyadh,B001,2021-12-24,Platinum,1
C00690,Maha Almutairi,0599000690,maha.almutairi690@example.com,Riyadh,B004,2025-11-28,Gold,1
C00691,Hind Alyami,0599000691,hind.alyami691@example.com,Dammam,B023,2022-03-10,Classic,1
C00692,Hessa Alzahrani,0599000692,hessa.alzahrani692@example.com,Al Ahsa,B026,2024-09-16,Silver,1
C00693,Fahad Alenezi,0599000693,fahad.alenezi693@example.com,Riyadh,B012,2021-09-05,Classic,1
C00694,Hind Alfaraj,0599000694,hind.alfaraj694@example.com,Dammam,B028,2026-01-07,Gold,1
C00695,Abdullah Alenezi,0599000695,abdullah.alenezi695@example.com,Khamis Mushait,B032,2023-12-04,Classic,1
C00696,Reem Alharbi,0599000696,reem.alharbi696@example.com,Riyadh,B007,2023-01-22,Silver,1
C00697,Lama Alnaimi,0599000697,lama.alnaimi697@example.com,Jubail,B027,2022-05-15,Classic,1
C00698,Majed Alnaimi,0599000698,majed.alnaimi698@example.com,Jeddah,B015,2023-11-11,Classic,0
C00699,Majed Alsubaie,0599000699,majed.alsubaie699@example.com,Hail,B038,2025-04-10,Platinum,1
C00700,Khalid Alshammari,0599000700,khalid.alshammari700@example.com,Khobar,B029,2021-05-01,Classic,0
C00701,Mona Alkhaldi,0599000701,mona.alkhaldi701@example.com,Jazan,B033,2024-01-17,Silver,1
C00702,Ghada Alyami,0599000702,ghada.alyami702@example.com,Madinah,B019,2023-11-15,Classic,1
C00703,Rakan Alanazi,0599000703,rakan.alanazi703@example.com,Jazan,B033,2022-04-20,Classic,1
C00704,Sara Alsaeed,0599000704,sara.alsaeed704@example.com,Riyadh,B004,2025-07-03,Classic,1
C00705,Nasser Alotaibi,0599000705,nasser.alotaibi705@example.com,Taif,B020,2025-11-17,Silver,1
C00706,Jawaher Alharbi,0599000706,jawaher.alharbi706@example.com,Riyadh,B004,2024-07-24,Silver,1
C00707,Dana Alzahrani,0599000707,dana.alzahrani707@example.com,Jeddah,B015,2021-12-19,Classic,1
C00708,Ziyad Aldawsari,0599000708,ziyad.aldawsari708@example.com,Riyadh,B003,2024-03-09,Classic,0
C00709,Shahad Albalawi,0599000709,shahad.albalawi709@example.com,Riyadh,B006,2025-05-30,Classic,
C00710,Amal Albalawi,0599000710,amal.albalawi710@example.com,Jeddah,B021,2021-10-14,Gold,1
C00711,Ghada Aldawsari,0599000711,ghada.aldawsari711@example.com,Riyadh,B005,2026-03-27,Silver,0
C00712,Sultan Alkhaldi,0599000712,sultan.alkhaldi712@example.com,Al Ahsa,B026,2024-09-28,Gold,1
C00713,Ziyad Alamri,0599000713,ziyad.alamri713@example.com,Dhahran,B030,2026-06-04,Silver,1
C00714,Ali Alrashidi,0599000714,ali.alrashidi714@example.com,Abha,B031,2022-10-26,Classic,1
C00715,Hind Alenezi,0599000715,hind.alenezi715@example.com,Abha,B035,2024-05-24,Silver,1
C00716,Turki Alrashidi,0599000716,turki.alrashidi716@example.com,Khobar,B024,2025-05-13,Silver,0
C00717,Faisal Alshehri,0599000717,faisal.alshehri717@example.com,Riyadh,B005,2022-06-24,Silver,1
C00718,Hind Alhajri,0599000718,hind.alhajri718@example.com,Al Kharj,B011,2023-08-24,Platinum,1
C00719,Ziyad Alanazi,0599000719,ziyad.alanazi719@example.com,Riyadh,B003,2024-12-01,Silver,0
C00720,Amal Alanazi,0599000720,amal.alanazi720@example.com,Dhahran,B030,2023-12-15,Classic,1
C00721,Amal Alanazi,0599000721,amal.alanazi721@example.com,Tabuk,B037,2023-03-02,Classic,0
C00722,Ghada Alqahtani,0599000722,ghada.alqahtani722@example.com,Jeddah,B015,2023-06-21,Silver,1
C00723,Bandar Aldossary,0599000723,bandar.aldossary723@example.com,Riyadh,B006,2025-03-19,Classic,1
C00724,Hind Alshammari,0599000724,hind.alshammari724@example.com,Jeddah,B013,2025-02-27,Silver,1
C00725,Haya Alharbi,0599000725,haya.alharbi725@example.com,Riyadh,B008,2023-04-18,Classic,1
C00726,Nasser Alqahtani,0599000726,nasser.alqahtani726@example.com,Riyadh,B012,2022-02-05,Classic,0
C00727,Rakan Alenezi,0599000727,rakan.alenezi727@example.com,Dhahran,B025,2026-04-12,Silver,0
C00728,Saud Aldossary,0599000728,saud.aldossary728@example.com,Jeddah,B021,2025-08-20,Silver,1
C00729,Majed Alsaeed,0599000729,majed.alsaeed729@example.com,Riyadh,B008,2021-12-17,Gold,1
C00730,Turki Alharbi,0599000730,turki.alharbi730@example.com,Jeddah,B013,2024-02-22,Silver,1
C00731,Dana Almalki,0599000731,dana.almalki731@example.com,Jeddah,B013,2024-08-31,Gold,1
C00732,Ahmed Alshammari,0599000732,ahmed.alshammari732@example.com,Jeddah,B017,2022-09-11,Classic,1
C00733,Lama Alotaibi,0599000733,lama.alotaibi733@example.com,Jeddah,B013,2022-01-24,Classic,1
C00734,Mohammed Alanazi,0599000734,mohammed.alanazi734@example.com,Jeddah,B015,2021-10-20,Gold,1
C00735,Nasser Alhajri,0599000735,nasser.alhajri735@example.com,Jeddah,B021,2025-04-30,Classic,1
C00736,Rawan Alsubaie,0599000736,rawan.alsubaie736@example.com,Jazan,B033,2022-11-18,Gold,0
C00737,Sultan Alghamdi,0599000737,sultan.alghamdi737@example.com,Riyadh,B009,2023-10-13,Classic,1
C00738,Turki Alrashidi,0599000738,turki.alrashidi738@example.com,Riyadh,B002,2025-03-14,Classic,0
C00739,Maha Almutairi,0599000739,maha.almutairi739@example.com,Madinah,B019,2023-05-24,Classic,1
C00740,Abdullah Alotaibi,0599000740,abdullah.alotaibi740@example.com,Najran,B034,2025-09-26,Classic,1
C00741,Atheer Aldossary,0599000741,atheer.aldossary741@example.com,Dhahran,B030,2021-06-24,Classic,1
C00742,Hessa Alshammari,0599000742,hessa.alshammari742@example.com,Jeddah,B014,2021-06-27,Classic,1
C00743,Majed Alyami,0599000743,majed.alyami743@example.com,Jazan,B033,2025-05-04,Silver,1
C00744,Saud Aljohani,0599000744,saud.aljohani744@example.com,Tabuk,B040,2025-05-08,Classic,1
C00745,Haya Alenezi,0599000745,haya.alenezi745@example.com,Riyadh,B012,2022-01-31,Classic,
C00746,Mohammed Alghamdi,0599000746,mohammed.alghamdi746@example.com,Jeddah,B014,2025-06-06,Classic,1
C00747,Atheer Alzahrani,0599000747,atheer.alzahrani747@example.com,Riyadh,B012,2023-01-11,Classic,1
C00748,Turki Alshehri,0599000748,turki.alshehri748@example.com,Dhahran,B030,2025-10-06,Classic,1
C00749,Hind Albalawi,0599000749,hind.albalawi749@example.com,Khobar,B029,2026-04-13,Gold,1
C00750,Mohammed Alqahtani,0599000750,mohammed.alqahtani750@example.com,Riyadh,B009,2022-01-11,Gold,1
C00751,Reem Alotaibi,0599000751,reem.alotaibi751@example.com,Jeddah,B021,2023-12-31,Silver,1
C00752,Khalid Alhajri,0599000752,khalid.alhajri752@example.com,Riyadh,B003,2025-08-13,Gold,1
C00753,Rakan Alsubaie,0599000753,rakan.alsubaie753@example.com,Riyadh,B005,2021-07-01,Classic,0
C00754,Maha Alnaimi,0599000754,maha.alnaimi754@example.com,Al Ahsa,B026,2025-07-16,Silver,0
C00755,Maha Aldawsari,0599000755,maha.aldawsari755@example.com,Al Jouf,B039,2026-02-16,Silver,0
C00756,Lama Alsubaie,0599000756,lama.alsubaie756@example.com,Khobar,B029,2022-10-11,Classic,0
C00757,Rawan Alfaraj,0599000757,rawan.alfaraj757@example.com,Jeddah,B015,2025-08-02,Classic,1
C00758,Rakan Alanazi,0599000758,rakan.alanazi758@example.com,Jeddah,B022,2025-11-01,Classic,1
C00759,Hind Alharbi,0599000759,hind.alharbi759@example.com,Al Jouf,B039,2026-06-10,Silver,1
C00760,Rawan Alkhaldi,0599000760,rawan.alkhaldi760@example.com,Makkah,B018,2025-01-30,Classic,1
C00761,Sara Alzahrani,0599000761,sara.alzahrani761@example.com,Al Jouf,B039,2022-08-08,Classic,1
C00762,Hessa Alamri,0599000762,hessa.alamri762@example.com,Riyadh,B001,2021-11-22,Classic,1
C00763,Noura Albalawi,0599000763,noura.albalawi763@example.com,Dammam,B028,2023-12-28,Silver,0
C00764,Reem Albalawi,0599000764,reem.albalawi764@example.com,Jeddah,B021,2024-01-18,Silver,1
C00765,Jawaher Alanazi,0599000765,jawaher.alanazi765@example.com,Tabuk,B040,2021-08-12,Classic,1
C00766,Hessa Alnaimi,0599000766,hessa.alnaimi766@example.com,Jeddah,B015,2025-09-13,Classic,0
C00767,Reem Alotaibi,0599000767,reem.alotaibi767@example.com,Khamis Mushait,B032,2025-06-24,Platinum,1
C00768,Bandar Alharbi,0599000768,bandar.alharbi768@example.com,Riyadh,B008,2021-07-02,Gold,1
C00769,Yousef Alfaraj,0599000769,yousef.alfaraj769@example.com,Najran,B034,2026-03-01,Classic,0
C00770,Haya Alsaeed,0599000770,haya.alsaeed770@example.com,Jeddah,B014,2022-05-07,Classic,0
C00771,Amal Alshehri,0599000771,amal.alshehri771@example.com,Riyadh,B005,2026-04-05,Classic,0
C00772,Khalid Alotaibi,0599000772,khalid.alotaibi772@example.com,Dhahran,B030,2022-12-26,Classic,0
C00773,Abdullah Alsubaie,0599000773,abdullah.alsubaie773@example.com,Riyadh,B004,2023-06-27,Classic,0
C00774,Shahad Alsubaie,0599000774,shahad.alsubaie774@example.com,Jazan,B033,2026-01-16,Silver,1
C00775,Rakan Alamri,0599000775,rakan.alamri775@example.com,Riyadh,B006,2025-06-20,Classic,1
C00776,Rawan Alharbi,0599000776,rawan.alharbi776@example.com,Jubail,B027,2022-06-13,Silver,0
C00777,Hind Alotaibi,0599000777,hind.alotaibi777@example.com,Makkah,B018,2022-02-15,Gold,0
C00778,Rawan Alotaibi,0599000778,rawan.alotaibi778@example.com,Jeddah,B013,2026-03-16,Silver,0
C00779,Majed Aldawsari,0599000779,majed.aldawsari779@example.com,Jeddah,B015,2025-04-30,Gold,1
C00780,Sultan Alanazi,0599000780,sultan.alanazi780@example.com,Riyadh,B012,2022-03-31,Silver,1
C00781,Jawaher Almalki,0599000781,jawaher.almalki781@example.com,Jazan,B033,2024-10-02,Classic,1
C00782,Mohammed Alenezi,0599000782,mohammed.alenezi782@example.com,Dhahran,B025,2025-12-25,Classic,1
C00783,Omar Alhajri,0599000783,omar.alhajri783@example.com,Abha,B035,2022-10-11,Platinum,1
C00784,Amal Almutairi,0599000784,amal.almutairi784@example.com,Dhahran,B030,2026-06-06,Gold,0
C00785,Majed Alharbi,0599000785,majed.alharbi785@example.com,Khamis Mushait,B036,2025-02-16,Classic,1
C00786,Faisal Aldossary,0599000786,faisal.aldossary786@example.com,Khamis Mushait,B032,2025-07-10,Silver,1
C00787,Fahad Aljohani,0599000787,fahad.aljohani787@example.com,Qassim,B010,2021-03-25,Silver,1
C00788,Shahad Alamri,0599000788,shahad.alamri788@example.com,Dammam,B028,2024-11-22,Classic,1
C00789,Lama Almutairi,0599000789,lama.almutairi789@example.com,Jeddah,B021,2025-05-30,Gold,1
C00790,Khalid Alkhaldi,0599000790,khalid.alkhaldi790@example.com,Dhahran,B030,2023-12-27,Classic,1
C00791,Omar Alanazi,0599000791,omar.alanazi791@example.com,Dhahran,B030,2022-01-23,Classic,1
C00792,Noura Almalki,0599000792,noura.almalki792@example.com,Riyadh,B006,2021-12-04,Classic,0
C00793,Fahad Alhajri,0599000793,fahad.alhajri793@example.com,Jeddah,B013,2026-03-20,Silver,
C00794,Fahad Alshammari,0599000794,fahad.alshammari794@example.com,Al Ahsa,B026,2026-04-20,Classic,1
C00795,Ziyad Alzahrani,0599000795,ziyad.alzahrani795@example.com,Riyadh,B006,2026-01-28,Classic,1
C00796,Yousef Alnaimi,0599000796,yousef.alnaimi796@example.com,Riyadh,B003,2021-05-24,Silver,1
C00797,Haya Almalki,0599000797,haya.almalki797@example.com,Riyadh,B008,2024-12-02,Silver,1
C00798,Lulwa Alqahtani,0599000798,lulwa.alqahtani798@example.com,Jeddah,B017,2025-03-11,Classic,1
C00799,Yousef Alqahtani,0599000799,yousef.alqahtani799@example.com,Jeddah,B015,2021-01-17,Silver,0
C00800,Omar Alenezi,0599000800,omar.alenezi800@example.com,Riyadh,B008,2024-04-01,Classic,0
C00801,Nasser Alfaraj,0599000801,nasser.alfaraj801@example.com,Riyadh,B012,2022-11-10,Silver,1
C00802,Jawaher Alsaeed,0599000802,jawaher.alsaeed802@example.com,Taif,B020,2021-11-10,Silver,0
C00803,Mona Alanazi,0599000803,mona.alanazi803@example.com,Abha,B035,2024-11-11,Gold,1
C00804,Lama Alghamdi,0599000804,lama.alghamdi804@example.com,Al Jouf,B039,2025-08-04,Gold,1
C00805,Maha Alamri,5512345678,maha.alamri805@example.com,Qassim,B010,2026-03-04,Classic,1
C00806,Sara Alnaimi,0599000806,sara.alnaimi806@example.com,Najran,B034,2021-08-31,Silver,1
C00807,Atheer Almutairi,0599000807,atheer.almutairi807@example.com,Jazan,B033,2022-05-01,Classic,1
C00808,Sultan Albalawi,0599000808,sultan.albalawi808@example.com,Khamis Mushait,B036,2025-06-22,Classic,0
C00809,Faisal Alkhaldi,05123456789,faisal.alkhaldi809@example.com,Madinah,B019,2021-11-28,Gold,1
C00810,Sara Alenezi,0599000810,sara.alenezi810@example.com,Tabuk,B040,2022-11-24,Classic,0
C00811,Noura Alghamdi,0599000811,noura.alghamdi811@example.com,Dhahran,B025,2023-06-20,Classic,1
C00812,Majed Alenezi,0599000812,majed.alenezi812@example.com,Riyadh,B003,2021-01-17,Silver,1
C00813,Fahad Alhajri,0599000813,fahad.alhajri813@example.com,Riyadh,B009,2021-03-09,Silver,0
C00814,Lama Alotaibi,0599000814,lama.alotaibi814@example.com,Dhahran,B030,2023-12-11,Classic,1
C00815,Lama Alamri,0599000815,lama.alamri815@example.com,Dammam,B028,2022-07-19,Classic,1
C00816,Lulwa Alenezi,0599000816,lulwa.alenezi816@example.com,Riyadh,B002,2025-03-09,Classic,0
C00817,Dana Alghamdi,0599000817,dana.alghamdi817@example.com,Al Jouf,B039,2022-07-26,Classic,1
C00818,Sultan Alenezi,0599000818,sultan.alenezi818@example.com,Al Ahsa,B026,2025-02-23,Classic,1
C00819,Shahad Alqahtani,0599000819,shahad.alqahtani819@example.com,Riyadh,B004,2024-07-23,Gold,1
C00820,Reem Alnaimi,0599000820,reem.alnaimi820@example.com,Al Ahsa,B026,2025-01-12,Classic,1
C00821,Abdullah Aldawsari,0599000821,abdullah.aldawsari821@example.com,Tabuk,B040,2025-05-24,Classic,1
C00822,Jawaher Almutairi,0599000822,jawaher.almutairi822@example.com,Jeddah,B017,2023-09-05,Classic,1
C00823,Nasser Almutairi,0599000823,nasser.almutairi823@example.com,Jeddah,B015,2025-07-16,Silver,0
C00824,Ghada Alamri,0599000824,ghada.alamri824@example.com,Riyadh,B005,2025-05-03,Classic,0
C00825,Lama Alshammari,0599000825,lama.alshammari825@example.com,Dhahran,B025,2025-09-03,Classic,1
C00826,Faisal Alenezi,0599000826,faisal.alenezi826@example.com,Jazan,B033,2025-09-24,Silver,
C00827,Mona Alghamdi,0599000827,mona.alghamdi827@example.com,Riyadh,B007,2025-09-20,Classic,0
C00828,Jawaher Alenezi,0599000828,jawaher.alenezi828@example.com,Riyadh,B002,2021-10-28,Platinum,1
C00829,Sultan Albalawi,0599000829,sultan.albalawi829@example.com,Jeddah,B017,2023-04-20,Classic,1
C00830,Dana Alharbi,0599000830,dana.alharbi830@example.com,Khamis Mushait,B032,2021-08-27,Silver,1
C00831,Omar Alharbi,0599000831,omar.alharbi831@example.com,Dammam,B023,2023-11-08,Classic,1
C00832,Hind Alharbi,0599000832,hind.alharbi832@example.com,Jeddah,B021,2025-04-27,Gold,0
C00833,Bandar Alshehri,0599000833,bandar.alshehri833@example.com,Riyadh,B008,2021-01-01,Classic,1
C00834,Ziyad Alharbi,0599000834,ziyad.alharbi834@example.com,Jazan,B033,2023-02-10,Gold,1
C00835,Hessa Alamri,0599000835,hessa.alamri835@example.com,Jeddah,B022,2024-03-05,Classic,0
C00836,Faisal Almalki,0599000836,faisal.almalki836@example.com,Jazan,B033,2023-10-31,Classic,1
C00837,Ali Alhajri,0599000837,ali.alhajri837@example.com,Riyadh,B004,2022-01-30,Gold,0
C00838,Haya Aldawsari,0599000838,haya.aldawsari838@example.com,Dammam,B028,2026-01-24,Classic,1
C00839,Majed Albalawi,0599000839,majed.albalawi839@example.com,Makkah,B018,2026-03-02,Classic,1
C00840,Haya Alsaeed,05123456789,haya.alsaeed840@example.com,Khobar,B024,2021-01-19,Platinum,1
C00841,Yousef Alzahrani,0599000841,yousef.alzahrani841@example.com,Dhahran,B030,2021-10-03,Platinum,1
C00842,Jawaher Alamri,0599000842,jawaher.alamri842@example.com,Jeddah,B017,2024-06-06,Gold,0
C00843,Sara Alqahtani,0599000843,sara.alqahtani843@example.com,Al Kharj,B011,2021-05-19,Classic,0
C00844,Amal Alsubaie,0599000844,amal.alsubaie844@example.com,Jeddah,B016,2023-09-07,Gold,1
C00845,Turki Alfaraj,0599000845,turki.alfaraj845@example.com,Abha,B035,2025-07-29,Classic,0
C00846,Sara Alhajri,0599000846,sara.alhajri846@example.com,Jeddah,B015,2024-09-18,Silver,1
C00847,Mohammed Alghamdi,0599000847,mohammed.alghamdi847@example.com,Jeddah,B022,2021-12-06,Classic,1
C00848,Majed Alghamdi,0599000848,majed.alghamdi848@example.com,Riyadh,B009,2023-07-24,Classic,1
C00849,Bandar Alzahrani,0599000849,bandar.alzahrani849@example.com,Riyadh,B008,2021-08-16,Silver,1
C00850,Fahad Alanazi,0599000850,fahad.alanazi850@example.com,Taif,B020,2025-07-09,Classic,0
C00851,Maha Aldossary,0599000851,maha.aldossary851@example.com,Riyadh,B006,2023-11-18,Silver,1
C00852,Sara Alamri,0599000852,sara.alamri852@example.com,Riyadh,B008,2025-04-28,Silver,1
C00853,Lulwa Alkhaldi,0599000853,lulwa.alkhaldi853@example.com,Jazan,B033,2025-11-14,Classic,1
C00854,Lulwa Alqahtani,0599000854,lulwa.alqahtani854@example.com,Dammam,B028,2025-04-24,Platinum,1
C00855,Rakan Alrashidi,0599000855,rakan.alrashidi855@example.com,Riyadh,B003,2025-10-06,Platinum,1
C00856,Hind Alanazi,0599000856,hind.alanazi856@example.com,Hail,B038,2022-12-09,Classic,1
C00857,Shahad Alzahrani,0599000857,shahad.alzahrani857@example.com,Tabuk,B037,2024-04-07,Classic,1
C00858,Ziyad Alenezi,0599000858,ziyad.alenezi858@example.com,Riyadh,B003,2025-10-07,Silver,0
C00859,Mohammed Alotaibi,0599000859,mohammed.alotaibi859@example.com,Tabuk,B037,2022-05-11,Classic,1
C00860,Saud Alyami,0599000860,saud.alyami860@example.com,Dammam,B028,2025-08-23,Gold,0
C00861,Majed Alfaraj,0599000861,majed.alfaraj861@example.com,Jeddah,B015,2025-04-13,Classic,1
C00862,Dana Alharbi,0599000862,dana.alharbi862@example.com,Makkah,B018,2023-10-25,Classic,0
C00863,Yousef Alamri,0599000863,yousef.alamri863@example.com,Madinah,B019,2023-05-19,Classic,1
C00864,Abdullah Albalawi,0599000864,abdullah.albalawi864@example.com,Riyadh,B004,2023-12-15,Classic,
C00865,Khalid Alsaeed,0599000865,khalid.alsaeed865@example.com,Qassim,B010,2024-10-10,Silver,1
C00866,Khalid Albalawi,0599000866,khalid.albalawi866@example.com,Riyadh,B006,2026-01-05,Gold,0
C00867,Omar Albalawi,0599000867,omar.albalawi867@example.com,Riyadh,B006,2025-08-27,Silver,1
C00868,Yousef Alfaraj,0599000868,yousef.alfaraj868@example.com,Riyadh,B001,2025-06-14,Silver,0
C00869,Omar Alhajri,0599000869,omar.alhajri869@example.com,Abha,B031,2023-09-03,Classic,0
C00870,Dana Aldawsari,0599000870,dana.aldawsari870@example.com,Riyadh,B001,2024-07-11,Silver,0
C00871,Nasser Alnaimi,0599000871,nasser.alnaimi871@example.com,Jeddah,B017,2025-02-18,Classic,1
C00872,Mona Alghamdi,0599000872,mona.alghamdi872@example.com,Riyadh,B003,2024-09-08,Classic,
C00873,Omar Alanazi,0599000873,omar.alanazi873@example.com,Dammam,B028,2023-10-05,Platinum,0
C00874,Maha Alhajri,0599000874,maha.alhajri874@example.com,Riyadh,B006,2022-12-29,Silver,0
C00875,Rakan Aljohani,0599000875,rakan.aljohani875@example.com,Jeddah,B013,2022-11-12,Classic,1
C00876,Omar Almalki,0599000876,omar.almalki876@example.com,Khobar,B029,2023-05-26,Classic,1
C00877,Sultan Alqahtani,0599000877,sultan.alqahtani877@example.com,Dhahran,B025,2026-02-21,Silver,0
C00878,Omar Almalki,0599000878,omar.almalki878@example.com,Riyadh,B003,2023-09-03,Silver,0
C00879,Mohammed Aldawsari,0599000879,mohammed.aldawsari879@example.com,Riyadh,B001,2025-03-29,Classic,0
C00880,Hind Albalawi,0599000880,hind.albalawi880@example.com,Makkah,B018,2023-09-20,Classic,1
C00881,Majed Aldossary,0599000881,majed.aldossary881@example.com,Riyadh,B005,2023-08-14,Gold,0
C00882,Jawaher Alshammari,0599000882,jawaher.alshammari882@example.com,Dhahran,B030,2026-04-12,Classic,1
C00883,Haya Alfaraj,0599000883,haya.alfaraj883@example.com,Riyadh,B008,2021-04-22,Classic,1
C00884,Sultan Alfaraj,0599000884,sultan.alfaraj884@example.com,Tabuk,B037,2021-09-07,Classic,0
C00885,Maha Alamri,0599000885,maha.alamri885@example.com,Dhahran,B025,2025-04-14,Classic,1
C00886,Turki Alharbi,0599000886,turki.alharbi886@example.com,Dammam,B023,2023-05-05,Silver,1
C00887,Amal Alsubaie,0599000887,amal.alsubaie887@example.com,Al Ahsa,B026,2026-06-05,Classic,1
C00888,Dana Alqahtani,0599000888,dana.alqahtani888@example.com,Riyadh,B001,2026-04-06,Classic,1
C00889,Hind Alenezi,0599000889,hind.alenezi889@example.com,Jeddah,B015,2025-09-29,Classic,1
C00890,Mohammed Aldawsari,0599000890,mohammed.aldawsari890@example.com,Al Ahsa,B026,2022-03-10,Silver,1
C00891,Reem Alshehri,0599000891,reem.alshehri891@example.com,Riyadh,B004,2025-03-31,Classic,1
C00892,Turki Alsubaie,0599000892,turki.alsubaie892@example.com,Riyadh,B006,2024-01-11,Silver,1
C00893,Bandar Alshehri,0599000893,bandar.alshehri893@example.com,Riyadh,B007,2022-10-26,Classic,1
C00894,Reem Aldossary,0599000894,reem.aldossary894@example.com,Riyadh,B003,2026-01-24,Classic,1
C00895,Mohammed Alsaeed,0599000895,mohammed.alsaeed895@example.com,Hail,B038,2023-10-28,Classic,1
C00896,Dana Alrashidi,0599000896,dana.alrashidi896@example.com,Jeddah,B013,2024-02-05,Silver,1
C00897,Rawan Aljohani,0599000897,rawan.aljohani897@example.com,Najran,B034,2025-11-24,Silver,1
C00898,Shahad Alsubaie,0599000898,shahad.alsubaie898@example.com,Riyadh,B004,2025-10-13,Silver,1
C00899,Atheer Albalawi,0599000899,atheer.albalawi899@example.com,Khobar,B024,2025-02-13,Classic,
C00900,Amal Alsubaie,0599000900,amal.alsubaie900@example.com,Khamis Mushait,B036,2024-03-16,Silver,1
C00901,Shahad Alrashidi,0599000901,shahad.alrashidi901@example.com,Jeddah,B015,2025-01-09,Classic,0
C00902,Shahad Alotaibi,0599000902,shahad.alotaibi902@example.com,Al Jouf,B039,2025-11-26,Classic,1
C00903,Ziyad Alyami,0000000000,ziyad.alyami903@example.com,Taif,B020,2026-02-19,Classic,1
C00904,Sultan Albalawi,0599000904,sultan.albalawi904@example.com,Dammam,B023,2021-12-06,Classic,0
C00905,Saud Aldawsari,0599000905,saud.aldawsari905@example.com,Jubail,B027,2022-03-24,Classic,1
C00906,Mohammed Alnaimi,0599000906,mohammed.alnaimi906@example.com,Jeddah,B021,2024-04-19,Platinum,1
C00907,Ghada Alharbi,0599000907,ghada.alharbi907@example.com,Dammam,B028,2023-03-03,Classic,1
C00908,Yousef Alqahtani,0599000908,yousef.alqahtani908@example.com,Qassim,B010,2025-12-05,Classic,1
C00909,Yousef Alyami,0599000909,yousef.alyami909@example.com,Riyadh,B007,2025-01-04,Classic,1
C00910,Jawaher Alamri,0599000910,jawaher.alamri910@example.com,Taif,B020,2023-06-19,Gold,1
C00911,Faisal Alotaibi,0599000911,faisal.alotaibi911@example.com,Khobar,B029,2024-06-06,Classic,1
C00912,Abdullah Alsaeed,0599000912,abdullah.alsaeed912@example.com,Khamis Mushait,B032,2025-06-01,Classic,0
C00913,Nasser Alzahrani,0599000913,nasser.alzahrani913@example.com,Jeddah,B022,2025-10-12,Classic,1
C00914,Mona Alnaimi,0599000914,mona.alnaimi914@example.com,Dhahran,B025,2024-01-23,Classic,1
C00915,Khalid Alshehri,0599000915,khalid.alshehri915@example.com,Khamis Mushait,B032,2024-12-17,Gold,0
C00916,Khalid Alhajri,0599000916,khalid.alhajri916@example.com,Jeddah,B017,2024-04-29,Classic,
C00917,Faisal Aldawsari,0599000917,faisal.aldawsari917@example.com,Jubail,B027,2024-12-14,Silver,1
C00918,Rawan Aldossary,0599000918,rawan.aldossary918@example.com,Abha,B035,2026-01-06,Gold,1
C00919,Ali Alkhaldi,0599000919,ali.alkhaldi919@example.com,Riyadh,B003,2024-03-13,Gold,1
C00920,Shahad Alghamdi,0599000920,shahad.alghamdi920@example.com,Al Kharj,B011,2025-08-03,Platinum,1
C00921,Atheer Alfaraj,0599000921,atheer.alfaraj921@example.com,Jeddah,B022,2024-10-04,Silver,1
C00922,Nasser Alkhaldi,0599000922,nasser.alkhaldi922@example.com,Jubail,B027,2026-02-25,Classic,1
C00923,Sultan Alamri,0599000923,sultan.alamri923@example.com,Riyadh,B006,2025-06-07,Classic,0
C00924,Turki Albalawi,0599000924,turki.albalawi924@example.com,Qassim,B010,2025-09-14,Silver,0
C00925,Mona Alsubaie,0599000925,mona.alsubaie925@example.com,Abha,B031,2024-11-14,Classic,1
C00926,Sultan Alnaimi,0599000926,sultan.alnaimi926@example.com,Dammam,B028,2024-05-05,Classic,1
C00927,Majed Alshehri,0599000927,majed.alshehri927@example.com,Makkah,B018,2026-01-11,Silver,1
C00928,Ziyad Alsaeed,0599000928,ziyad.alsaeed928@example.com,Riyadh,B003,2024-05-29,Gold,0
C00929,Jawaher Alfaraj,0599000929,jawaher.alfaraj929@example.com,Qassim,B010,2024-06-17,Classic,0
C00930,Faisal Almalki,0599000930,faisal.almalki930@example.com,Khobar,B029,2025-10-21,Classic,1
C00931,Jawaher Alghamdi,0599000931,jawaher.alghamdi931@example.com,Al Ahsa,B026,2021-10-10,Classic,1
C00932,Shahad Alotaibi,0599000932,shahad.alotaibi932@example.com,Riyadh,B009,2024-06-14,Gold,0
C00933,Turki Alshammari,0599000933,turki.alshammari933@example.com,Jeddah,B015,2024-12-11,Classic,0
C00934,Majed Alqahtani,0599000934,majed.alqahtani934@example.com,Riyadh,B002,2025-05-13,Classic,1
C00935,Turki Alfaraj,0599000935,turki.alfaraj935@example.com,Riyadh,B008,2021-07-20,Classic,1
C00936,Saud Alzahrani,0599000936,saud.alzahrani936@example.com,Riyadh,B003,2026-01-30,Gold,0
C00937,Sara Alkhaldi,0599000937,sara.alkhaldi937@example.com,Dammam,B028,2026-03-07,Gold,0
C00938,Rawan Aljohani,0599000938,rawan.aljohani938@example.com,Jeddah,B021,2026-01-31,Platinum,1
C00939,Jawaher Alrashidi,0599000939,jawaher.alrashidi939@example.com,Riyadh,B003,2026-03-09,Classic,1
C00940,Nasser Alhajri,0599000940,nasser.alhajri940@example.com,Qassim,B010,2026-04-24,Classic,0
C00941,Rawan Alenezi,0599000941,rawan.alenezi941@example.com,Riyadh,B003,2025-10-06,Classic,1
C00942,Fahad Alharbi,0599000942,fahad.alharbi942@example.com,Riyadh,B008,2025-08-01,Classic,1
C00943,Reem Alshammari,0599000943,reem.alshammari943@example.com,Riyadh,B007,2023-05-04,Classic,1
C00944,Sara Alghamdi,0599000944,sara.alghamdi944@example.com,Dhahran,B030,2024-08-08,Gold,1
C00945,Yousef Aldawsari,0599000945,yousef.aldawsari945@example.com,Dammam,B028,2022-06-12,Classic,1
C00946,Yousef Alqahtani,0599000946,yousef.alqahtani946@example.com,Riyadh,B004,2025-06-13,Silver,1
C00947,Rakan Alanazi,0599000947,rakan.alanazi947@example.com,Riyadh,B006,2024-04-28,Silver,1
C00948,Saud Alenezi,0599000948,saud.alenezi948@example.com,Tabuk,B040,2023-01-13,Gold,1
C00949,Bandar Alhajri,0599000949,bandar.alhajri949@example.com,Hail,B038,2025-04-23,Silver,0
C00950,Fahad Alotaibi,0599000950,fahad.alotaibi950@example.com,Riyadh,B004,2022-05-16,Silver,1
C00951,Mohammed Almalki,0599000951,mohammed.almalki951@example.com,Riyadh,B006,2023-06-15,Classic,1
C00952,Fahad Alanazi,0599000952,fahad.alanazi952@example.com,Makkah,B018,2025-03-19,Classic,1
C00953,Bandar Alsaeed,0599000953,bandar.alsaeed953@example.com,Jeddah,B016,2025-08-14,Silver,1
C00954,Haya Alfaraj,0599000954,haya.alfaraj954@example.com,Dammam,B028,2023-12-31,Gold,1
C00955,Amal Alqahtani,0599000955,amal.alqahtani955@example.com,Khamis Mushait,B032,2022-08-01,Classic,1
C00956,Majed Alshehri,0599000956,majed.alshehri956@example.com,Madinah,B019,2022-01-05,Classic,1
C00957,Yousef Alanazi,0599000957,yousef.alanazi957@example.com,Al Ahsa,B026,2022-08-20,Classic,1
C00958,Turki Alotaibi,0599000958,turki.alotaibi958@example.com,Qassim,B010,2025-06-12,Classic,1
C00959,Lama Alyami,0599000959,lama.alyami959@example.com,Dhahran,B030,2024-01-15,Gold,1
C00960,Fahad Alsubaie,0599000960,fahad.alsubaie960@example.com,Dammam,B023,2025-12-12,Classic,1
C00961,Abdullah Alenezi,0599000961,abdullah.alenezi961@example.com,Khobar,B024,2021-10-16,Classic,1
C00962,Ali Alshammari,0599000962,ali.alshammari962@example.com,Riyadh,B008,2024-06-05,Classic,1
C00963,Majed Alenezi,0599000963,majed.alenezi963@example.com,Dammam,B028,2023-07-11,Classic,1
C00964,Khalid Alamri,0599000964,khalid.alamri964@example.com,Abha,B035,2021-04-01,Classic,1
C00965,Faisal Aldawsari,0599000965,faisal.aldawsari965@example.com,Dhahran,B025,2022-05-21,Silver,0
C00966,Atheer Alnaimi,0599000966,atheer.alnaimi966@example.com,Riyadh,B002,2025-12-09,Gold,1
C00967,Faisal Alsaeed,0599000967,faisal.alsaeed967@example.com,Riyadh,B002,2026-03-05,Classic,1
C00968,Mona Almutairi,0599000968,mona.almutairi968@example.com,Al Jouf,B039,2022-11-22,Gold,0
C00969,Hessa Aldawsari,0599000969,hessa.aldawsari969@example.com,Riyadh,B007,2021-03-22,Silver,1
C00970,Abdullah Alnaimi,0599000970,abdullah.alnaimi970@example.com,Dammam,B023,2023-12-04,Classic,1
C00971,Abdullah Almutairi,0599000971,abdullah.almutairi971@example.com,Taif,B020,2026-06-01,Silver,1
C00972,Haya Alhajri,0599000972,haya.alhajri972@example.com,Jeddah,B015,2023-09-08,Classic,1
C00973,Rakan Alkhaldi,0599000973,rakan.alkhaldi973@example.com,Al Ahsa,B026,2025-01-13,Silver,1
C00974,Sara Alkhaldi,0599000974,sara.alkhaldi974@example.com,Al Ahsa,B026,2025-01-27,Gold,
C00975,Abdullah Aldawsari,0599000975,abdullah.aldawsari975@example.com,Dhahran,B025,2025-07-23,Classic,1
C00976,Ghada Alotaibi,0599000976,ghada.alotaibi976@example.com,Riyadh,B004,2024-11-23,Gold,0
C00977,Dana Aldossary,0599000977,dana.aldossary977@example.com,Riyadh,B001,2025-03-28,Classic,0
C00978,Lama Alyami,0599000978,lama.alyami978@example.com,Riyadh,B003,2025-05-27,Classic,0
C00979,Rawan Alamri,0599000979,rawan.alamri979@example.com,Khobar,B024,2026-02-01,Classic,1
C00980,Mohammed Alhajri,0599000980,mohammed.alhajri980@example.com,Riyadh,B005,2025-03-04,Silver,1
C00981,Majed Alkhaldi,0599000981,majed.alkhaldi981@example.com,Jeddah,B014,2021-09-13,Gold,1
C00982,Yousef Aldossary,0599000982,yousef.aldossary982@example.com,Khobar,B029,2022-05-06,Silver,1
C00983,Bandar Alamri,0599000983,bandar.alamri983@example.com,Al Ahsa,B026,2022-09-22,Classic,1
C00984,Reem Alshammari,0599000984,reem.alshammari984@example.com,Riyadh,B004,2026-04-11,Gold,0
C00985,Jawaher Aldossary,0599000985,jawaher.aldossary985@example.com,Dammam,B023,2026-01-02,Gold,1
C00986,Ghada Alsaeed,0599000986,ghada.alsaeed986@example.com,Jeddah,B013,2021-05-29,Gold,0
C00987,Fahad Alnaimi,0599000987,fahad.alnaimi987@example.com,Jeddah,B015,2022-09-29,Gold,1
C00988,Ziyad Almalki,0599000988,ziyad.almalki988@example.com,Najran,B034,2025-03-23,Classic,1
C00989,Rakan Albalawi,0599000989,rakan.albalawi989@example.com,Riyadh,B002,2022-06-17,Classic,1
C00990,Hessa Alsaeed,0599000990,hessa.alsaeed990@example.com,Riyadh,B003,2025-11-09,Gold,1
C00991,Lulwa Almutairi,0599000991,lulwa.almutairi991@example.com,Abha,B031,2021-11-25,Silver,1
C00992,Turki Alamri,0599000992,turki.alamri992@example.com,Makkah,B018,2023-05-21,Gold,
C00993,Saud Alnaimi,0599000993,saud.alnaimi993@example.com,Riyadh,B008,2021-02-12,Classic,1
C00994,Mohammed Aljohani,0599000994,mohammed.aljohani994@example.com,Hail,B038,2023-09-13,Silver,1
C00995,Bandar Alrashidi,0599000995,bandar.alrashidi995@example.com,Abha,B035,2026-05-03,Classic,1
C00996,Yousef Albalawi,0599000996,yousef.albalawi996@example.com,Qassim,B010,2025-04-20,Silver,1
C00997,Noura Alyami,0599000997,noura.alyami997@example.com,Abha,B031,2025-03-03,Silver,0
C00998,Amal Almutairi,0599000998,amal.almutairi998@example.com,Jeddah,B013,2026-03-07,Silver,1
C00999,Jawaher Alsubaie,0599000999,jawaher.alsubaie999@example.com,Khobar,B029,2023-07-05,Gold,1
C01000,Reem Alqahtani,0599001000,reem.alqahtani1000@example.com,Khobar,B024,2023-05-05,Silver,1
C01001,Ali Alkhaldi,0599001001,ali.alkhaldi1001@example.com,Al Kharj,B011,2023-12-11,Classic,1
C01002,Lama Alsubaie,0599001002,lama.alsubaie1002@example.com,Riyadh,B003,2022-06-05,Classic,1
C01003,Turki Alyami,0599001003,turki.alyami1003@example.com,Jeddah,B014,2022-08-25,Gold,1
C01004,Shahad Alamri,0599001004,shahad.alamri1004@example.com,Riyadh,B006,2026-06-05,Classic,1
C01005,Shahad Alharbi,0599001005,shahad.alharbi1005@example.com,Riyadh,B012,2025-08-09,Classic,0
C01006,Ziyad Aljohani,0599001006,ziyad.aljohani1006@example.com,Abha,B035,2026-04-01,Classic,1
C01007,Mona Alsubaie,0599001007,mona.alsubaie1007@example.com,Riyadh,B001,2023-04-10,Gold,1
C01008,Fahad Aldossary,0599001008,fahad.aldossary1008@example.com,Taif,B020,2021-04-01,Gold,1
C01009,Jawaher Albalawi,0599001009,jawaher.albalawi1009@example.com,Riyadh,B001,2022-01-30,Silver,1
C01010,Faisal Aldawsari,0599001010,faisal.aldawsari1010@example.com,Al Ahsa,B026,2021-08-11,Gold,0
C01011,Mohammed Alyami,0599001011,mohammed.alyami1011@example.com,Riyadh,B008,2023-12-05,Silver,1
C01012,Haya Aljohani,0599001012,haya.aljohani1012@example.com,Riyadh,B008,2022-01-08,Gold,0
C01013,Khalid Alyami,0599001013,khalid.alyami1013@example.com,Jeddah,B016,2026-02-05,Silver,1
C01014,Ziyad Alghamdi,0599001014,ziyad.alghamdi1014@example.com,Riyadh,B007,2026-04-26,Classic,0
C01015,Hessa Alenezi,0599001015,hessa.alenezi1015@example.com,Jeddah,B021,2022-05-09,Classic,1
C01016,Haya Alyami,0599001016,haya.alyami1016@example.com,Jeddah,B015,2022-02-25,Classic,0
C01017,Lama Alghamdi,0599001017,lama.alghamdi1017@example.com,Riyadh,B006,2026-01-19,Silver,1
C01018,Nasser Alkhaldi,0599001018,nasser.alkhaldi1018@example.com,Riyadh,B003,2024-01-07,Classic,0
C01019,Ziyad Alhajri,0599001019,ziyad.alhajri1019@example.com,Khamis Mushait,B032,2022-10-26,Classic,1
C01020,Ahmed Alsaeed,0599001020,ahmed.alsaeed1020@example.com,Khamis Mushait,B032,2025-10-15,Classic,1
C01021,Ali Alshammari,0599001021,ali.alshammari1021@example.com,Abha,B031,2024-09-08,Classic,1
C01022,Amal Alrashidi,0599001022,amal.alrashidi1022@example.com,Jazan,B033,2025-09-17,Gold,1
C01023,Majed Alharbi,0599001023,majed.alharbi1023@example.com,Jeddah,B022,2022-12-11,Classic,1
C01024,Sara Aldossary,0599001024,sara.aldossary1024@example.com,Jazan,B033,2021-05-10,Classic,1
C01025,Haya Albalawi,0599001025,haya.albalawi1025@example.com,Dammam,B023,2022-12-13,Classic,1
C01026,Ghada Alrashidi,0599001026,ghada.alrashidi1026@example.com,Khamis Mushait,B032,2026-01-20,Classic,0
C01027,Reem Aljohani,0599001027,reem.aljohani1027@example.com,Madinah,B019,2022-06-26,Silver,0
C01028,Jawaher Alamri,0599001028,jawaher.alamri1028@example.com,Jeddah,B017,2025-12-19,Classic,0
C01029,Ziyad Alhajri,0599001029,ziyad.alhajri1029@example.com,Jazan,B033,2025-01-17,Classic,1
C01030,Ziyad Alyami,0599001030,ziyad.alyami1030@example.com,Khamis Mushait,B036,2021-03-05,Gold,0
C01031,Jawaher Alzahrani,0599001031,jawaher.alzahrani1031@example.com,Riyadh,B008,2026-01-10,Classic,1
C01032,Amal Almutairi,0599001032,amal.almutairi1032@example.com,Jeddah,B016,2022-08-08,Gold,1
C01033,Lama Alsaeed,0599001033,lama.alsaeed1033@example.com,Riyadh,B007,2025-09-06,Classic,1
C01034,Abdullah Alnaimi,0599001034,abdullah.alnaimi1034@example.com,Riyadh,B004,2026-01-03,Classic,0
C01035,Saud Alanazi,0599001035,saud.alanazi1035@example.com,Riyadh,B007,2025-10-11,Silver,1
C01036,Hind Alamri,0599001036,hind.alamri1036@example.com,Tabuk,B037,2024-04-18,Gold,1
C01037,Fahad Alsubaie,0599001037,fahad.alsubaie1037@example.com,Al Ahsa,B026,2023-03-31,Gold,0
C01038,Sultan Alshammari,0599001038,sultan.alshammari1038@example.com,Al Jouf,B039,2025-07-13,Gold,0
C01039,Ali Almalki,0599001039,ali.almalki1039@example.com,Abha,B031,2025-09-22,Classic,1
C01040,Haya Alshammari,0599001040,haya.alshammari1040@example.com,Dhahran,B030,2021-11-28,Gold,1
C01041,Lulwa Alsubaie,0599001041,lulwa.alsubaie1041@example.com,Khamis Mushait,B032,2024-10-14,Classic,1
C01042,Saud Alfaraj,0599001042,saud.alfaraj1042@example.com,Jazan,B033,2025-08-23,Classic,1
C01043,Faisal Almalki,0599001043,faisal.almalki1043@example.com,Qassim,B010,2023-08-21,Silver,1
C01044,Ali Aldossary,0599001044,ali.aldossary1044@example.com,Jeddah,B013,2025-12-22,Classic,1
C01045,Shahad Alshammari,0599001045,shahad.alshammari1045@example.com,Khobar,B024,2021-10-07,Classic,1
C01046,Dana Aldawsari,0599001046,dana.aldawsari1046@example.com,Riyadh,B009,2022-09-22,Classic,1
C01047,Majed Alqahtani,0599001047,majed.alqahtani1047@example.com,Jeddah,B014,2025-05-29,Silver,1
C01048,Abdullah Alshehri,0599001048,abdullah.alshehri1048@example.com,Jubail,B027,2021-08-21,Classic,1
C01049,Mohammed Alyami,0599001049,mohammed.alyami1049@example.com,Dhahran,B030,2026-03-21,Silver,1
C01050,Ghada Aljohani,0599001050,ghada.aljohani1050@example.com,Riyadh,B009,2026-03-19,Classic,1
C01051,Yousef Alyami,0599001051,yousef.alyami1051@example.com,Taif,B020,2023-03-10,Silver,1
C01052,Majed Alfaraj,0599001052,majed.alfaraj1052@example.com,Khamis Mushait,B032,2024-08-22,Platinum,1
C01053,Mona Alanazi,0599001053,mona.alanazi1053@example.com,Riyadh,B005,2022-12-11,Silver,0
C01054,Jawaher Alotaibi,0599001054,jawaher.alotaibi1054@example.com,Dammam,B028,2023-04-02,Gold,1
C01055,Dana Alanazi,0599001055,dana.alanazi1055@example.com,Riyadh,B002,2021-04-10,Classic,0
C01056,Atheer Alanazi,0599001056,atheer.alanazi1056@example.com,Jeddah,B014,2022-04-27,Classic,0
C01057,Ziyad Alkhaldi,0599001057,ziyad.alkhaldi1057@example.com,Abha,B031,2021-09-07,Platinum,1
C01058,Haya Alharbi,0599001058,haya.alharbi1058@example.com,Riyadh,B003,2021-03-17,Classic,1
C01059,Turki Albalawi,0599001059,turki.albalawi1059@example.com,Abha,B031,2026-04-27,Silver,1
C01060,Ghada Alkhaldi,0599001060,ghada.alkhaldi1060@example.com,Jeddah,B017,2021-09-28,Classic,0
C01061,Ghada Alkhaldi,0599001061,ghada.alkhaldi1061@example.com,Qassim,B010,2023-07-06,Classic,1
C01062,Turki Alsubaie,0599001062,turki.alsubaie1062@example.com,Madinah,B019,2022-11-15,Classic,0
C01063,Sara Alharbi,0599001063,sara.alharbi1063@example.com,Riyadh,B005,2022-09-12,Classic,1
C01064,Mohammed Almutairi,0599001064,mohammed.almutairi1064@example.com,Riyadh,B003,2021-11-22,Gold,1
C01065,Ahmed Alzahrani,0599001065,ahmed.alzahrani1065@example.com,Al Kharj,B011,2025-08-09,Classic,1
C01066,Hessa Alshammari,0599001066,hessa.alshammari1066@example.com,Madinah,B019,2026-02-19,Classic,1
C01067,Abdullah Aldawsari,0599001067,abdullah.aldawsari1067@example.com,Riyadh,B006,2024-01-03,Silver,0
C01068,Sultan Almutairi,0599001068,sultan.almutairi1068@example.com,Khobar,B024,2026-04-06,Classic,1
C01069,Hind Alshammari,0599001069,hind.alshammari1069@example.com,Tabuk,B037,2025-08-31,Classic,1
C01070,Rawan Aljohani,0599001070,rawan.aljohani1070@example.com,Riyadh,B002,2025-02-11,Silver,1
C01071,Omar Almalki,0599001071,omar.almalki1071@example.com,Riyadh,B007,2021-04-01,Silver,1
C01072,Khalid Alhajri,0599001072,khalid.alhajri1072@example.com,Riyadh,B007,2025-03-15,Classic,1
C01073,Sultan Alnaimi,0599001073,sultan.alnaimi1073@example.com,Jeddah,B021,2026-02-08,Silver,1
C01074,Shahad Alshehri,0599001074,shahad.alshehri1074@example.com,Tabuk,B040,2021-02-06,Classic,1
C01075,Hessa Alzahrani,0599001075,hessa.alzahrani1075@example.com,Al Jouf,B039,2021-09-12,Classic,
C01076,Noura Alshammari,0599001076,noura.alshammari1076@example.com,Jeddah,B017,2024-02-02,Classic,1
C01077,Abdullah Alzahrani,0599001077,abdullah.alzahrani1077@example.com,Jubail,B027,2026-04-09,Classic,1
C01078,Maha Alfaraj,0599001078,maha.alfaraj1078@example.com,Riyadh,B012,2021-06-28,Platinum,1
C01079,Ziyad Albalawi,0599001079,ziyad.albalawi1079@example.com,Jeddah,B017,2022-05-06,Gold,1
C01080,Fahad Alhajri,0599001080,fahad.alhajri1080@example.com,Hail,B038,2025-06-15,Silver,1
C01081,Mohammed Aljohani,0599001081,mohammed.aljohani1081@example.com,Dhahran,B030,2023-08-16,Platinum,1
C01082,Majed Alfaraj,0599001082,majed.alfaraj1082@example.com,Khamis Mushait,B032,2026-04-09,Classic,1
C01083,Khalid Alnaimi,0599001083,khalid.alnaimi1083@example.com,Riyadh,B005,2025-04-20,Gold,1
C01084,Bandar Alyami,0599001084,bandar.alyami1084@example.com,Abha,B031,2025-04-20,Classic,0
C01085,Amal Alyami,0599001085,amal.alyami1085@example.com,Qassim,B010,2022-08-31,Silver,0
C01086,Maha Alnaimi,0599001086,maha.alnaimi1086@example.com,Jeddah,B017,2022-07-09,Classic,1
C01087,Mona Alhajri,0599001087,mona.alhajri1087@example.com,Al Ahsa,B026,2025-10-19,Classic,1
C01088,Rawan Almutairi,0599001088,rawan.almutairi1088@example.com,Riyadh,B004,2025-02-21,Classic,1
C01089,Haya Alshammari,0599001089,haya.alshammari1089@example.com,Qassim,B010,2026-04-28,Silver,0
C01090,Maha Almutairi,0599001090,maha.almutairi1090@example.com,Hail,B038,2024-07-12,Classic,0
C01091,Omar Alfaraj,0599001091,omar.alfaraj1091@example.com,Riyadh,B007,2025-05-12,Classic,0
C01092,Abdullah Almutairi,0599001092,abdullah.almutairi1092@example.com,Khamis Mushait,B036,2026-04-01,Platinum,1
C01093,Sara Almalki,0599001093,sara.almalki1093@example.com,Tabuk,B037,2024-11-19,Platinum,1
C01094,Shahad Aldawsari,0599001094,shahad.aldawsari1094@example.com,Madinah,B019,2023-07-26,Platinum,1
C01095,Majed Alotaibi,0599001095,majed.alotaibi1095@example.com,Dammam,B028,2022-08-09,Classic,1
C01096,Majed Alnaimi,0599001096,majed.alnaimi1096@example.com,Tabuk,B040,2021-05-23,Platinum,1
C01097,Reem Alqahtani,0599001097,reem.alqahtani1097@example.com,Madinah,B019,2021-06-30,Silver,1
C01098,Omar Alkhaldi,0599001098,omar.alkhaldi1098@example.com,Dammam,B023,2026-05-19,Classic,1
C01099,Maha Aljohani,0599001099,maha.aljohani1099@example.com,Riyadh,B003,2024-09-05,Silver,1
C01100,Jawaher Alsubaie,0599001100,jawaher.alsubaie1100@example.com,Riyadh,B007,2024-07-14,Classic,1
C01101,Hind Alharbi,0599001101,hind.alharbi1101@example.com,Jeddah,B017,2025-08-22,Classic,
C01102,Lulwa Alsaeed,0599001102,lulwa.alsaeed1102@example.com,Riyadh,B007,2025-02-09,Platinum,0
C01103,Sara Alanazi,0599001103,sara.alanazi1103@example.com,Abha,B035,2022-11-17,Classic,1
C01104,Lama Alhajri,0599001104,lama.alhajri1104@example.com,Jeddah,B017,2021-05-31,Silver,1
C01105,Sultan Almutairi,0599001105,sultan.almutairi1105@example.com,Jeddah,B016,2023-05-28,Silver,0
C01106,Shahad Alzahrani,0599001106,shahad.alzahrani1106@example.com,Riyadh,B005,2022-11-14,Gold,0
C01107,Maha Alsubaie,0599001107,maha.alsubaie1107@example.com,Abha,B031,2021-06-21,Classic,1
C01108,Yousef Alenezi,0599001108,yousef.alenezi1108@example.com,Madinah,B019,2026-03-17,Silver,1
C01109,Turki Alrashidi,0599001109,turki.alrashidi1109@example.com,Riyadh,B008,2021-12-14,Gold,1
C01110,Jawaher Alenezi,0599001110,jawaher.alenezi1110@example.com,Qassim,B010,2023-10-30,Gold,1
C01111,Sara Alsubaie,0599001111,sara.alsubaie1111@example.com,Riyadh,B001,2021-07-08,Classic,1
C01112,Ali Alfaraj,0599001112,ali.alfaraj1112@example.com,Riyadh,B004,2021-07-02,Silver,1
C01113,Bandar Alfaraj,0599001113,bandar.alfaraj1113@example.com,Taif,B020,2023-09-17,Silver,0
C01114,Ghada Alyami,0599001114,ghada.alyami1114@example.com,Khamis Mushait,B032,2022-04-02,Classic,1
C01115,Ali Alshehri,0599001115,ali.alshehri1115@example.com,Jeddah,B016,2023-06-01,Classic,0
C01116,Rakan Alharbi,0599001116,rakan.alharbi1116@example.com,Khamis Mushait,B032,2021-01-12,Classic,0
C01117,Ali Alsubaie,0599001117,ali.alsubaie1117@example.com,Dhahran,B025,2026-05-07,Platinum,1
C01118,Yousef Alsubaie,0599001118,yousef.alsubaie1118@example.com,Jeddah,B017,2025-12-30,Platinum,0
C01119,Hind Alhajri,0599001119,hind.alhajri1119@example.com,Jubail,B027,2026-04-16,Gold,0
C01120,Khalid Alshammari,0599001120,khalid.alshammari1120@example.com,Khamis Mushait,B032,2023-03-14,Classic,1
C01121,Shahad Almalki,0599001121,shahad.almalki1121@example.com,Jeddah,B021,2024-05-19,Silver,0
C01122,Shahad Alhajri,0599001122,shahad.alhajri1122@example.com,Riyadh,B001,2025-01-12,Gold,1
C01123,Reem Albalawi,0599001123,reem.albalawi1123@example.com,Abha,B031,2023-03-17,Classic,1
C01124,Yousef Alanazi,0599001124,yousef.alanazi1124@example.com,Qassim,B010,2024-07-19,Classic,1
C01125,Atheer Alenezi,0599001125,atheer.alenezi1125@example.com,Khobar,B029,2025-06-25,Silver,
C01126,Hessa Alzahrani,0599001126,hessa.alzahrani1126@example.com,Khobar,B029,2025-12-20,Gold,1
C01127,Faisal Alnaimi,0599001127,faisal.alnaimi1127@example.com,Riyadh,B001,2023-06-07,Classic,1
C01128,Rawan Almalki,0599001128,rawan.almalki1128@example.com,Jeddah,B017,2022-07-03,Classic,1
C01129,Saud Alshammari,0599001129,saud.alshammari1129@example.com,Tabuk,B037,2024-10-21,Classic,1
C01130,Ziyad Alanazi,0599001130,ziyad.alanazi1130@example.com,Khamis Mushait,B032,2025-08-04,Classic,1
C01131,Ali Albalawi,0599001131,ali.albalawi1131@example.com,Taif,B020,2024-05-10,Silver,0
C01132,Nasser Alenezi,0599001132,nasser.alenezi1132@example.com,Tabuk,B040,2025-04-03,Classic,1
C01133,Amal Alsubaie,0599001133,amal.alsubaie1133@example.com,Khobar,B024,2026-04-13,Gold,0
C01134,Maha Aldawsari,0599001134,maha.aldawsari1134@example.com,Riyadh,B009,2023-02-12,Silver,0
C01135,Dana Alhajri,0599001135,dana.alhajri1135@example.com,Riyadh,B008,2021-12-21,Classic,1
C01136,Ghada Aljohani,0599001136,ghada.aljohani1136@example.com,Riyadh,B002,2022-11-07,Gold,1
C01137,Rakan Alyami,0599001137,rakan.alyami1137@example.com,Riyadh,B007,2026-02-26,Classic,1
C01138,Hind Aldossary,0599001138,hind.aldossary1138@example.com,Dhahran,B030,2023-06-01,Platinum,0
C01139,Lulwa Alotaibi,0599001139,lulwa.alotaibi1139@example.com,Jeddah,B015,2025-02-04,Classic,1
C01140,Dana Alqahtani,0599001140,dana.alqahtani1140@example.com,Makkah,B018,2025-02-02,Classic,1
C01141,Maha Aldawsari,0599001141,maha.aldawsari1141@example.com,Dhahran,B030,2023-09-30,Classic,1
C01142,Atheer Alotaibi,0599001142,atheer.alotaibi1142@example.com,Riyadh,B004,2023-01-02,Platinum,1
C01143,Maha Alzahrani,0599001143,maha.alzahrani1143@example.com,Jeddah,B015,2021-09-02,Classic,1
C01144,Rakan Almutairi,0599001144,rakan.almutairi1144@example.com,Riyadh,B006,2023-12-27,Classic,1
C01145,Nasser Alnaimi,0599001145,nasser.alnaimi1145@example.com,Jeddah,B017,2021-12-12,Classic,1
C01146,Fahad Alsubaie,0599001146,fahad.alsubaie1146@example.com,Dhahran,B030,2025-06-20,Silver,0
C01147,Ziyad Alsaeed,0599001147,ziyad.alsaeed1147@example.com,Riyadh,B008,2023-06-09,Classic,1
C01148,Turki Alqahtani,0599001148,turki.alqahtani1148@example.com,Riyadh,B008,2026-02-11,Classic,0
C01149,Ghada Alrashidi,0599001149,ghada.alrashidi1149@example.com,Khobar,B024,2025-03-20,Silver,1
C01150,Rakan Aldossary,0599001150,rakan.aldossary1150@example.com,Riyadh,B003,2022-02-18,Classic,0
C01151,Ghada Alshammari,0599001151,ghada.alshammari1151@example.com,Riyadh,B001,2022-05-09,Classic,0
C01152,Bandar Alotaibi,0599001152,bandar.alotaibi1152@example.com,Riyadh,B002,2021-04-08,Classic,
C01153,Dana Alyami,0599001153,dana.alyami1153@example.com,Khamis Mushait,B032,2025-03-21,Classic,1
C01154,Rakan Alamri,0599001154,rakan.alamri1154@example.com,Qassim,B010,2025-06-14,Classic,1
C01155,Lulwa Alkhaldi,0599001155,lulwa.alkhaldi1155@example.com,Taif,B020,2023-01-20,Classic,1
C01156,Majed Aldawsari,0599001156,majed.aldawsari1156@example.com,Jeddah,B017,2021-03-29,Silver,0
C01157,Reem Alnaimi,0599001157,reem.alnaimi1157@example.com,Jubail,B027,2025-08-17,Gold,1
C01158,Dana Almalki,0599001158,dana.almalki1158@example.com,Al Jouf,B039,2021-12-29,Gold,1
C01159,Hind Alenezi,0599001159,hind.alenezi1159@example.com,Dammam,B028,2023-04-17,Silver,0
C01160,Yousef Alfaraj,0599001160,yousef.alfaraj1160@example.com,Riyadh,B005,2025-10-08,Classic,0
C01161,Faisal Aljohani,0599001161,faisal.aljohani1161@example.com,Dhahran,B030,2022-02-07,Silver,1
C01162,Omar Aldossary,0599001162,omar.aldossary1162@example.com,Al Ahsa,B026,2025-12-30,Gold,1
C01163,Jawaher Alghamdi,0599001163,jawaher.alghamdi1163@example.com,Riyadh,B007,2022-11-21,Silver,1
C01164,Yousef Alkhaldi,0599001164,yousef.alkhaldi1164@example.com,Makkah,B018,2021-07-29,Platinum,1
C01165,Dana Alrashidi,0599001165,dana.alrashidi1165@example.com,Tabuk,B040,2021-10-03,Classic,1
C01166,Haya Alyami,0599001166,haya.alyami1166@example.com,Khamis Mushait,B032,2026-04-10,Classic,1
C01167,Ziyad Alamri,0599001167,ziyad.alamri1167@example.com,Abha,B035,2025-05-26,Silver,1
C01168,Ahmed Alharbi,0599001168,ahmed.alharbi1168@example.com,Riyadh,B006,2026-04-19,Classic,1
C01169,Shahad Almutairi,0599001169,shahad.almutairi1169@example.com,Riyadh,B004,2026-05-27,Silver,1
C01170,Noura Alsubaie,0599001170,noura.alsubaie1170@example.com,Dhahran,B030,2025-04-26,Classic,1
C01171,Faisal Aldossary,0599001171,faisal.aldossary1171@example.com,Jeddah,B015,2025-10-05,Classic,0
C01172,Atheer Alotaibi,0599001172,atheer.alotaibi1172@example.com,Qassim,B010,2025-09-13,Classic,1
C01173,Lama Alzahrani,0599001173,lama.alzahrani1173@example.com,Al Kharj,B011,2021-12-04,Classic,1
C01174,Noura Alkhaldi,0599001174,noura.alkhaldi1174@example.com,Dhahran,B030,2023-08-02,Classic,1
C01175,Sultan Alyami,0599001175,sultan.alyami1175@example.com,Riyadh,B008,2021-03-18,Gold,1
C01176,Hessa Alharbi,0599001176,hessa.alharbi1176@example.com,Dammam,B023,2021-01-24,Silver,0
C01177,Fahad Aldawsari,0599001177,fahad.aldawsari1177@example.com,Khobar,B024,2021-11-01,Platinum,0
C01178,Atheer Alrashidi,0599001178,atheer.alrashidi1178@example.com,Tabuk,B040,2024-08-13,Classic,1
C01179,Noura Almalki,0599001179,noura.almalki1179@example.com,Riyadh,B002,2021-02-12,Classic,1
C01180,Mohammed Aldawsari,0599001180,mohammed.aldawsari1180@example.com,Jeddah,B021,2026-05-29,Gold,1
C01181,Noura Alfaraj,0599001181,noura.alfaraj1181@example.com,Riyadh,B008,2025-01-04,Silver,1
C01182,Majed Alrashidi,0599001182,majed.alrashidi1182@example.com,Riyadh,B003,2021-08-31,Classic,1
C01183,Sultan Almutairi,0599001183,sultan.almutairi1183@example.com,Makkah,B018,2026-03-13,Silver,0
C01184,Ali Alkhaldi,0599001184,ali.alkhaldi1184@example.com,Khamis Mushait,B032,2025-10-12,Gold,1
C01185,Hind Almalki,0599001185,hind.almalki1185@example.com,Qassim,B010,2025-09-16,Classic,1
C01186,Reem Alotaibi,0599001186,reem.alotaibi1186@example.com,Khamis Mushait,B036,2022-08-27,Silver,0
C01187,Hessa Alenezi,0599001187,hessa.alenezi1187@example.com,Khobar,B024,2025-02-09,Classic,1
C01188,Bandar Albalawi,0599001188,bandar.albalawi1188@example.com,Riyadh,B006,2025-10-31,Silver,1
C01189,Saud Alsaeed,0599001189,saud.alsaeed1189@example.com,Khobar,B029,2025-07-21,Classic,1
C01190,Jawaher Alhajri,0599001190,jawaher.alhajri1190@example.com,Khobar,B029,2023-06-20,Gold,1
C01191,Hessa Alshammari,0599001191,hessa.alshammari1191@example.com,Jeddah,B021,2021-12-09,Classic,0
C01192,Turki Alqahtani,0599001192,turki.alqahtani1192@example.com,Madinah,B019,2021-06-25,Classic,0
C01193,Turki Alamri,0599001193,turki.alamri1193@example.com,Khamis Mushait,B036,2021-08-09,Silver,1
C01194,Hind Alkhaldi,0599001194,hind.alkhaldi1194@example.com,Tabuk,B037,2025-06-11,Platinum,1
C01195,Lama Albalawi,0599001195,lama.albalawi1195@example.com,Jeddah,B017,2021-02-08,Gold,1
C01196,Sultan Alshammari,0599001196,sultan.alshammari1196@example.com,Dammam,B023,2025-05-27,Silver,1
C01197,Majed Alrashidi,0599001197,majed.alrashidi1197@example.com,Al Jouf,B039,2025-09-06,Platinum,0
C01198,Yousef Alfaraj,0599001198,yousef.alfaraj1198@example.com,Jeddah,B022,2025-02-08,Classic,
C01199,Sultan Alharbi,0599001199,sultan.alharbi1199@example.com,Jeddah,B016,2021-11-13,Classic,1
C01200,Sara Alamri,0599001200,sara.alamri1200@example.com,Riyadh,B003,2024-04-20,Silver,1
C01201,Sultan Alanazi,0599001201,sultan.alanazi1201@example.com,Riyadh,B008,2026-01-06,Classic,1
C01202,Mona Aldawsari,0599001202,mona.aldawsari1202@example.com,Riyadh,B003,2026-04-09,Gold,1
C01203,Faisal Alotaibi,0599001203,faisal.alotaibi1203@example.com,Riyadh,B007,2023-10-18,Gold,0
C01204,Lulwa Alsubaie,0599001204,lulwa.alsubaie1204@example.com,Jubail,B027,2024-10-31,Classic,1
C01205,Omar Alsaeed,0599001205,omar.alsaeed1205@example.com,Dhahran,B025,2025-09-23,Gold,1
C01206,Rakan Alfaraj,0599001206,rakan.alfaraj1206@example.com,Madinah,B019,2023-12-28,Platinum,1
C01207,Shahad Alshammari,0599001207,shahad.alshammari1207@example.com,Jeddah,B022,2025-12-09,Classic,1
C01208,Omar Alzahrani,0599001208,omar.alzahrani1208@example.com,Riyadh,B008,2025-07-11,Gold,1
C01209,Fahad Alsubaie,0599001209,fahad.alsubaie1209@example.com,Riyadh,B004,2025-02-12,Classic,1
C01210,Omar Alzahrani,0599001210,omar.alzahrani1210@example.com,Riyadh,B009,2025-01-13,Silver,1
C01211,Maha Alghamdi,0599001211,maha.alghamdi1211@example.com,Taif,B020,2021-11-10,Gold,
C01212,Abdullah Aljohani,0599001212,abdullah.aljohani1212@example.com,Jeddah,B016,2025-06-06,Gold,0
C01213,Ziyad Aldawsari,0599001213,ziyad.aldawsari1213@example.com,Jazan,B033,2025-09-09,Silver,1
C01214,Lama Aldossary,0599001214,lama.aldossary1214@example.com,Riyadh,B001,2021-02-24,Silver,1
C01215,Ali Almalki,0599001215,ali.almalki1215@example.com,Dammam,B028,2024-02-08,Silver,1
C01216,Rakan Albalawi,0599001216,rakan.albalawi1216@example.com,Riyadh,B007,2022-01-04,Gold,1
C01217,Lama Alghamdi,0599001217,lama.alghamdi1217@example.com,Dhahran,B025,2025-11-06,Classic,1
C01218,Turki Aljohani,0599001218,turki.aljohani1218@example.com,Taif,B020,2026-02-04,Classic,
C01219,Rawan Alfaraj,0599001219,rawan.alfaraj1219@example.com,Makkah,B018,2026-05-13,Silver,1
C01220,Hind Aldawsari,0000000000,hind.aldawsari1220@example.com,Khamis Mushait,B032,2023-07-14,Gold,0
C01221,Hessa Alenezi,0599001221,hessa.alenezi1221@example.com,Riyadh,B005,2022-07-25,Gold,1
C01222,Ghada Alyami,0599001222,ghada.alyami1222@example.com,Jeddah,B013,2026-05-25,Gold,1
C01223,Mona Alghamdi,0599001223,mona.alghamdi1223@example.com,Jeddah,B013,2026-05-06,Classic,1
C01224,Ziyad Alsaeed,0599001224,ziyad.alsaeed1224@example.com,Khobar,B024,2024-09-01,Silver,1
C01225,Faisal Almutairi,0599001225,faisal.almutairi1225@example.com,Jeddah,B017,2021-06-30,Classic,1
C01226,Atheer Alotaibi,0599001226,atheer.alotaibi1226@example.com,Dammam,B023,2023-04-07,Silver,1
C01227,Mohammed Albalawi,0599001227,mohammed.albalawi1227@example.com,Qassim,B010,2024-08-15,Classic,1
C01228,Mona Alenezi,0599001228,mona.alenezi1228@example.com,Riyadh,B007,2024-01-06,Silver,
C01229,Omar Alsaeed,0599001229,omar.alsaeed1229@example.com,Al Ahsa,B026,2025-11-19,Silver,1
C01230,Khalid Alghamdi,0599001230,khalid.alghamdi1230@example.com,Riyadh,B012,2023-10-29,Classic,1
C01231,Yousef Alnaimi,0599001231,yousef.alnaimi1231@example.com,Jubail,B027,2026-01-28,Gold,1
C01232,Reem Aljohani,0599001232,reem.aljohani1232@example.com,Makkah,B018,2021-05-14,Gold,0
C01233,Hessa Alghamdi,05123456789,hessa.alghamdi1233@example.com,Jeddah,B021,2023-03-18,Classic,1
C01234,Nasser Alotaibi,0599001234,nasser.alotaibi1234@example.com,Taif,B020,2021-08-26,Classic,0
C01235,Reem Alsubaie,0599001235,reem.alsubaie1235@example.com,Al Ahsa,B026,2025-07-30,Silver,1
C01236,Ghada Albalawi,0599001236,ghada.albalawi1236@example.com,Riyadh,B001,2026-06-10,Classic,1
C01237,Reem Almutairi,0599001237,reem.almutairi1237@example.com,Riyadh,B008,2024-08-25,Classic,1
C01238,Turki Aldawsari,0599001238,turki.aldawsari1238@example.com,Jubail,B027,2024-04-10,Classic,1
C01239,Ghada Alsubaie,0599001239,ghada.alsubaie1239@example.com,Al Kharj,B011,2026-01-27,Classic,1
C01240,Ahmed Albalawi,0599001240,ahmed.albalawi1240@example.com,Riyadh,B002,2025-04-04,Silver,
C01241,Abdullah Alkhaldi,0599001241,abdullah.alkhaldi1241@example.com,Riyadh,B001,2025-06-05,Classic,1
C01242,Ahmed Alqahtani,N/A,ahmed.alqahtani1242@example.com,Khobar,B024,2022-12-24,Platinum,1
C01243,Majed Alnaimi,0599001243,majed.alnaimi1243@example.com,Abha,B031,2025-08-21,Silver,1
C01244,Maha Alanazi,0599001244,maha.alanazi1244@example.com,Al Ahsa,B026,2022-12-22,Classic,1
C01245,Faisal Alnaimi,0599001245,faisal.alnaimi1245@example.com,Madinah,B019,2024-10-21,Classic,0
C01246,Fahad Alhajri,0599001246,fahad.alhajri1246@example.com,Jeddah,B013,2024-11-03,Classic,0
C01247,Jawaher Albalawi,0599001247,jawaher.albalawi1247@example.com,Hail,B038,2025-04-02,Platinum,0
C01248,Noura Alenezi,0599001248,noura.alenezi1248@example.com,Khobar,B029,2024-01-22,Classic,0
C01249,Nasser Aldossary,0599001249,nasser.aldossary1249@example.com,Madinah,B019,2023-09-06,Classic,1
C01250,Amal Almutairi,0599001250,amal.almutairi1250@example.com,Dammam,B023,2025-05-02,Classic,1
C01251,Fahad Alnaimi,0599001251,fahad.alnaimi1251@example.com,Riyadh,B012,2026-03-18,Classic,1
C01252,Ahmed Alotaibi,0599001252,ahmed.alotaibi1252@example.com,Riyadh,B005,2025-04-29,Classic,1
C01253,Hind Alnaimi,0599001253,hind.alnaimi1253@example.com,Taif,B020,2024-03-05,Classic,0
C01254,Rawan Albalawi,0599001254,rawan.albalawi1254@example.com,Jeddah,B017,2021-11-13,Platinum,0
C01255,Ghada Alzahrani,0599001255,ghada.alzahrani1255@example.com,Jazan,B033,2023-05-19,Classic,1
C01256,Haya Almutairi,0599001256,haya.almutairi1256@example.com,Riyadh,B005,2021-08-05,Silver,
C01257,Ahmed Alnaimi,0599001257,ahmed.alnaimi1257@example.com,Madinah,B019,2024-06-18,Gold,1
C01258,Sara Alsaeed,0599001258,sara.alsaeed1258@example.com,Taif,B020,2023-10-21,Classic,1
C01259,Noura Aldawsari,0599001259,noura.aldawsari1259@example.com,Najran,B034,2022-01-06,Classic,1
C01260,Fahad Alotaibi,0599001260,fahad.alotaibi1260@example.com,Khamis Mushait,B036,2025-08-21,Classic,1
C01261,Ahmed Almutairi,0599001261,ahmed.almutairi1261@example.com,Jeddah,B013,2025-06-28,Classic,0
C01262,Bandar Alshehri,0599001262,bandar.alshehri1262@example.com,Riyadh,B012,2025-12-13,Platinum,1
C01263,Shahad Alamri,0599001263,shahad.alamri1263@example.com,Al Ahsa,B026,2025-05-28,Silver,0
C01264,Amal Alenezi,0599001264,amal.alenezi1264@example.com,Khamis Mushait,B036,2026-01-08,Platinum,0
C01265,Yousef Alsubaie,0599001265,yousef.alsubaie1265@example.com,Riyadh,B005,2025-07-25,Classic,1
C01266,Faisal Alfaraj,0599001266,faisal.alfaraj1266@example.com,Khobar,B024,2023-02-26,Silver,1
C01267,Ghada Alhajri,0599001267,ghada.alhajri1267@example.com,Khamis Mushait,B032,2025-03-14,Classic,0
C01268,Mona Alotaibi,0599001268,mona.alotaibi1268@example.com,Qassim,B010,2025-02-15,Classic,1
C01269,Lama Aldossary,0599001269,lama.aldossary1269@example.com,Khamis Mushait,B032,2022-09-07,Classic,1
C01270,Nasser Alsubaie,0599001270,nasser.alsubaie1270@example.com,Riyadh,B001,2022-02-04,Classic,
C01271,Noura Alfaraj,0599001271,noura.alfaraj1271@example.com,Jeddah,B013,2024-01-07,Classic,1
C01272,Hind Alzahrani,0599001272,hind.alzahrani1272@example.com,Dammam,B028,2023-12-13,Classic,1
C01273,Maha Alkhaldi,0599001273,maha.alkhaldi1273@example.com,Khobar,B029,2025-02-21,Silver,1
C01274,Omar Alhajri,0599001274,omar.alhajri1274@example.com,Riyadh,B012,2025-11-02,Classic,1
C01275,Turki Alqahtani,0599001275,turki.alqahtani1275@example.com,Madinah,B019,2022-10-29,Classic,0
C01276,Bandar Alkhaldi,0599001276,bandar.alkhaldi1276@example.com,Qassim,B010,2026-06-06,Platinum,0
C01277,Dana Alharbi,0599001277,dana.alharbi1277@example.com,Khamis Mushait,B032,2025-11-10,Classic,1
C01278,Atheer Alenezi,0599001278,atheer.alenezi1278@example.com,Makkah,B018,2021-08-12,Silver,0
C01279,Omar Alqahtani,0599001279,omar.alqahtani1279@example.com,Al Ahsa,B026,2025-07-21,Silver,1
C01280,Ghada Almutairi,0599001280,ghada.almutairi1280@example.com,Riyadh,B003,2023-10-26,Silver,1
C01281,Dana Alyami,0599001281,dana.alyami1281@example.com,Taif,B020,2021-08-20,Gold,0
C01282,Faisal Alenezi,0599001282,faisal.alenezi1282@example.com,Riyadh,B001,2025-06-16,Classic,1
C01283,Sara Alfaraj,0599001283,sara.alfaraj1283@example.com,Khobar,B029,2022-01-03,Classic,1
C01284,Faisal Alamri,0599001284,faisal.alamri1284@example.com,Riyadh,B007,2023-09-17,Platinum,1
C01285,Omar Aljohani,0599001285,omar.aljohani1285@example.com,Khamis Mushait,B036,2023-07-11,Silver,0
C01286,Dana Almutairi,0599001286,dana.almutairi1286@example.com,Dhahran,B025,2022-05-13,Classic,1
C01287,Jawaher Alyami,0599001287,jawaher.alyami1287@example.com,Khobar,B024,2024-12-17,Classic,1
C01288,Shahad Alenezi,0599001288,shahad.alenezi1288@example.com,Jeddah,B016,2022-05-09,Classic,1
C01289,Omar Alhajri,0599001289,omar.alhajri1289@example.com,Taif,B020,2021-09-21,Classic,1
C01290,Lama Alshammari,0599001290,lama.alshammari1290@example.com,Qassim,B010,2023-01-24,Gold,1
C01291,Turki Alhajri,0599001291,turki.alhajri1291@example.com,Abha,B031,2026-06-02,Classic,1
C01292,Yousef Almutairi,0599001292,yousef.almutairi1292@example.com,Khobar,B029,2024-05-30,Classic,0
C01293,Reem Alnaimi,0599001293,reem.alnaimi1293@example.com,Riyadh,B002,2026-04-18,Silver,1
C01294,Bandar Alharbi,0599001294,bandar.alharbi1294@example.com,Madinah,B019,2025-11-18,Silver,0
C01295,Ali Albalawi,0599001295,ali.albalawi1295@example.com,Dammam,B028,2021-01-20,Classic,0
C01296,Ghada Alfaraj,0599001296,ghada.alfaraj1296@example.com,Dhahran,B030,2021-12-28,Gold,0
C01297,Faisal Alenezi,0599001297,faisal.alenezi1297@example.com,Taif,B020,2026-01-28,Silver,1
C01298,Rakan Alghamdi,0599001298,rakan.alghamdi1298@example.com,Jeddah,B022,2025-03-19,Classic,1
C01299,Yousef Alhajri,0599001299,yousef.alhajri1299@example.com,Hail,B038,2023-01-01,Classic,0
C01300,Dana Alharbi,0599001300,dana.alharbi1300@example.com,Jeddah,B014,2021-06-10,Classic,0
C01301,Abdullah Alamri,0599001301,abdullah.alamri1301@example.com,Makkah,B018,2023-11-07,Classic,1
C01302,Turki Alanazi,0599001302,turki.alanazi1302@example.com,Qassim,B010,2023-11-15,Classic,1
C01303,Faisal Alanazi,0599001303,faisal.alanazi1303@example.com,Jeddah,B015,2024-04-19,Classic,1
C01304,Hessa Alshammari,0599001304,hessa.alshammari1304@example.com,Khobar,B024,2025-05-28,Classic,1
C01305,Bandar Alghamdi,0599001305,bandar.alghamdi1305@example.com,Jeddah,B017,2023-10-18,Classic,1
C01306,Lama Alhajri,0599001306,lama.alhajri1306@example.com,Riyadh,B002,2021-02-09,Classic,1
C01307,Yousef Aldawsari,0599001307,yousef.aldawsari1307@example.com,Riyadh,B006,2024-03-01,Classic,1
C01308,Majed Alnaimi,0599001308,majed.alnaimi1308@example.com,Najran,B034,2021-03-18,Classic,0
C01309,Faisal Alqahtani,0599001309,faisal.alqahtani1309@example.com,Riyadh,B002,2023-03-31,Silver,0
C01310,Ghada Alenezi,0599001310,ghada.alenezi1310@example.com,Riyadh,B012,2025-01-29,Gold,1
C01311,Ghada Alqahtani,0599001311,ghada.alqahtani1311@example.com,Makkah,B018,2025-02-14,Silver,1
C01312,Nasser Alghamdi,0599001312,nasser.alghamdi1312@example.com,Riyadh,B012,2022-05-30,Silver,1
C01313,Shahad Alsaeed,0599001313,shahad.alsaeed1313@example.com,Riyadh,B004,2025-04-28,Silver,0
C01314,Maha Alotaibi,0599001314,maha.alotaibi1314@example.com,Riyadh,B007,2024-08-11,Classic,1
C01315,Ahmed Aljohani,0599001315,ahmed.aljohani1315@example.com,Abha,B035,2022-08-01,Silver,1
C01316,Majed Alzahrani,0599001316,majed.alzahrani1316@example.com,Jeddah,B016,2025-06-27,Classic,1
C01317,Khalid Alfaraj,0599001317,khalid.alfaraj1317@example.com,Dhahran,B025,2025-07-24,Classic,1
C01318,Fahad Almalki,0599001318,fahad.almalki1318@example.com,Al Kharj,B011,2021-08-14,Classic,1
C01319,Rawan Alsaeed,0599001319,rawan.alsaeed1319@example.com,Jeddah,B015,2025-11-28,Gold,1
C01320,Shahad Alhajri,0599001320,shahad.alhajri1320@example.com,Riyadh,B006,2024-08-10,Platinum,1
C01321,Rawan Alghamdi,0599001321,rawan.alghamdi1321@example.com,Riyadh,B009,2026-04-04,Silver,1
C01322,Mohammed Alyami,0599001322,mohammed.alyami1322@example.com,Jeddah,B016,2022-03-27,Silver,0
C01323,Majed Alzahrani,0599001323,majed.alzahrani1323@example.com,Jeddah,B016,2025-07-27,Gold,1
C01324,Ghada Alshehri,0599001324,ghada.alshehri1324@example.com,Khobar,B024,2025-01-20,Classic,0
C01325,Noura Almutairi,0599001325,noura.almutairi1325@example.com,Jeddah,B017,2021-12-28,Platinum,1
C01326,Reem Alrashidi,0599001326,reem.alrashidi1326@example.com,Riyadh,B007,2025-05-04,Gold,1
C01327,Rakan Alzahrani,0599001327,rakan.alzahrani1327@example.com,Madinah,B019,2023-02-10,Classic,0
C01328,Nasser Alqahtani,0599001328,nasser.alqahtani1328@example.com,Jeddah,B014,2022-11-01,Silver,1
C01329,Ziyad Almutairi,0599001329,ziyad.almutairi1329@example.com,Makkah,B018,2022-11-02,Platinum,1
C01330,Khalid Alanazi,0599001330,khalid.alanazi1330@example.com,Riyadh,B002,2025-09-22,Classic,1
C01331,Mona Aldossary,0599001331,mona.aldossary1331@example.com,Jeddah,B015,2021-04-01,Classic,0
C01332,Faisal Alhajri,0599001332,faisal.alhajri1332@example.com,Riyadh,B012,2025-01-16,Gold,0
C01333,Abdullah Alsaeed,0599001333,abdullah.alsaeed1333@example.com,Khamis Mushait,B036,2025-12-31,Classic,1
C01334,Khalid Alotaibi,0599001334,khalid.alotaibi1334@example.com,Jeddah,B017,2021-04-02,Classic,1
C01335,Reem Alrashidi,0599001335,reem.alrashidi1335@example.com,Khobar,B029,2024-02-07,Classic,1
C01336,Amal Alshehri,0599001336,amal.alshehri1336@example.com,Jubail,B027,2022-07-11,Silver,1
C01337,Lulwa Aldossary,0599001337,lulwa.aldossary1337@example.com,Riyadh,B001,2026-04-07,Classic,1
C01338,Reem Almutairi,0599001338,reem.almutairi1338@example.com,Riyadh,B003,2023-06-04,Silver,1
C01339,Lama Alhajri,0599001339,lama.alhajri1339@example.com,Khamis Mushait,B032,2026-05-18,Classic,1
C01340,Mohammed Alshammari,0599001340,mohammed.alshammari1340@example.com,Riyadh,B008,2021-08-25,Classic,1
C01341,Shahad Alkhaldi,0599001341,shahad.alkhaldi1341@example.com,Khamis Mushait,B036,2022-12-08,Gold,1
C01342,Bandar Almutairi,0599001342,bandar.almutairi1342@example.com,Riyadh,B006,2026-02-13,Silver,1
C01343,Fahad Alyami,0599001343,fahad.alyami1343@example.com,Najran,B034,2025-10-08,Gold,1
C01344,Reem Aldossary,0599001344,reem.aldossary1344@example.com,Jeddah,B014,2021-05-01,Silver,1
C01345,Jawaher Aljohani,0599001345,jawaher.aljohani1345@example.com,Jeddah,B022,2023-07-04,Silver,1
C01346,Ahmed Alzahrani,0599001346,ahmed.alzahrani1346@example.com,Al Kharj,B011,2025-06-25,Silver,1
C01347,Hind Alyami,0599001347,hind.alyami1347@example.com,Riyadh,B003,2026-04-30,Classic,1
C01348,Fahad Albalawi,0599001348,fahad.albalawi1348@example.com,Al Ahsa,B026,2026-01-09,Classic,1
C01349,Ali Alkhaldi,0599001349,ali.alkhaldi1349@example.com,Jazan,B033,2021-12-09,Silver,1
C01350,Bandar Alrashidi,0599001350,bandar.alrashidi1350@example.com,Al Jouf,B039,2025-12-08,Classic,1
C01351,Hind Aljohani,0599001351,hind.aljohani1351@example.com,Khamis Mushait,B032,2025-04-16,Classic,0
C01352,Saud Alfaraj,0599001352,saud.alfaraj1352@example.com,Riyadh,B004,2026-03-24,Classic,1
C01353,Abdullah Albalawi,0599001353,abdullah.albalawi1353@example.com,Al Ahsa,B026,2023-08-31,Classic,1
C01354,Ali Aldossary,0599001354,ali.aldossary1354@example.com,Riyadh,B001,2024-06-05,Classic,1
C01355,Bandar Alyami,0599001355,bandar.alyami1355@example.com,Jazan,B033,2025-09-13,Silver,1
C01356,Dana Albalawi,0599001356,dana.albalawi1356@example.com,Khobar,B024,2024-12-26,Silver,1
C01357,Lulwa Alanazi,0599001357,lulwa.alanazi1357@example.com,Dammam,B023,2021-01-04,Classic,0
C01358,Turki Alyami,0599001358,turki.alyami1358@example.com,Riyadh,B008,2023-06-26,Silver,0
C01359,Ziyad Alfaraj,0599001359,ziyad.alfaraj1359@example.com,Jeddah,B014,2025-02-02,Gold,0
C01360,Yousef Alamri,0599001360,yousef.alamri1360@example.com,Hail,B038,2022-06-14,Classic,0
C01361,Abdullah Alanazi,0599001361,abdullah.alanazi1361@example.com,Dammam,B028,2025-12-19,Gold,1
C01362,Rawan Alzahrani,966,rawan.alzahrani1362@example.com,Al Ahsa,B026,2024-01-24,Classic,1
C01363,Fahad Alshammari,0599001363,fahad.alshammari1363@example.com,Taif,B020,2021-03-02,Classic,0
C01364,Ali Aldawsari,0599001364,ali.aldawsari1364@example.com,Riyadh,B002,2024-01-28,Classic,1
C01365,Ziyad Alsubaie,0599001365,ziyad.alsubaie1365@example.com,Jubail,B027,2025-06-10,Classic,0
C01366,Bandar Alshammari,0599001366,bandar.alshammari1366@example.com,Dammam,B023,2021-03-12,Classic,1
C01367,Sultan Alghamdi,0599001367,sultan.alghamdi1367@example.com,Jeddah,B017,2021-04-29,Classic,0
C01368,Abdullah Almutairi,0599001368,abdullah.almutairi1368@example.com,Al Kharj,B011,2021-02-21,Gold,1
C01369,Noura Aljohani,0599001369,noura.aljohani1369@example.com,Riyadh,B012,2021-04-24,Silver,1
C01370,Dana Alnaimi,0599001370,dana.alnaimi1370@example.com,Riyadh,B012,2021-03-04,Classic,1
C01371,Amal Alzahrani,0599001371,amal.alzahrani1371@example.com,Taif,B020,2025-12-20,Gold,1
C01372,Reem Albalawi,0599001372,reem.albalawi1372@example.com,Jeddah,B013,2024-06-26,Classic,
C01373,Lama Alyami,0599001373,lama.alyami1373@example.com,Abha,B031,2021-01-14,Classic,1
C01374,Ghada Alhajri,0599001374,ghada.alhajri1374@example.com,Riyadh,B012,2024-03-14,Classic,1
C01375,Shahad Alotaibi,0599001375,shahad.alotaibi1375@example.com,Jeddah,B013,2026-04-21,Classic,1
C01376,Abdullah Aldossary,0599001376,abdullah.aldossary1376@example.com,Riyadh,B008,2024-02-06,Classic,1
C01377,Ziyad Alsubaie,0599001377,ziyad.alsubaie1377@example.com,Dhahran,B025,2024-08-15,Classic,1
C01378,Majed Alsaeed,0599001378,majed.alsaeed1378@example.com,Riyadh,B001,2024-12-03,Silver,1
C01379,Shahad Alkhaldi,0599001379,shahad.alkhaldi1379@example.com,Al Kharj,B011,2025-05-03,Classic,1
C01380,Shahad Alghamdi,0599001380,shahad.alghamdi1380@example.com,Dhahran,B030,2025-05-15,Classic,1
C01381,Turki Albalawi,0599001381,turki.albalawi1381@example.com,Riyadh,B012,2026-04-06,Silver,0
C01382,Sara Almutairi,0599001382,sara.almutairi1382@example.com,Khobar,B024,2023-12-16,Classic,1
C01383,Ali Alsubaie,0599001383,ali.alsubaie1383@example.com,Tabuk,B037,2026-05-08,Gold,1
C01384,Shahad Almutairi,0599001384,shahad.almutairi1384@example.com,Khobar,B024,2025-12-23,Classic,1
C01385,Lulwa Alfaraj,0599001385,lulwa.alfaraj1385@example.com,Qassim,B010,2022-08-06,Silver,0
C01386,Yousef Alhajri,0599001386,yousef.alhajri1386@example.com,Khamis Mushait,B032,2021-07-21,Silver,1
C01387,Mohammed Alyami,0599001387,mohammed.alyami1387@example.com,Al Ahsa,B026,2022-02-20,Gold,0
C01388,Khalid Alrashidi,0599001388,khalid.alrashidi1388@example.com,Al Jouf,B039,2021-09-18,Classic,1
C01389,Ghada Alhajri,0599001389,ghada.alhajri1389@example.com,Makkah,B018,2022-10-13,Classic,0
C01390,Fahad Alkhaldi,0599001390,fahad.alkhaldi1390@example.com,Riyadh,B002,2026-01-29,Gold,1
C01391,Mohammed Alfaraj,0599001391,mohammed.alfaraj1391@example.com,Al Kharj,B011,2024-09-20,Silver,0
C01392,Ali Alghamdi,0599001392,ali.alghamdi1392@example.com,Riyadh,B005,2024-02-07,Classic,1
C01393,Hind Albalawi,0599001393,hind.albalawi1393@example.com,Riyadh,B005,2025-05-16,Classic,0
C01394,Shahad Alshehri,0599001394,shahad.alshehri1394@example.com,Jubail,B027,2025-12-29,Classic,1
C01395,Jawaher Alkhaldi,0599001395,jawaher.alkhaldi1395@example.com,Madinah,B019,2023-07-15,Classic,1
C01396,Lama Alanazi,0599001396,lama.alanazi1396@example.com,Riyadh,B004,2026-05-23,Silver,1
C01397,Faisal Almutairi,0599001397,faisal.almutairi1397@example.com,Riyadh,B003,2023-02-05,Classic,0
C01398,Fahad Alsubaie,0599001398,fahad.alsubaie1398@example.com,Madinah,B019,2022-03-07,Silver,1
C01399,Noura Alshammari,0599001399,noura.alshammari1399@example.com,Riyadh,B006,2026-03-19,Platinum,1
C01400,Mohammed Alhajri,0599001400,mohammed.alhajri1400@example.com,Dhahran,B025,2024-05-02,Classic,0
C01401,Nasser Alanazi,0599001401,nasser.alanazi1401@example.com,Dhahran,B030,2026-05-04,Platinum,1
C01402,Lulwa Almalki,0599001402,lulwa.almalki1402@example.com,Najran,B034,2026-02-17,Silver,1
C01403,Nasser Alsubaie,0599001403,nasser.alsubaie1403@example.com,Riyadh,B005,2025-05-10,Silver,0
C01404,Atheer Aljohani,0599001404,atheer.aljohani1404@example.com,Tabuk,B040,2023-12-01,Classic,1
C01405,Lama Alnaimi,0599001405,lama.alnaimi1405@example.com,Riyadh,B007,2022-02-05,Classic,1
C01406,Atheer Alharbi,0599001406,atheer.alharbi1406@example.com,Riyadh,B009,2022-11-30,Platinum,1
C01407,Ali Almutairi,0599001407,ali.almutairi1407@example.com,Taif,B020,2024-07-04,Classic,1
C01408,Bandar Alharbi,0599001408,bandar.alharbi1408@example.com,Al Jouf,B039,2023-06-26,Classic,1
C01409,Ghada Alshammari,0599001409,ghada.alshammari1409@example.com,Dhahran,B025,2025-11-03,Classic,0
C01410,Yousef Alnaimi,0599001410,yousef.alnaimi1410@example.com,Jeddah,B015,2022-03-17,Classic,1
C01411,Shahad Aldawsari,0599001411,shahad.aldawsari1411@example.com,Jazan,B033,2021-01-06,Classic,1
C01412,Ahmed Alqahtani,0599001412,ahmed.alqahtani1412@example.com,Khamis Mushait,B032,2024-12-29,Classic,1
C01413,Sara Aljohani,0599001413,sara.aljohani1413@example.com,Tabuk,B040,2026-02-16,Silver,1
C01414,Fahad Albalawi,0599001414,fahad.albalawi1414@example.com,Dhahran,B030,2021-12-22,Silver,1
C01415,Maha Alkhaldi,0599001415,maha.alkhaldi1415@example.com,Jeddah,B013,2025-12-31,Classic,0
C01416,Faisal Alkhaldi,0599001416,faisal.alkhaldi1416@example.com,Hail,B038,2022-07-31,Classic,0
C01417,Fahad Alyami,0599001417,fahad.alyami1417@example.com,Madinah,B019,2025-01-04,Gold,1
C01418,Lulwa Alnaimi,0599001418,lulwa.alnaimi1418@example.com,Jazan,B033,2026-04-08,Classic,0
C01419,Fahad Alshammari,0599001419,fahad.alshammari1419@example.com,Dhahran,B030,2025-07-31,Classic,0
C01420,Ghada Alshammari,0599001420,ghada.alshammari1420@example.com,Khobar,B029,2024-02-02,Gold,1
C01421,Amal Alotaibi,0599001421,amal.alotaibi1421@example.com,Jeddah,B021,2025-08-11,Gold,0
C01422,Reem Alenezi,0599001422,reem.alenezi1422@example.com,Riyadh,B002,2022-08-25,Classic,0
C01423,Hessa Alenezi,0599001423,hessa.alenezi1423@example.com,Riyadh,B004,2026-02-22,Silver,0
C01424,Rakan Aldossary,0599001424,rakan.aldossary1424@example.com,Khamis Mushait,B032,2025-10-08,Gold,0
C01425,Saud Aljohani,0599001425,saud.aljohani1425@example.com,Jeddah,B021,2023-09-07,Classic,0
C01426,Ghada Alqahtani,0599001426,ghada.alqahtani1426@example.com,Qassim,B010,2026-04-03,Silver,1
C01427,Lama Almutairi,0599001427,lama.almutairi1427@example.com,Dhahran,B025,2022-07-15,Gold,0
C01428,Ali Aljohani,0599001428,ali.aljohani1428@example.com,Hail,B038,2025-09-08,Classic,1
C01429,Amal Alshammari,0599001429,amal.alshammari1429@example.com,Riyadh,B007,2026-04-22,Classic,1
C01430,Noura Alrashidi,0599001430,noura.alrashidi1430@example.com,Al Ahsa,B026,2024-12-22,Gold,1
C01431,Sara Alyami,0599001431,sara.alyami1431@example.com,Khamis Mushait,B032,2021-08-12,Silver,0
C01432,Nasser Alamri,0599001432,nasser.alamri1432@example.com,Hail,B038,2023-12-05,Silver,1
C01433,Haya Alotaibi,0599001433,haya.alotaibi1433@example.com,Riyadh,B006,2022-07-27,Silver,0
C01434,Hind Alamri,0599001434,hind.alamri1434@example.com,Jazan,B033,2024-07-13,Silver,1
C01435,Ali Aldossary,0599001435,ali.aldossary1435@example.com,Riyadh,B009,2025-11-16,Silver,1
C01436,Lulwa Alotaibi,0599001436,lulwa.alotaibi1436@example.com,Riyadh,B012,2025-06-12,Classic,
C01437,Bandar Alghamdi,0599001437,bandar.alghamdi1437@example.com,Abha,B031,2025-11-22,Classic,1
C01438,Atheer Aldossary,0599001438,atheer.aldossary1438@example.com,Riyadh,B005,2025-10-13,Silver,1
C01439,Nasser Albalawi,0599001439,nasser.albalawi1439@example.com,Jazan,B033,2021-10-18,Classic,1
C01440,Nasser Alfaraj,0599001440,nasser.alfaraj1440@example.com,Madinah,B019,2025-11-27,Classic,1
C01441,Mohammed Alanazi,0599001441,mohammed.alanazi1441@example.com,Khamis Mushait,B032,2021-12-31,Classic,0
C01442,Abdullah Alyami,0599001442,abdullah.alyami1442@example.com,Riyadh,B005,2025-01-25,Silver,1
C01443,Ali Alnaimi,0599001443,ali.alnaimi1443@example.com,Abha,B035,2026-05-22,Classic,1
C01444,Rawan Alshehri,0599001444,rawan.alshehri1444@example.com,Riyadh,B003,2026-02-20,Classic,0
C01445,Atheer Alkhaldi,0599001445,atheer.alkhaldi1445@example.com,Al Ahsa,B026,2024-10-15,Silver,0
C01446,Atheer Alamri,0599001446,atheer.alamri1446@example.com,Riyadh,B001,2022-10-01,Classic,1
C01447,Lulwa Alanazi,0599001447,lulwa.alanazi1447@example.com,Tabuk,B037,2021-06-16,Classic,1
C01448,Ahmed Almalki,0599001448,ahmed.almalki1448@example.com,Najran,B034,2022-01-28,Silver,1
C01449,Mona Almalki,0599001449,mona.almalki1449@example.com,Dammam,B023,2024-03-29,Silver,0
C01450,Sultan Alotaibi,0599001450,sultan.alotaibi1450@example.com,Jeddah,B022,2026-06-10,Gold,1
C01451,Rawan Alqahtani,0599001451,rawan.alqahtani1451@example.com,Riyadh,B004,2025-07-09,Platinum,1
C01452,Rawan Alzahrani,0599001452,rawan.alzahrani1452@example.com,Al Kharj,B011,2025-11-19,Classic,1
C01453,Jawaher Almutairi,0599001453,jawaher.almutairi1453@example.com,Riyadh,B005,2024-07-13,Gold,
C01454,Mohammed Alsaeed,0599001454,mohammed.alsaeed1454@example.com,Jeddah,B017,2023-01-01,Silver,1
C01455,Amal Alsubaie,0599001455,amal.alsubaie1455@example.com,Khobar,B029,2022-10-24,Classic,1
C01456,Sara Alnaimi,0599001456,sara.alnaimi1456@example.com,Jeddah,B015,2023-09-19,Classic,0
C01457,Nasser Alrashidi,0599001457,nasser.alrashidi1457@example.com,Riyadh,B008,2021-05-24,Classic,1
C01458,Saud Aldossary,0599001458,saud.aldossary1458@example.com,Dhahran,B025,2026-01-21,Classic,0
C01459,Khalid Alshehri,0599001459,khalid.alshehri1459@example.com,Riyadh,B004,2021-02-09,Classic,0
C01460,Maha Alqahtani,0599001460,maha.alqahtani1460@example.com,Najran,B034,2022-07-14,Gold,1
C01461,Bandar Alshehri,0599001461,bandar.alshehri1461@example.com,Tabuk,B037,2023-11-27,Platinum,0
C01462,Noura Almutairi,0599001462,noura.almutairi1462@example.com,Jeddah,B014,2025-06-01,Silver,0
C01463,Amal Alzahrani,0599001463,amal.alzahrani1463@example.com,Riyadh,B006,2021-12-22,Silver,1
C01464,Ziyad Alsaeed,0599001464,ziyad.alsaeed1464@example.com,Dammam,B023,2025-04-19,Platinum,0
C01465,Sultan Alhajri,0599001465,sultan.alhajri1465@example.com,Riyadh,B005,2024-02-07,Classic,1
C01466,Haya Alshehri,0599001466,haya.alshehri1466@example.com,Jeddah,B013,2022-08-08,Classic,1
C01467,Ghada Almalki,0599001467,ghada.almalki1467@example.com,Madinah,B019,2025-04-20,Classic,1
C01468,Lama Albalawi,0599001468,lama.albalawi1468@example.com,Abha,B031,2022-06-16,Classic,
C01469,Shahad Alnaimi,0599001469,shahad.alnaimi1469@example.com,Jeddah,B016,2025-06-04,Classic,1
C01470,Sultan Alhajri,0599001470,sultan.alhajri1470@example.com,Riyadh,B009,2022-03-10,Classic,1
C01471,Majed Almalki,0599001471,majed.almalki1471@example.com,Hail,B038,2022-11-11,Silver,0
C01472,Faisal Alyami,0599001472,faisal.alyami1472@example.com,Al Jouf,B039,2021-09-10,Silver,1
C01473,Fahad Alnaimi,0599001473,fahad.alnaimi1473@example.com,Tabuk,B037,2022-05-26,Silver,1
C01474,Amal Alshehri,0599001474,amal.alshehri1474@example.com,Riyadh,B002,2025-06-17,Classic,1
C01475,Amal Alsaeed,0599001475,amal.alsaeed1475@example.com,Jeddah,B014,2023-12-06,Silver,1
C01476,Saud Alotaibi,0599001476,saud.alotaibi1476@example.com,Jeddah,B014,2021-11-22,Gold,1
C01477,Rawan Alharbi,0599001477,rawan.alharbi1477@example.com,Khamis Mushait,B036,2024-09-20,Classic,1
C01478,Sultan Alnaimi,0599001478,sultan.alnaimi1478@example.com,Riyadh,B012,2025-06-24,Gold,1
C01479,Sara Almalki,0599001479,sara.almalki1479@example.com,Dhahran,B025,2021-02-18,Silver,1
C01480,Ziyad Alshehri,0599001480,ziyad.alshehri1480@example.com,Khobar,B024,2025-12-02,Gold,1
C01481,Rawan Alsubaie,0599001481,rawan.alsubaie1481@example.com,Khobar,B029,2025-07-28,Classic,1
C01482,Faisal Alharbi,0599001482,faisal.alharbi1482@example.com,Madinah,B019,2024-04-05,Silver,0
C01483,Reem Aldawsari,0599001483,reem.aldawsari1483@example.com,Taif,B020,2026-03-06,Classic,1
C01484,Jawaher Aljohani,0599001484,jawaher.aljohani1484@example.com,Al Kharj,B011,2025-11-06,Classic,1
C01485,Ahmed Alhajri,0599001485,ahmed.alhajri1485@example.com,Al Ahsa,B026,2025-06-20,Classic,1
C01486,Lulwa Alfaraj,0599001486,lulwa.alfaraj1486@example.com,Riyadh,B003,2024-05-19,Classic,1
C01487,Shahad Almalki,0599001487,shahad.almalki1487@example.com,Al Kharj,B011,2023-05-17,Classic,0
C01488,Majed Almutairi,0599001488,majed.almutairi1488@example.com,Jeddah,B021,2021-03-25,Classic,1
C01489,Saud Alotaibi,0599001489,saud.alotaibi1489@example.com,Jubail,B027,2021-08-12,Silver,1
C01490,Jawaher Aldossary,0599001490,jawaher.aldossary1490@example.com,Riyadh,B006,2026-03-20,Classic,0
C01491,Ali Alharbi,0599001491,ali.alharbi1491@example.com,Dammam,B028,2025-11-08,Classic,1
C01492,Nasser Alshammari,0599001492,nasser.alshammari1492@example.com,Qassim,B010,2025-09-27,Classic,1
C01493,Reem Almutairi,0599001493,reem.almutairi1493@example.com,Dhahran,B030,2023-03-30,Platinum,1
C01494,Noura Alzahrani,0599001494,noura.alzahrani1494@example.com,Jeddah,B016,2021-03-15,Gold,1
C01495,Faisal Alenezi,0599001495,faisal.alenezi1495@example.com,Dhahran,B030,2025-07-02,Classic,1
C01496,Haya Alenezi,0599001496,haya.alenezi1496@example.com,Jeddah,B021,2026-05-01,Classic,1
C01497,Nasser Alsaeed,0599001497,nasser.alsaeed1497@example.com,Jeddah,B021,2024-01-01,Classic,1
C01498,Jawaher Alzahrani,0599001498,jawaher.alzahrani1498@example.com,Riyadh,B004,2025-06-19,Classic,1
C01499,Haya Alfaraj,0599001499,haya.alfaraj1499@example.com,Jeddah,B015,2026-04-25,Silver,1
C01500,Noura Alfaraj,0599001500,noura.alfaraj1500@example.com,Dhahran,B030,2024-08-12,Gold,1
C01501,Nasser Alanazi,0599001501,nasser.alanazi1501@example.com,Riyadh,B009,2026-02-20,Classic,1
C01502,Ghada Aljohani,0599001502,ghada.aljohani1502@example.com,Dhahran,B025,2021-09-08,Platinum,1
C01503,Hind Aldossary,0599001503,hind.aldossary1503@example.com,Al Ahsa,B026,2021-12-09,Silver,1
C01504,Lulwa Alamri,0599001504,lulwa.alamri1504@example.com,Tabuk,B037,2023-03-23,Classic,0
C01505,Hind Alotaibi,0599001505,hind.alotaibi1505@example.com,Riyadh,B007,2021-01-01,Silver,1
C01506,Sultan Alamri,0599001506,sultan.alamri1506@example.com,Taif,B020,2025-09-25,Classic,1
C01507,Ahmed Aldawsari,0599001507,ahmed.aldawsari1507@example.com,Tabuk,B040,2024-11-05,Silver,1
C01508,Rawan Aldossary,0599001508,rawan.aldossary1508@example.com,Riyadh,B007,2026-02-05,Gold,1
C01509,Majed Alenezi,0599001509,majed.alenezi1509@example.com,Riyadh,B009,2021-07-19,Platinum,1
C01510,Majed Alshehri,966,majed.alshehri1510@example.com,Jeddah,B016,2021-11-28,Classic,0
C01511,Mona Alenezi,0599001511,mona.alenezi1511@example.com,Riyadh,B006,2025-03-10,Platinum,1
C01512,Lama Alenezi,0599001512,lama.alenezi1512@example.com,Jeddah,B015,2025-06-11,Classic,1
C01513,Shahad Almalki,0599001513,shahad.almalki1513@example.com,Jeddah,B015,2025-01-30,Classic,1
C01514,Jawaher Alharbi,0599001514,jawaher.alharbi1514@example.com,Riyadh,B002,2025-06-28,Classic,0
C01515,Lulwa Alqahtani,0599001515,lulwa.alqahtani1515@example.com,Jeddah,B017,2022-07-21,Classic,1
C01516,Shahad Alfaraj,0599001516,shahad.alfaraj1516@example.com,Makkah,B018,2025-05-25,Classic,0
C01517,Faisal Alshammari,0599001517,faisal.alshammari1517@example.com,Jeddah,B022,2022-12-11,Classic,1
C01518,Maha Alsubaie,0599001518,maha.alsubaie1518@example.com,Makkah,B018,2024-09-29,Classic,
C01519,Saud Alamri,0599001519,saud.alamri1519@example.com,Najran,B034,2022-08-11,Classic,0
C01520,Noura Almalki,0599001520,noura.almalki1520@example.com,Jazan,B033,2021-01-23,Classic,0
C01521,Sara Aldawsari,0599001521,sara.aldawsari1521@example.com,Riyadh,B006,2023-11-18,Classic,0
C01522,Lama Alotaibi,0599001522,lama.alotaibi1522@example.com,Jeddah,B021,2022-02-17,Silver,1
C01523,Ahmed Alyami,0599001523,ahmed.alyami1523@example.com,Khamis Mushait,B032,2025-06-14,Silver,1
C01524,Yousef Alharbi,0512345,yousef.alharbi1524@example.com,Khamis Mushait,B036,2023-06-27,Silver,0
C01525,Faisal Alenezi,0599001525,faisal.alenezi1525@example.com,Qassim,B010,2022-10-15,Platinum,0
C01526,Turki Alshammari,0599001526,turki.alshammari1526@example.com,Riyadh,B012,2025-02-02,Classic,1
C01527,Faisal Almalki,0599001527,faisal.almalki1527@example.com,Jeddah,B016,2021-04-05,Classic,1
C01528,Sultan Alyami,0599001528,sultan.alyami1528@example.com,Riyadh,B002,2022-04-03,Platinum,1
C01529,Mona Aljohani,0599001529,mona.aljohani1529@example.com,Dammam,B028,2024-05-29,Classic,1
C01530,Saud Alamri,0599001530,saud.alamri1530@example.com,Riyadh,B004,2025-02-13,Classic,1
C01531,Sultan Alsubaie,0599001531,sultan.alsubaie1531@example.com,Khobar,B029,2024-07-12,Classic,1
C01532,Fahad Alsubaie,0599001532,fahad.alsubaie1532@example.com,Madinah,B019,2022-10-29,Gold,1
C01533,Khalid Almalki,0599001533,khalid.almalki1533@example.com,Riyadh,B007,2025-11-12,Classic,1
C01534,Saud Alnaimi,0599001534,saud.alnaimi1534@example.com,Al Ahsa,B026,2026-06-09,Classic,0
C01535,Shahad Alsaeed,0599001535,shahad.alsaeed1535@example.com,Al Jouf,B039,2024-11-22,Gold,1
C01536,Hessa Albalawi,0599001536,hessa.albalawi1536@example.com,Qassim,B010,2025-05-12,Classic,1
C01537,Omar Alamri,0599001537,omar.alamri1537@example.com,Khobar,B024,2025-03-15,Classic,
C01538,Mohammed Alqahtani,0599001538,mohammed.alqahtani1538@example.com,Madinah,B019,2025-06-07,Silver,1
C01539,Dana Alsubaie,0599001539,dana.alsubaie1539@example.com,Riyadh,B009,2022-08-02,Gold,1
C01540,Rakan Alrashidi,0599001540,rakan.alrashidi1540@example.com,Khamis Mushait,B032,2025-04-13,Classic,1
C01541,Rakan Alghamdi,0599001541,rakan.alghamdi1541@example.com,Najran,B034,2021-10-25,Gold,0
C01542,Amal Alghamdi,0599001542,amal.alghamdi1542@example.com,Al Ahsa,B026,2024-06-12,Silver,1
C01543,Mohammed Albalawi,0599001543,mohammed.albalawi1543@example.com,Jeddah,B013,2022-03-22,Silver,0
C01544,Faisal Alzahrani,0599001544,faisal.alzahrani1544@example.com,Dhahran,B030,2022-09-11,Classic,1
C01545,Ali Aldossary,0599001545,ali.aldossary1545@example.com,Jubail,B027,2024-10-24,Classic,0
C01546,Maha Alnaimi,0599001546,maha.alnaimi1546@example.com,Al Kharj,B011,2021-07-07,Gold,1
C01547,Saud Albalawi,0599001547,saud.albalawi1547@example.com,Taif,B020,2023-01-24,Classic,0
C01548,Sara Alfaraj,0599001548,sara.alfaraj1548@example.com,Riyadh,B001,2021-10-13,Silver,1
C01549,Sara Aldawsari,0599001549,sara.aldawsari1549@example.com,Tabuk,B037,2021-10-19,Classic,1
C01550,Hessa Alamri,0599001550,hessa.alamri1550@example.com,Jeddah,B017,2026-02-18,Gold,1
C01551,Amal Alenezi,0599001551,amal.alenezi1551@example.com,Jeddah,B013,2021-07-23,Classic,1
C01552,Reem Alrashidi,0599001552,reem.alrashidi1552@example.com,Dhahran,B025,2023-05-08,Gold,1
C01553,Saud Alamri,0599001553,saud.alamri1553@example.com,Jeddah,B013,2024-09-09,Gold,0
C01554,Majed Alharbi,0599001554,majed.alharbi1554@example.com,Khobar,B029,2021-03-09,Classic,0
C01555,Abdullah Alqahtani,0599001555,abdullah.alqahtani1555@example.com,Riyadh,B008,2021-06-21,Classic,1
C01556,Ali Alghamdi,0599001556,ali.alghamdi1556@example.com,Jeddah,B014,2024-05-13,Classic,0
C01557,Noura Alharbi,0599001557,noura.alharbi1557@example.com,Taif,B020,2025-11-14,Classic,1
C01558,Fahad Alnaimi,0599001558,fahad.alnaimi1558@example.com,Khobar,B029,2026-01-29,Silver,0
C01559,Ahmed Albalawi,0599001559,ahmed.albalawi1559@example.com,Riyadh,B012,2024-05-21,Silver,1
C01560,Khalid Alhajri,0599001560,khalid.alhajri1560@example.com,Hail,B038,2024-02-11,Silver,1
C01561,Mohammed Alshehri,0599001561,mohammed.alshehri1561@example.com,Jubail,B027,2025-03-17,Platinum,1
C01562,Shahad Albalawi,0599001562,shahad.albalawi1562@example.com,Jeddah,B022,2023-07-02,Classic,0
C01563,Reem Alyami,0599001563,reem.alyami1563@example.com,Jeddah,B013,2022-03-29,Platinum,1
C01564,Ahmed Aldossary,0599001564,ahmed.aldossary1564@example.com,Riyadh,B005,2023-01-20,Classic,1
C01565,Reem Alqahtani,0599001565,reem.alqahtani1565@example.com,Riyadh,B006,2021-08-21,Classic,1
C01566,Mona Alzahrani,0599001566,mona.alzahrani1566@example.com,Riyadh,B003,2022-04-28,Gold,1
C01567,Mohammed Alsubaie,0599001567,mohammed.alsubaie1567@example.com,Tabuk,B037,2026-04-10,Classic,1
C01568,Noura Alghamdi,0599001568,noura.alghamdi1568@example.com,Riyadh,B007,2026-04-30,Silver,0
C01569,Sara Almalki,0599001569,sara.almalki1569@example.com,Taif,B020,2022-10-19,Classic,1
C01570,Lama Alnaimi,0599001570,lama.alnaimi1570@example.com,Riyadh,B005,2023-11-24,Classic,1
C01571,Ali Alqahtani,0599001571,ali.alqahtani1571@example.com,Riyadh,B005,2023-04-04,Classic,1
C01572,Majed Alyami,0599001572,majed.alyami1572@example.com,Dammam,B023,2024-02-04,Classic,1
C01573,Ali Alsaeed,0599001573,ali.alsaeed1573@example.com,Riyadh,B003,2025-04-15,Classic,0
C01574,Omar Alrashidi,0599001574,omar.alrashidi1574@example.com,Jeddah,B014,2021-02-04,Gold,0
C01575,Faisal Alamri,0599001575,faisal.alamri1575@example.com,Abha,B031,2022-02-23,Platinum,1
C01576,Noura Alzahrani,0599001576,noura.alzahrani1576@example.com,Jeddah,B016,2025-06-17,Classic,1
C01577,Hessa Alenezi,0599001577,hessa.alenezi1577@example.com,Najran,B034,2025-01-05,Classic,1
C01578,Ziyad Alshehri,0599001578,ziyad.alshehri1578@example.com,Jeddah,B017,2022-08-30,Silver,1
C01579,Rawan Alotaibi,0599001579,rawan.alotaibi1579@example.com,Jeddah,B021,2023-10-18,Classic,0
C01580,Ghada Alharbi,0599001580,ghada.alharbi1580@example.com,Al Kharj,B011,2025-05-26,Classic,0
C01581,Atheer Albalawi,0599001581,atheer.albalawi1581@example.com,Riyadh,B005,2022-03-31,Classic,1
C01582,Rawan Almalki,0599001582,rawan.almalki1582@example.com,Al Ahsa,B026,2022-10-08,Classic,1
C01583,Bandar Alshehri,0599001583,bandar.alshehri1583@example.com,Al Kharj,B011,2024-02-04,Silver,1
C01584,Jawaher Alanazi,0599001584,jawaher.alanazi1584@example.com,Makkah,B018,2025-01-18,Classic,1
C01585,Mona Aldawsari,0599001585,mona.aldawsari1585@example.com,Riyadh,B003,2024-02-16,Platinum,1
C01586,Nasser Alharbi,0599001586,nasser.alharbi1586@example.com,Jazan,B033,2025-06-16,Classic,1
C01587,Hessa Alrashidi,0599001587,hessa.alrashidi1587@example.com,Khobar,B029,2022-07-23,Gold,1
C01588,Ghada Aldawsari,0599001588,ghada.aldawsari1588@example.com,Najran,B034,2026-05-10,Gold,1
C01589,Lulwa Alharbi,0599001589,lulwa.alharbi1589@example.com,Taif,B020,2023-10-04,Gold,1
C01590,Sultan Alharbi,0599001590,sultan.alharbi1590@example.com,Riyadh,B004,2024-12-13,Platinum,0
C01591,Yousef Alfaraj,0599001591,yousef.alfaraj1591@example.com,Riyadh,B004,2023-05-28,Gold,
C01592,Shahad Alyami,0599001592,shahad.alyami1592@example.com,Taif,B020,2025-01-03,Classic,0
C01593,Shahad Alfaraj,0599001593,shahad.alfaraj1593@example.com,Riyadh,B002,2025-08-16,Classic,1
C01594,Faisal Albalawi,0599001594,faisal.albalawi1594@example.com,Riyadh,B004,2026-02-18,Classic,0
C01595,Noura Alharbi,0599001595,noura.alharbi1595@example.com,Jeddah,B015,2026-04-26,Classic,1
C01596,Khalid Alfaraj,0599001596,khalid.alfaraj1596@example.com,Jeddah,B022,2021-02-22,Classic,1
C01597,Amal Alsubaie,0599001597,amal.alsubaie1597@example.com,Dammam,B023,2025-07-27,Classic,1
C01598,Ziyad Alyami,0599001598,ziyad.alyami1598@example.com,Jeddah,B016,2022-07-09,Silver,1
C01599,Lulwa Alzahrani,0599001599,lulwa.alzahrani1599@example.com,Riyadh,B007,2024-06-08,Classic,1
C01600,Maha Alzahrani,0599001600,maha.alzahrani1600@example.com,Jeddah,B016,2025-03-08,Classic,1
C01601,Turki Almalki,0599001601,turki.almalki1601@example.com,Khamis Mushait,B032,2023-03-02,Classic,0
C01602,Faisal Alotaibi,0599001602,faisal.alotaibi1602@example.com,Taif,B020,2022-04-21,Classic,1
C01603,Haya Alshammari,0599001603,haya.alshammari1603@example.com,Jeddah,B015,2025-05-10,Silver,1
C01604,Fahad Albalawi,0599001604,fahad.albalawi1604@example.com,Jeddah,B017,2025-08-27,Silver,1
C01605,Bandar Alfaraj,0599001605,bandar.alfaraj1605@example.com,Riyadh,B012,2025-11-03,Gold,0
C01606,Khalid Albalawi,0599001606,khalid.albalawi1606@example.com,Dammam,B028,2021-06-22,Silver,1
C01607,Amal Alshehri,0599001607,amal.alshehri1607@example.com,Jeddah,B014,2024-08-14,Classic,1
C01608,Bandar Alrashidi,0599001608,bandar.alrashidi1608@example.com,Dhahran,B030,2025-12-31,Classic,1
C01609,Bandar Almalki,0599001609,bandar.almalki1609@example.com,Jeddah,B016,2024-05-07,Classic,0
C01610,Rakan Alsaeed,0599001610,rakan.alsaeed1610@example.com,Khamis Mushait,B036,2025-01-25,Silver,1
C01611,Shahad Alzahrani,0599001611,shahad.alzahrani1611@example.com,Riyadh,B012,2026-06-04,Classic,0
C01612,Mona Alqahtani,0599001612,mona.alqahtani1612@example.com,Khobar,B029,2025-07-28,Classic,0
C01613,Atheer Alghamdi,0599001613,atheer.alghamdi1613@example.com,Taif,B020,2025-07-27,Classic,1
C01614,Hessa Alnaimi,0599001614,hessa.alnaimi1614@example.com,Riyadh,B006,2025-04-09,Classic,1
C01615,Turki Alzahrani,0599001615,turki.alzahrani1615@example.com,Khobar,B024,2023-10-13,Classic,1
C01616,Turki Almutairi,0599001616,turki.almutairi1616@example.com,Jeddah,B014,2024-01-30,Classic,1
C01617,Majed Alshammari,0599001617,majed.alshammari1617@example.com,Khamis Mushait,B036,2023-09-02,Classic,0
C01618,Bandar Alkhaldi,0599001618,bandar.alkhaldi1618@example.com,Jeddah,B016,2025-11-15,Platinum,1
C01619,Lulwa Alharbi,0599001619,lulwa.alharbi1619@example.com,Abha,B031,2023-09-24,Silver,0
C01620,Atheer Alsubaie,0599001620,atheer.alsubaie1620@example.com,Jeddah,B017,2025-06-07,Silver,1
C01621,Mona Alfaraj,0599001621,mona.alfaraj1621@example.com,Jeddah,B021,2025-10-28,Classic,1
C01622,Turki Alnaimi,0599001622,turki.alnaimi1622@example.com,Khobar,B024,2025-09-21,Silver,1
C01623,Atheer Aljohani,0599001623,atheer.aljohani1623@example.com,Riyadh,B001,2022-11-13,Classic,1
C01624,Omar Alhajri,0599001624,omar.alhajri1624@example.com,Jeddah,B022,2023-02-19,Classic,1
C01625,Hessa Aldawsari,0599001625,hessa.aldawsari1625@example.com,Abha,B035,2022-02-18,Classic,1
C01626,Lama Alghamdi,0599001626,lama.alghamdi1626@example.com,Riyadh,B005,2025-04-17,Classic,1
C01627,Ziyad Almutairi,0599001627,ziyad.almutairi1627@example.com,Najran,B034,2023-12-04,Classic,1
C01628,Amal Alamri,0599001628,amal.alamri1628@example.com,Makkah,B018,2024-11-01,Gold,0
C01629,Lulwa Alharbi,0599001629,lulwa.alharbi1629@example.com,Riyadh,B005,2021-07-12,Classic,
C01630,Ahmed Alhajri,0599001630,ahmed.alhajri1630@example.com,Dhahran,B030,2025-09-01,Silver,1
C01631,Saud Alshehri,0599001631,saud.alshehri1631@example.com,Riyadh,B005,2021-11-16,Classic,1
C01632,Shahad Alrashidi,0599001632,shahad.alrashidi1632@example.com,Hail,B038,2026-02-28,Silver,
C01633,Saud Alanazi,0599001633,saud.alanazi1633@example.com,Jeddah,B013,2026-02-21,Classic,1
C01634,Yousef Almalki,0599001634,yousef.almalki1634@example.com,Jeddah,B021,2026-03-04,Classic,0
C01635,Ghada Alsubaie,0599001635,ghada.alsubaie1635@example.com,Khobar,B029,2022-04-17,Gold,1
C01636,Haya Alshammari,0599001636,haya.alshammari1636@example.com,Tabuk,B037,2023-11-24,Silver,1
C01637,Saud Alhajri,0599001637,saud.alhajri1637@example.com,Hail,B038,2025-04-22,Classic,1
C01638,Ahmed Alyami,0599001638,ahmed.alyami1638@example.com,Riyadh,B008,2022-07-02,Classic,0
C01639,Sultan Alanazi,0599001639,sultan.alanazi1639@example.com,Jeddah,B013,2024-05-03,Classic,1
C01640,Bandar Alrashidi,0599001640,bandar.alrashidi1640@example.com,Jeddah,B015,2023-10-28,Silver,1
C01641,Sara Alenezi,0599001641,sara.alenezi1641@example.com,Riyadh,B003,2025-04-25,Platinum,1
C01642,Maha Albalawi,0599001642,maha.albalawi1642@example.com,Al Jouf,B039,2025-06-05,Gold,1
C01643,Saud Alyami,0599001643,saud.alyami1643@example.com,Jubail,B027,2021-07-19,Classic,0
C01644,Turki Aldawsari,0599001644,turki.aldawsari1644@example.com,Jeddah,B014,2021-09-15,Classic,1
C01645,Rawan Aldossary,0599001645,rawan.aldossary1645@example.com,Jeddah,B015,2024-01-14,Classic,0
C01646,Turki Alotaibi,0599001646,turki.alotaibi1646@example.com,Dhahran,B030,2023-11-01,Classic,1
C01647,Saud Alsaeed,0599001647,saud.alsaeed1647@example.com,Taif,B020,2023-12-17,Classic,1
C01648,Mohammed Alqahtani,0599001648,mohammed.alqahtani1648@example.com,Al Kharj,B011,2021-05-27,Silver,0
C01649,Dana Alshehri,0599001649,dana.alshehri1649@example.com,Al Jouf,B039,2024-04-23,Silver,1
C01650,Fahad Alhajri,0599001650,fahad.alhajri1650@example.com,Riyadh,B005,2025-03-26,Classic,1
C01651,Saud Alanazi,0512345,saud.alanazi1651@example.com,Dhahran,B025,2026-04-07,Classic,1
C01652,Ahmed Aldawsari,0599001652,ahmed.aldawsari1652@example.com,Dammam,B028,2026-05-26,Classic,1
C01653,Dana Alanazi,0599001653,dana.alanazi1653@example.com,Riyadh,B002,2021-12-17,Platinum,0
C01654,Nasser Alzahrani,0599001654,nasser.alzahrani1654@example.com,Khobar,B024,2021-03-15,Silver,1
C01655,Mona Alharbi,0599001655,mona.alharbi1655@example.com,Madinah,B019,2026-03-04,Gold,
C01656,Atheer Alqahtani,0599001656,atheer.alqahtani1656@example.com,Jeddah,B021,2025-07-01,Classic,1
C01657,Noura Aljohani,0599001657,noura.aljohani1657@example.com,Jazan,B033,2025-02-14,Gold,0
C01658,Reem Almalki,0599001658,reem.almalki1658@example.com,Al Jouf,B039,2021-02-12,Silver,1
C01659,Khalid Alrashidi,0599001659,khalid.alrashidi1659@example.com,Jeddah,B013,2023-07-26,Silver,0
C01660,Omar Alfaraj,0599001660,omar.alfaraj1660@example.com,Qassim,B010,2025-04-26,Silver,1
C01661,Haya Alanazi,0599001661,haya.alanazi1661@example.com,Dhahran,B025,2021-08-13,Silver,1
C01662,Fahad Alshehri,0599001662,fahad.alshehri1662@example.com,Makkah,B018,2025-12-14,Classic,1
C01663,Yousef Almalki,0599001663,yousef.almalki1663@example.com,Jeddah,B014,2025-06-01,Classic,0
C01664,Fahad Almutairi,0599001664,fahad.almutairi1664@example.com,Khobar,B029,2025-03-27,Silver,1
C01665,Sara Alyami,0599001665,sara.alyami1665@example.com,Riyadh,B008,2024-01-23,Silver,0
C01666,Sultan Almalki,0599001666,sultan.almalki1666@example.com,Dhahran,B025,2026-05-03,Silver,1
C01667,Nasser Alqahtani,0599001667,nasser.alqahtani1667@example.com,Riyadh,B009,2025-02-22,Classic,0
C01668,Khalid Alzahrani,0599001668,khalid.alzahrani1668@example.com,Hail,B038,2025-04-15,Classic,1
C01669,Rawan Alsubaie,0599001669,rawan.alsubaie1669@example.com,Abha,B035,2024-01-16,Classic,1
C01670,Saud Aldossary,0599001670,saud.aldossary1670@example.com,Jeddah,B017,2021-11-09,Silver,1
C01671,Hessa Alkhaldi,0599001671,hessa.alkhaldi1671@example.com,Jeddah,B015,2025-07-01,Classic,0
C01672,Saud Alanazi,0599001672,saud.alanazi1672@example.com,Khamis Mushait,B036,2022-04-09,Classic,1
C01673,Rawan Alanazi,0599001673,rawan.alanazi1673@example.com,Dammam,B028,2024-08-03,Classic,1
C01674,Nasser Alnaimi,0599001674,nasser.alnaimi1674@example.com,Riyadh,B008,2026-06-10,Classic,0
C01675,Hessa Almutairi,0599001675,hessa.almutairi1675@example.com,Khobar,B024,2023-11-30,Gold,1
C01676,Abdullah Alsaeed,0599001676,abdullah.alsaeed1676@example.com,Riyadh,B004,2021-08-27,Classic,1
C01677,Faisal Aldossary,0599001677,faisal.aldossary1677@example.com,Jubail,B027,2022-08-08,Gold,1
C01678,Haya Almalki,0599001678,haya.almalki1678@example.com,Dammam,B023,2023-09-05,Silver,1
C01679,Haya Alyami,0599001679,haya.alyami1679@example.com,Dammam,B023,2022-02-20,Classic,0
C01680,Lama Alnaimi,0599001680,lama.alnaimi1680@example.com,Qassim,B010,2025-08-02,Silver,1
C01681,Sara Aldossary,0599001681,sara.aldossary1681@example.com,Makkah,B018,2023-12-31,Classic,1
C01682,Jawaher Alfaraj,0599001682,jawaher.alfaraj1682@example.com,Abha,B031,2025-08-02,Gold,0
C01683,Bandar Alotaibi,0599001683,bandar.alotaibi1683@example.com,Khamis Mushait,B032,2025-03-20,Silver,1
C01684,Hind Alkhaldi,0599001684,hind.alkhaldi1684@example.com,Jeddah,B016,2025-11-12,Classic,1
C01685,Ali Alyami,0599001685,ali.alyami1685@example.com,Madinah,B019,2021-10-11,Classic,1
C01686,Nasser Alshehri,0599001686,nasser.alshehri1686@example.com,Madinah,B019,2023-03-17,Silver,1
C01687,Rawan Alharbi,0599001687,rawan.alharbi1687@example.com,Riyadh,B006,2022-04-30,Gold,1
C01688,Turki Alanazi,0599001688,turki.alanazi1688@example.com,Najran,B034,2025-08-07,Classic,
C01689,Rakan Alamri,0599001689,rakan.alamri1689@example.com,Abha,B035,2025-04-03,Classic,1
C01690,Sultan Alanazi,0599001690,sultan.alanazi1690@example.com,Dammam,B028,2022-02-12,Silver,0
C01691,Maha Alfaraj,0599001691,maha.alfaraj1691@example.com,Riyadh,B009,2023-09-16,Classic,0
C01692,Fahad Almutairi,0599001692,fahad.almutairi1692@example.com,Riyadh,B009,2021-06-29,Classic,1
C01693,Atheer Alrashidi,0599001693,atheer.alrashidi1693@example.com,Al Jouf,B039,2023-08-24,Silver,1
C01694,Yousef Alkhaldi,0599001694,yousef.alkhaldi1694@example.com,Makkah,B018,2025-08-15,Silver,0
C01695,Atheer Alsubaie,0599001695,atheer.alsubaie1695@example.com,Riyadh,B005,2024-03-25,Classic,1
C01696,Lulwa Alfaraj,0599001696,lulwa.alfaraj1696@example.com,Jeddah,B017,2022-08-01,Silver,0
C01697,Mohammed Alenezi,0599001697,mohammed.alenezi1697@example.com,Riyadh,B005,2024-04-18,Classic,0
C01698,Omar Alshehri,0599001698,omar.alshehri1698@example.com,Madinah,B019,2025-12-14,Gold,1
C01699,Maha Alnaimi,0599001699,maha.alnaimi1699@example.com,Riyadh,B001,2023-07-29,Silver,0
C01700,Hessa Alshehri,0599001700,hessa.alshehri1700@example.com,Makkah,B018,2025-04-06,Classic,0
C01701,Khalid Alhajri,0599001701,khalid.alhajri1701@example.com,Jeddah,B014,2025-07-15,Platinum,1
C01702,Noura Almalki,0599001702,noura.almalki1702@example.com,Dhahran,B025,2025-06-14,Classic,1
C01703,Haya Aljohani,0599001703,haya.aljohani1703@example.com,Makkah,B018,2023-04-11,Classic,1
C01704,Mohammed Albalawi,0599001704,mohammed.albalawi1704@example.com,Dammam,B028,2021-02-05,Gold,1
C01705,Noura Alshammari,0599001705,noura.alshammari1705@example.com,Jubail,B027,2025-02-01,Classic,0
C01706,Hessa Alnaimi,0599001706,hessa.alnaimi1706@example.com,Najran,B034,2022-01-23,Silver,0
C01707,Majed Alghamdi,0599001707,majed.alghamdi1707@example.com,Al Jouf,B039,2024-06-23,Classic,0
C01708,Ahmed Alsaeed,0599001708,ahmed.alsaeed1708@example.com,Jeddah,B021,2025-12-06,Classic,1
C01709,Dana Alkhaldi,0599001709,dana.alkhaldi1709@example.com,Jeddah,B022,2022-07-17,Gold,1
C01710,Rawan Alhajri,0599001710,rawan.alhajri1710@example.com,Riyadh,B001,2025-11-24,Silver,1
C01711,Hind Alghamdi,0599001711,hind.alghamdi1711@example.com,Khobar,B029,2023-12-26,Gold,1
C01712,Faisal Alotaibi,0599001712,faisal.alotaibi1712@example.com,Khobar,B024,2025-09-10,Classic,1
C01713,Noura Alshehri,0599001713,noura.alshehri1713@example.com,Hail,B038,2025-09-26,Silver,1
C01714,Lulwa Aljohani,0599001714,lulwa.aljohani1714@example.com,Abha,B031,2025-06-06,Classic,0
C01715,Ghada Alzahrani,0599001715,ghada.alzahrani1715@example.com,Tabuk,B037,2025-05-25,Gold,1
C01716,Saud Albalawi,0599001716,saud.albalawi1716@example.com,Riyadh,B001,2026-03-13,Silver,1
C01717,Ali Alkhaldi,0599001717,ali.alkhaldi1717@example.com,Jubail,B027,2024-04-16,Classic,1
C01718,Sultan Alnaimi,0599001718,sultan.alnaimi1718@example.com,Jazan,B033,2024-02-26,Classic,1
C01719,Lama Alanazi,0599001719,lama.alanazi1719@example.com,Jeddah,B022,2024-06-27,Classic,1
C01720,Omar Alzahrani,0599001720,omar.alzahrani1720@example.com,Jazan,B033,2023-07-30,Classic,1
C01721,Dana Alanazi,0599001721,dana.alanazi1721@example.com,Riyadh,B009,2026-02-06,Platinum,1
C01722,Sara Alfaraj,0599001722,sara.alfaraj1722@example.com,Jeddah,B013,2021-08-08,Classic,1
C01723,Khalid Alghamdi,0599001723,khalid.alghamdi1723@example.com,Taif,B020,2026-03-06,Gold,1
C01724,Jawaher Alqahtani,0599001724,jawaher.alqahtani1724@example.com,Riyadh,B006,2025-08-09,Classic,0
C01725,Turki Alfaraj,0599001725,turki.alfaraj1725@example.com,Makkah,B018,2021-05-22,Silver,1
C01726,Hind Alharbi,0599001726,hind.alharbi1726@example.com,Riyadh,B005,2022-02-27,Classic,1
C01727,Hind Almutairi,0599001727,hind.almutairi1727@example.com,Abha,B031,2023-11-27,Classic,0
C01728,Yousef Aljohani,0599001728,yousef.aljohani1728@example.com,Dhahran,B025,2023-10-22,Silver,1
C01729,Noura Alsubaie,0599001729,noura.alsubaie1729@example.com,Al Kharj,B011,2021-06-16,Classic,0
C01730,Ghada Almutairi,0599001730,ghada.almutairi1730@example.com,Riyadh,B004,2025-09-07,Classic,1
C01731,Lama Alrashidi,0599001731,lama.alrashidi1731@example.com,Al Kharj,B011,2021-06-02,Silver,0
C01732,Abdullah Alrashidi,0599001732,abdullah.alrashidi1732@example.com,Riyadh,B004,2025-10-03,Platinum,0
C01733,Sara Alsaeed,0599001733,sara.alsaeed1733@example.com,Jeddah,B017,2022-11-30,Silver,1
C01734,Turki Aljohani,0599001734,turki.aljohani1734@example.com,Tabuk,B040,2022-03-16,Classic,1
C01735,Shahad Alotaibi,0599001735,shahad.alotaibi1735@example.com,Al Kharj,B011,2025-01-22,Gold,1
C01736,Ahmed Alenezi,0599001736,ahmed.alenezi1736@example.com,Dammam,B028,2022-11-16,Classic,1
C01737,Omar Aldawsari,0599001737,omar.aldawsari1737@example.com,Najran,B034,2025-08-08,Classic,1
C01738,Bandar Alamri,0599001738,bandar.alamri1738@example.com,Makkah,B018,2025-01-06,Silver,1
C01739,Ghada Alyami,0599001739,ghada.alyami1739@example.com,Abha,B031,2025-06-12,Silver,1
C01740,Mohammed Alkhaldi,0599001740,mohammed.alkhaldi1740@example.com,Madinah,B019,2023-04-14,Silver,1
C01741,Sara Alenezi,0599001741,sara.alenezi1741@example.com,Khamis Mushait,B032,2021-11-27,Gold,1
C01742,Shahad Alfaraj,0599001742,shahad.alfaraj1742@example.com,Jeddah,B017,2025-02-11,Gold,1
C01743,Ali Albalawi,0599001743,ali.albalawi1743@example.com,Al Ahsa,B026,2024-05-20,Silver,0
C01744,Fahad Alghamdi,0599001744,fahad.alghamdi1744@example.com,Jeddah,B013,2025-05-14,Silver,
C01745,Nasser Alqahtani,0599001745,nasser.alqahtani1745@example.com,Jeddah,B013,2023-09-16,Classic,
C01746,Reem Alkhaldi,0599001746,reem.alkhaldi1746@example.com,Jeddah,B013,2024-06-09,Silver,0
C01747,Sultan Alanazi,0599001747,sultan.alanazi1747@example.com,Madinah,B019,2023-12-09,Platinum,1
C01748,Dana Alsaeed,0599001748,dana.alsaeed1748@example.com,Dammam,B023,2025-04-16,Classic,0
C01749,Reem Alkhaldi,0599001749,reem.alkhaldi1749@example.com,Riyadh,B009,2024-10-13,Silver,1
C01750,Ali Alsaeed,0599001750,ali.alsaeed1750@example.com,Riyadh,B002,2023-07-03,Gold,1
C01751,Nasser Alshehri,0599001751,nasser.alshehri1751@example.com,Riyadh,B008,2025-12-20,Classic,1
C01752,Ghada Alfaraj,0599001752,ghada.alfaraj1752@example.com,Qassim,B010,2025-05-29,Classic,
C01753,Fahad Alyami,0599001753,fahad.alyami1753@example.com,Jeddah,B013,2025-12-16,Silver,1
C01754,Rakan Alharbi,0599001754,rakan.alharbi1754@example.com,Riyadh,B009,2022-01-21,Classic,1
C01755,Bandar Alyami,0599001755,bandar.alyami1755@example.com,Abha,B031,2023-09-03,Classic,0
C01756,Lama Alsaeed,0599001756,lama.alsaeed1756@example.com,Abha,B031,2024-09-23,Classic,1
C01757,Saud Alhajri,0599001757,saud.alhajri1757@example.com,Riyadh,B004,2022-06-26,Classic,1
C01758,Ahmed Alanazi,0599001758,ahmed.alanazi1758@example.com,Riyadh,B007,2021-11-28,Silver,1
C01759,Bandar Albalawi,0599001759,bandar.albalawi1759@example.com,Makkah,B018,2024-12-18,Gold,1
C01760,Sara Alenezi,0599001760,sara.alenezi1760@example.com,Qassim,B010,2021-03-01,Platinum,1
C01761,Majed Almalki,0599001761,majed.almalki1761@example.com,Riyadh,B009,2026-03-06,Classic,1
C01762,Shahad Alenezi,0599001762,shahad.alenezi1762@example.com,Jubail,B027,2025-06-30,Classic,1
C01763,Ghada Alqahtani,0599001763,ghada.alqahtani1763@example.com,Riyadh,B002,2026-04-26,Classic,0
C01764,Ghada Alenezi,0599001764,ghada.alenezi1764@example.com,Khobar,B029,2023-03-31,Gold,1
C01765,Khalid Alqahtani,0599001765,khalid.alqahtani1765@example.com,Riyadh,B001,2022-06-26,Gold,1
C01766,Ziyad Alrashidi,0599001766,ziyad.alrashidi1766@example.com,Riyadh,B001,2023-09-10,Classic,1
C01767,Dana Almalki,0599001767,dana.almalki1767@example.com,Makkah,B018,2025-06-18,Silver,1
C01768,Turki Aljohani,0599001768,turki.aljohani1768@example.com,Hail,B038,2023-04-13,Gold,1
C01769,Atheer Alghamdi,0599001769,atheer.alghamdi1769@example.com,Makkah,B018,2025-02-17,Classic,1
C01770,Ziyad Almutairi,0599001770,ziyad.almutairi1770@example.com,Jazan,B033,2022-07-06,Classic,1
C01771,Mona Aldawsari,0599001771,mona.aldawsari1771@example.com,Taif,B020,2025-07-04,Gold,1
C01772,Shahad Alzahrani,0599001772,shahad.alzahrani1772@example.com,Al Ahsa,B026,2024-08-26,Classic,1
C01773,Jawaher Alhajri,0599001773,jawaher.alhajri1773@example.com,Dammam,B023,2025-09-27,Silver,1
C01774,Fahad Alqahtani,0599001774,fahad.alqahtani1774@example.com,Jeddah,B014,2024-11-23,Classic,1
C01775,Majed Alharbi,0599001775,majed.alharbi1775@example.com,Dhahran,B030,2025-06-18,Classic,0
C01776,Haya Alnaimi,5512345678,haya.alnaimi1776@example.com,Riyadh,B003,2024-01-02,Gold,0
C01777,Ghada Alhajri,0599001777,ghada.alhajri1777@example.com,Riyadh,B004,2026-03-04,Silver,1
C01778,Sultan Alhajri,0599001778,sultan.alhajri1778@example.com,Riyadh,B005,2025-07-26,Platinum,1
C01779,Maha Alharbi,0599001779,maha.alharbi1779@example.com,Al Kharj,B011,2021-10-25,Classic,0
C01780,Faisal Alhajri,0599001780,faisal.alhajri1780@example.com,Riyadh,B003,2024-04-16,Classic,1
C01781,Ahmed Alzahrani,0599001781,ahmed.alzahrani1781@example.com,Dhahran,B025,2023-01-21,Silver,1
C01782,Haya Alamri,0599001782,haya.alamri1782@example.com,Jeddah,B013,2025-01-20,Silver,0
C01783,Turki Alfaraj,0599001783,turki.alfaraj1783@example.com,Riyadh,B003,2021-12-24,Classic,1
C01784,Rawan Alrashidi,0599001784,rawan.alrashidi1784@example.com,Taif,B020,2024-09-28,Classic,1
C01785,Sara Alrashidi,0599001785,sara.alrashidi1785@example.com,Riyadh,B003,2022-03-07,Silver,1
C01786,Nasser Alharbi,0599001786,nasser.alharbi1786@example.com,Jeddah,B016,2021-11-09,Classic,1
C01787,Ahmed Alrashidi,0599001787,ahmed.alrashidi1787@example.com,Makkah,B018,2023-05-24,Classic,0
C01788,Dana Albalawi,0599001788,dana.albalawi1788@example.com,Makkah,B018,2025-02-13,Classic,1
C01789,Haya Alzahrani,0599001789,haya.alzahrani1789@example.com,Jeddah,B021,2023-05-19,Silver,
C01790,Maha Alnaimi,0599001790,maha.alnaimi1790@example.com,Jeddah,B021,2024-01-26,Silver,0
C01791,Yousef Alshehri,0599001791,yousef.alshehri1791@example.com,Khobar,B024,2024-03-07,Classic,1
C01792,Ali Alamri,0599001792,ali.alamri1792@example.com,Khobar,B029,2026-03-07,Classic,1
C01793,Rakan Alshehri,0599001793,rakan.alshehri1793@example.com,Riyadh,B006,2025-04-16,Classic,1
C01794,Mohammed Alkhaldi,0599001794,mohammed.alkhaldi1794@example.com,Al Jouf,B039,2025-01-03,Classic,0
C01795,Lulwa Alqahtani,0000000000,lulwa.alqahtani1795@example.com,Al Ahsa,B026,2024-02-25,Silver,1
C01796,Faisal Aljohani,0599001796,faisal.aljohani1796@example.com,Madinah,B019,2025-09-13,Classic,1
C01797,Rakan Alrashidi,0599001797,rakan.alrashidi1797@example.com,Jeddah,B017,2022-07-12,Platinum,0
C01798,Ali Alqahtani,0599001798,ali.alqahtani1798@example.com,Dhahran,B025,2026-03-19,Classic,1
C01799,Rakan Alotaibi,0599001799,rakan.alotaibi1799@example.com,Jeddah,B014,2022-05-31,Classic,
C01800,Shahad Alhajri,0599001800,shahad.alhajri1800@example.com,Khobar,B029,2022-01-21,Gold,1
C01801,Maha Alrashidi,0599001801,maha.alrashidi1801@example.com,Khobar,B024,2024-03-25,Classic,1
C01802,Dana Alrashidi,0599001802,dana.alrashidi1802@example.com,Riyadh,B006,2025-02-08,Gold,0
C01803,Maha Aljohani,0599001803,maha.aljohani1803@example.com,Dhahran,B025,2024-10-28,Classic,0
C01804,Saud Alsaeed,0599001804,saud.alsaeed1804@example.com,Riyadh,B009,2023-11-27,Gold,0
C01805,Abdullah Alshehri,0599001805,abdullah.alshehri1805@example.com,Khobar,B024,2023-08-18,Gold,1
C01806,Lulwa Alzahrani,0599001806,lulwa.alzahrani1806@example.com,Jubail,B027,2021-09-26,Classic,0
C01807,Rawan Alotaibi,0599001807,rawan.alotaibi1807@example.com,Jubail,B027,2022-12-13,Gold,1
C01808,Atheer Aldawsari,0599001808,atheer.aldawsari1808@example.com,Riyadh,B008,2022-04-17,Classic,0
C01809,Ziyad Alsaeed,0599001809,ziyad.alsaeed1809@example.com,Hail,B038,2022-05-08,Classic,1
C01810,Mona Alyami,0599001810,mona.alyami1810@example.com,Najran,B034,2025-03-24,Gold,1
C01811,Saud Alfaraj,0599001811,saud.alfaraj1811@example.com,Qassim,B010,2025-04-10,Classic,0
C01812,Khalid Alanazi,0599001812,khalid.alanazi1812@example.com,Riyadh,B006,2025-06-01,Classic,0
C01813,Ahmed Almutairi,0599001813,ahmed.almutairi1813@example.com,Al Kharj,B011,2025-11-16,Classic,0
C01814,Sultan Albalawi,0599001814,sultan.albalawi1814@example.com,Dhahran,B030,2022-03-30,Classic,1
C01815,Majed Aldossary,0599001815,majed.aldossary1815@example.com,Riyadh,B002,2024-10-30,Gold,1
C01816,Bandar Alfaraj,0599001816,bandar.alfaraj1816@example.com,Jeddah,B016,2024-02-03,Silver,1
C01817,Mohammed Almutairi,0599001817,mohammed.almutairi1817@example.com,Jeddah,B021,2025-11-06,Silver,0
C01818,Majed Alzahrani,0599001818,majed.alzahrani1818@example.com,Khamis Mushait,B032,2022-01-07,Silver,1
C01819,Rawan Alenezi,0599001819,rawan.alenezi1819@example.com,Khobar,B024,2026-04-03,Silver,1
C01820,Atheer Alfaraj,0599001820,atheer.alfaraj1820@example.com,Khamis Mushait,B036,2026-01-09,Classic,
C01821,Yousef Alkhaldi,0599001821,yousef.alkhaldi1821@example.com,Riyadh,B007,2026-01-03,Classic,1
C01822,Fahad Alnaimi,0599001822,fahad.alnaimi1822@example.com,Tabuk,B040,2025-05-17,Classic,1
C01823,Rakan Aldossary,0599001823,rakan.aldossary1823@example.com,Riyadh,B006,2026-05-08,Silver,1
C01824,Sara Alshammari,0599001824,sara.alshammari1824@example.com,Riyadh,B005,2022-01-25,Silver,1
C01825,Jawaher Alotaibi,0599001825,jawaher.alotaibi1825@example.com,Riyadh,B003,2026-02-27,Classic,1
C01826,Hessa Alotaibi,0599001826,hessa.alotaibi1826@example.com,Tabuk,B037,2023-07-23,Gold,0
C01827,Shahad Almalki,0599001827,shahad.almalki1827@example.com,Riyadh,B004,2022-02-10,Classic,1
C01828,Hessa Almutairi,0599001828,hessa.almutairi1828@example.com,Abha,B035,2021-07-25,Classic,1
C01829,Reem Alamri,0599001829,reem.alamri1829@example.com,Riyadh,B003,2026-03-27,Classic,1
C01830,Atheer Alhajri,0599001830,atheer.alhajri1830@example.com,Riyadh,B007,2024-04-30,Silver,1
C01831,Majed Alanazi,0599001831,majed.alanazi1831@example.com,Tabuk,B037,2023-09-19,Silver,1
C01832,Ali Aldawsari,0599001832,ali.aldawsari1832@example.com,Jeddah,B022,2021-05-26,Silver,1
C01833,Noura Alyami,0599001833,noura.alyami1833@example.com,Jeddah,B014,2022-02-02,Silver,0
C01834,Haya Alfaraj,0599001834,haya.alfaraj1834@example.com,Khobar,B029,2025-03-22,Classic,0
C01835,Ahmed Alenezi,0599001835,ahmed.alenezi1835@example.com,Jeddah,B017,2022-07-02,Classic,1
C01836,Sultan Alyami,0599001836,sultan.alyami1836@example.com,Jeddah,B013,2024-12-16,Classic,1
C01837,Reem Almutairi,0599001837,reem.almutairi1837@example.com,Riyadh,B002,2024-04-04,Silver,0
C01838,Maha Almutairi,0599001838,maha.almutairi1838@example.com,Riyadh,B002,2024-08-02,Classic,
C01839,Turki Alamri,0599001839,turki.alamri1839@example.com,Riyadh,B002,2026-05-17,Gold,1
C01840,Nasser Albalawi,0599001840,nasser.albalawi1840@example.com,Jeddah,B021,2023-07-20,Classic,1
C01841,Ghada Almalki,0599001841,ghada.almalki1841@example.com,Riyadh,B003,2023-12-05,Gold,1
C01842,Bandar Alkhaldi,0599001842,bandar.alkhaldi1842@example.com,Khobar,B024,2025-12-25,Gold,1
C01843,Nasser Alfaraj,0599001843,nasser.alfaraj1843@example.com,Riyadh,B009,2024-11-25,Gold,1
C01844,Jawaher Alrashidi,0599001844,jawaher.alrashidi1844@example.com,Jazan,B033,2024-08-04,Classic,0
C01845,Ali Alanazi,0599001845,ali.alanazi1845@example.com,Jazan,B033,2023-07-21,Classic,1
C01846,Amal Alshehri,0599001846,amal.alshehri1846@example.com,Abha,B035,2023-03-28,Silver,0
C01847,Mohammed Alanazi,0599001847,mohammed.alanazi1847@example.com,Riyadh,B001,2026-03-26,Silver,0
C01848,Nasser Albalawi,0599001848,nasser.albalawi1848@example.com,Qassim,B010,2026-03-13,Classic,1
C01849,Ghada Alkhaldi,0599001849,ghada.alkhaldi1849@example.com,Makkah,B018,2022-02-18,Classic,1
C01850,Faisal Aldawsari,0599001850,faisal.aldawsari1850@example.com,Riyadh,B005,2024-04-27,Classic,1
C01851,Mohammed Alqahtani,0599001851,mohammed.alqahtani1851@example.com,Hail,B038,2023-01-03,Classic,1
C01852,Sara Alfaraj,0599001852,sara.alfaraj1852@example.com,Jazan,B033,2023-05-10,Platinum,1
C01853,Shahad Almalki,0599001853,shahad.almalki1853@example.com,Al Kharj,B011,2024-07-08,Gold,1
C01854,Dana Almalki,0599001854,dana.almalki1854@example.com,Dammam,B028,2025-05-14,Gold,1
C01855,Omar Alfaraj,0599001855,omar.alfaraj1855@example.com,Jeddah,B017,2022-10-15,Silver,1
C01856,Omar Alsaeed,0599001856,omar.alsaeed1856@example.com,Dhahran,B030,2025-02-26,Classic,1
C01857,Nasser Alhajri,0599001857,nasser.alhajri1857@example.com,Riyadh,B007,2023-10-12,Silver,0
C01858,Omar Alsaeed,0599001858,omar.alsaeed1858@example.com,Al Jouf,B039,2021-01-11,Classic,1
C01859,Ghada Almutairi,0599001859,ghada.almutairi1859@example.com,Abha,B035,2023-04-12,Classic,1
C01860,Abdullah Alharbi,0599001860,abdullah.alharbi1860@example.com,Riyadh,B005,2023-09-08,Classic,0
C01861,Turki Aljohani,0599001861,turki.aljohani1861@example.com,Jubail,B027,2026-05-23,Classic,1
C01862,Rawan Alhajri,0599001862,rawan.alhajri1862@example.com,Riyadh,B006,2021-08-12,Classic,1
C01863,Abdullah Almutairi,0599001863,abdullah.almutairi1863@example.com,Jeddah,B013,2025-08-16,Platinum,1
C01864,Fahad Alharbi,0599001864,fahad.alharbi1864@example.com,Qassim,B010,2022-06-10,Classic,1
C01865,Turki Alghamdi,0599001865,turki.alghamdi1865@example.com,Dammam,B023,2022-09-07,Classic,1
C01866,Lulwa Alsubaie,0599001866,lulwa.alsubaie1866@example.com,Jazan,B033,2025-12-22,Classic,1
C01867,Yousef Alhajri,0599001867,yousef.alhajri1867@example.com,Najran,B034,2024-10-19,Gold,0
C01868,Jawaher Alfaraj,0599001868,jawaher.alfaraj1868@example.com,Madinah,B019,2025-09-13,Gold,1
C01869,Nasser Alsubaie,0599001869,nasser.alsubaie1869@example.com,Jubail,B027,2022-07-24,Platinum,
C01870,Haya Aldossary,0599001870,haya.aldossary1870@example.com,Riyadh,B006,2023-12-16,Classic,1
C01871,Ziyad Alsubaie,0599001871,ziyad.alsubaie1871@example.com,Khobar,B029,2026-03-01,Silver,1
C01872,Lulwa Alharbi,0599001872,lulwa.alharbi1872@example.com,Dhahran,B030,2025-07-20,Silver,1
C01873,Fahad Almalki,0599001873,fahad.almalki1873@example.com,Abha,B031,2025-04-17,Gold,
C01874,Lama Almutairi,0599001874,lama.almutairi1874@example.com,Tabuk,B037,2022-10-02,Classic,1
C01875,Hind Alshammari,0599001875,hind.alshammari1875@example.com,Al Ahsa,B026,2025-04-25,Classic,1
C01876,Ziyad Alhajri,0599001876,ziyad.alhajri1876@example.com,Qassim,B010,2025-03-11,Gold,1
C01877,Faisal Alfaraj,0599001877,faisal.alfaraj1877@example.com,Qassim,B010,2024-07-19,Classic,1
C01878,Dana Alkhaldi,0599001878,dana.alkhaldi1878@example.com,Riyadh,B002,2023-07-06,Classic,1
C01879,Khalid Aldawsari,0599001879,khalid.aldawsari1879@example.com,Jeddah,B021,2022-08-14,Classic,1
C01880,Faisal Albalawi,0599001880,faisal.albalawi1880@example.com,Tabuk,B037,2021-10-12,Gold,1
C01881,Rakan Alsubaie,0599001881,rakan.alsubaie1881@example.com,Riyadh,B006,2023-07-29,Platinum,1
C01882,Rakan Alyami,0599001882,rakan.alyami1882@example.com,Khamis Mushait,B032,2025-07-25,Gold,1
C01883,Omar Aldawsari,0599001883,omar.aldawsari1883@example.com,Riyadh,B007,2023-09-03,Silver,1
C01884,Mona Alshehri,0599001884,mona.alshehri1884@example.com,Riyadh,B004,2021-07-09,Classic,1
C01885,Nasser Alyami,0599001885,nasser.alyami1885@example.com,Jeddah,B016,2024-08-29,Classic,1
C01886,Majed Alsaeed,0599001886,majed.alsaeed1886@example.com,Dhahran,B025,2026-04-16,Classic,1
C01887,Amal Albalawi,0599001887,amal.albalawi1887@example.com,Jeddah,B016,2024-02-11,Platinum,1
C01888,Bandar Aldossary,0599001888,bandar.aldossary1888@example.com,Riyadh,B001,2022-05-03,Classic,0
C01889,Amal Alyami,123456,amal.alyami1889@example.com,Riyadh,B001,2025-06-11,Gold,0
C01890,Khalid Almalki,0599001890,khalid.almalki1890@example.com,Riyadh,B002,2024-10-11,Gold,1
C01891,Amal Alamri,0599001891,amal.alamri1891@example.com,Al Kharj,B011,2024-07-23,Classic,1
C01892,Lama Alqahtani,0599001892,lama.alqahtani1892@example.com,Riyadh,B007,2022-02-02,Silver,0
C01893,Yousef Alshammari,0599001893,yousef.alshammari1893@example.com,Dammam,B023,2024-12-06,Classic,1
C01894,Ali Aldawsari,0599001894,ali.aldawsari1894@example.com,Jubail,B027,2025-03-04,Classic,1
C01895,Turki Alharbi,0599001895,turki.alharbi1895@example.com,Najran,B034,2021-04-13,Silver,1
C01896,Ghada Alharbi,0599001896,ghada.alharbi1896@example.com,Najran,B034,2023-11-10,Classic,1
C01897,Ghada Alshammari,0599001897,ghada.alshammari1897@example.com,Dhahran,B025,2025-07-08,Classic,0
C01898,Omar Aldawsari,0599001898,omar.aldawsari1898@example.com,Riyadh,B012,2023-09-09,Classic,1
C01899,Ziyad Alhajri,0599001899,ziyad.alhajri1899@example.com,Jazan,B033,2021-06-06,Classic,0
C01900,Lama Alshehri,0599001900,lama.alshehri1900@example.com,Al Ahsa,B026,2024-12-09,Classic,1
C01901,Sultan Albalawi,0599001901,sultan.albalawi1901@example.com,Khobar,B024,2024-12-22,Silver,1
C01902,Ghada Aldawsari,0599001902,ghada.aldawsari1902@example.com,Qassim,B010,2025-04-27,Silver,1
C01903,Jawaher Alotaibi,0599001903,jawaher.alotaibi1903@example.com,Dammam,B028,2023-01-05,Silver,1
C01904,Amal Alamri,0599001904,amal.alamri1904@example.com,Riyadh,B012,2024-06-17,Silver,1
C01905,Mona Alqahtani,0599001905,mona.alqahtani1905@example.com,Jeddah,B016,2022-12-29,Silver,1
C01906,Lama Almalki,0599001906,lama.almalki1906@example.com,Jeddah,B022,2025-02-21,Gold,1
C01907,Mohammed Alyami,0599001907,mohammed.alyami1907@example.com,Riyadh,B012,2024-06-11,Classic,1
C01908,Khalid Albalawi,0599001908,khalid.albalawi1908@example.com,Jeddah,B013,2022-11-15,Silver,
C01909,Abdullah Almalki,0599001909,abdullah.almalki1909@example.com,Tabuk,B037,2024-02-13,Classic,
C01910,Ziyad Alrashidi,0599001910,ziyad.alrashidi1910@example.com,Jeddah,B016,2021-12-05,Gold,1
C01911,Ahmed Alghamdi,0599001911,ahmed.alghamdi1911@example.com,Tabuk,B040,2025-10-26,Silver,0
C01912,Lulwa Aljohani,0599001912,lulwa.aljohani1912@example.com,Al Jouf,B039,2025-12-20,Classic,1
C01913,Saud Alfaraj,0599001913,saud.alfaraj1913@example.com,Tabuk,B037,2022-02-02,Classic,
C01914,Ziyad Alghamdi,0599001914,ziyad.alghamdi1914@example.com,Makkah,B018,2026-05-22,Gold,1
C01915,Ahmed Alghamdi,0599001915,ahmed.alghamdi1915@example.com,Dammam,B028,2026-05-20,Classic,1
C01916,Ziyad Almutairi,0599001916,ziyad.almutairi1916@example.com,Tabuk,B037,2025-11-16,Classic,0
C01917,Mona Alsaeed,0599001917,mona.alsaeed1917@example.com,Taif,B020,2025-07-28,Silver,0
C01918,Mohammed Alnaimi,0599001918,mohammed.alnaimi1918@example.com,Qassim,B010,2025-01-18,Silver,1
C01919,Amal Alamri,0599001919,amal.alamri1919@example.com,Jeddah,B016,2024-08-01,Classic,1
C01920,Omar Alamri,0599001920,omar.alamri1920@example.com,Makkah,B018,2025-06-11,Classic,1
C01921,Nasser Alzahrani,0599001921,nasser.alzahrani1921@example.com,Dammam,B028,2022-08-20,Gold,1
C01922,Rawan Alnaimi,0599001922,rawan.alnaimi1922@example.com,Riyadh,B002,2022-01-09,Silver,0
C01923,Omar Alhajri,0599001923,omar.alhajri1923@example.com,Khobar,B024,2025-08-04,Classic,1
C01924,Lama Alsaeed,0599001924,lama.alsaeed1924@example.com,Jubail,B027,2021-02-16,Classic,1
C01925,Bandar Alamri,0599001925,bandar.alamri1925@example.com,Jeddah,B016,2026-06-06,Classic,1
C01926,Turki Alamri,0599001926,turki.alamri1926@example.com,Al Kharj,B011,2025-05-26,Silver,0
C01927,Omar Alqahtani,0599001927,omar.alqahtani1927@example.com,Tabuk,B037,2025-05-12,Classic,1
C01928,Maha Alenezi,0599001928,maha.alenezi1928@example.com,Khobar,B029,2025-10-03,Gold,1
C01929,Majed Almutairi,0599001929,majed.almutairi1929@example.com,Jeddah,B017,2026-04-15,Classic,1
C01930,Amal Alamri,0599001930,amal.alamri1930@example.com,Abha,B035,2022-03-17,Classic,1
C01931,Yousef Alrashidi,0599001931,yousef.alrashidi1931@example.com,Khamis Mushait,B032,2025-05-05,Silver,
C01932,Ziyad Alkhaldi,0599001932,ziyad.alkhaldi1932@example.com,Al Jouf,B039,2026-01-15,Gold,
C01933,Hessa Alshehri,0599001933,hessa.alshehri1933@example.com,Riyadh,B006,2025-07-05,Platinum,1
C01934,Majed Alshammari,0599001934,majed.alshammari1934@example.com,Riyadh,B006,2021-05-17,Silver,1
C01935,Lama Alyami,0599001935,lama.alyami1935@example.com,Dhahran,B030,2025-06-22,Classic,1
C01936,Rawan Alanazi,0599001936,rawan.alanazi1936@example.com,Dhahran,B025,2023-10-10,Silver,1
C01937,Lulwa Almalki,0599001937,lulwa.almalki1937@example.com,Riyadh,B003,2025-04-10,Classic,1
C01938,Hessa Alotaibi,0599001938,hessa.alotaibi1938@example.com,Khamis Mushait,B032,2022-05-09,Classic,1
C01939,Lama Alsubaie,0599001939,lama.alsubaie1939@example.com,Al Kharj,B011,2026-04-15,Classic,0
C01940,Dana Alanazi,0599001940,dana.alanazi1940@example.com,Al Ahsa,B026,2025-12-18,Classic,1
C01941,Ziyad Almutairi,0599001941,ziyad.almutairi1941@example.com,Madinah,B019,2026-04-15,Classic,1
C01942,Rakan Alshammari,0599001942,rakan.alshammari1942@example.com,Taif,B020,2025-11-18,Silver,0
C01943,Nasser Alshehri,0599001943,nasser.alshehri1943@example.com,Abha,B035,2025-03-11,Classic,1
C01944,Mohammed Alnaimi,0599001944,mohammed.alnaimi1944@example.com,Jeddah,B014,2025-01-11,Silver,1
C01945,Bandar Alfaraj,0599001945,bandar.alfaraj1945@example.com,Jeddah,B015,2022-10-17,Silver,1
C01946,Ziyad Alhajri,0599001946,ziyad.alhajri1946@example.com,Khamis Mushait,B032,2025-02-13,Classic,1
C01947,Rakan Almutairi,0599001947,rakan.almutairi1947@example.com,Qassim,B010,2025-11-05,Silver,1
C01948,Haya Almalki,0599001948,haya.almalki1948@example.com,Dhahran,B025,2024-02-19,Classic,1
C01949,Turki Alyami,0599001949,turki.alyami1949@example.com,Khamis Mushait,B032,2022-12-20,Classic,1
C01950,Reem Alfaraj,0599001950,reem.alfaraj1950@example.com,Riyadh,B007,2025-06-29,Silver,1
C01951,Ziyad Alamri,0599001951,ziyad.alamri1951@example.com,Jeddah,B022,2026-03-26,Classic,1
C01952,Ahmed Alenezi,0599001952,ahmed.alenezi1952@example.com,Riyadh,B007,2025-01-07,Classic,1
C01953,Mohammed Alenezi,0599001953,mohammed.alenezi1953@example.com,Riyadh,B007,2023-07-03,Gold,0
C01954,Khalid Alotaibi,0599001954,khalid.alotaibi1954@example.com,Makkah,B018,2025-12-24,Classic,1
C01955,Fahad Alharbi,0599001955,fahad.alharbi1955@example.com,Riyadh,B012,2026-02-09,Silver,1
C01956,Sultan Alsaeed,0599001956,sultan.alsaeed1956@example.com,Jeddah,B014,2024-11-30,Classic,0
C01957,Hessa Albalawi,0599001957,hessa.albalawi1957@example.com,Riyadh,B001,2023-08-13,Classic,1
C01958,Nasser Alrashidi,0599001958,nasser.alrashidi1958@example.com,Jeddah,B014,2022-06-29,Silver,1
C01959,Khalid Alrashidi,0599001959,khalid.alrashidi1959@example.com,Tabuk,B037,2025-01-18,Silver,1
C01960,Amal Alghamdi,0599001960,amal.alghamdi1960@example.com,Riyadh,B008,2021-11-21,Gold,1
C01961,Sara Alotaibi,0599001961,sara.alotaibi1961@example.com,Dhahran,B025,2025-07-26,Classic,1
C01962,Dana Alzahrani,0599001962,dana.alzahrani1962@example.com,Hail,B038,2024-03-02,Classic,1
C01963,Bandar Alshammari,0599001963,bandar.alshammari1963@example.com,Jeddah,B016,2025-05-12,Classic,1
C01964,Noura Alzahrani,0599001964,noura.alzahrani1964@example.com,Khamis Mushait,B032,2023-10-19,Silver,1
C01965,Nasser Alenezi,0599001965,nasser.alenezi1965@example.com,Jubail,B027,2023-06-25,Classic,0
C01966,Jawaher Alzahrani,0599001966,jawaher.alzahrani1966@example.com,Jeddah,B017,2025-05-08,Classic,1
C01967,Fahad Alsubaie,0599001967,fahad.alsubaie1967@example.com,Jeddah,B013,2024-04-12,Classic,0
C01968,Shahad Alfaraj,0599001968,shahad.alfaraj1968@example.com,Jeddah,B013,2023-10-21,Classic,0
C01969,Ziyad Alsaeed,0599001969,ziyad.alsaeed1969@example.com,Dammam,B028,2021-08-18,Classic,1
C01970,Hessa Alrashidi,0599001970,hessa.alrashidi1970@example.com,Najran,B034,2024-08-17,Gold,1
C01971,Sara Alhajri,0599001971,sara.alhajri1971@example.com,Khamis Mushait,B032,2024-07-20,Silver,1
C01972,Saud Alrashidi,0599001972,saud.alrashidi1972@example.com,Abha,B035,2026-01-19,Classic,1
C01973,Fahad Alqahtani,0599001973,fahad.alqahtani1973@example.com,Khobar,B029,2022-12-23,Silver,1
C01974,Sultan Alnaimi,0599001974,sultan.alnaimi1974@example.com,Makkah,B018,2024-06-19,Classic,1
C01975,Bandar Alshehri,0599001975,bandar.alshehri1975@example.com,Khobar,B029,2023-02-28,Gold,1
C01976,Mona Alqahtani,0599001976,mona.alqahtani1976@example.com,Riyadh,B002,2024-04-27,Classic,0
C01977,Noura Aldawsari,0599001977,noura.aldawsari1977@example.com,Khamis Mushait,B032,2025-01-30,Silver,1
C01978,Fahad Alotaibi,0599001978,fahad.alotaibi1978@example.com,Jeddah,B016,2022-08-07,Silver,1
C01979,Abdullah Alqahtani,0599001979,abdullah.alqahtani1979@example.com,Dammam,B028,2025-01-16,Gold,0
C01980,Sultan Aldawsari,0599001980,sultan.aldawsari1980@example.com,Riyadh,B004,2022-04-03,Classic,0
C01981,Nasser Alsaeed,0599001981,nasser.alsaeed1981@example.com,Riyadh,B007,2023-12-04,Silver,1
C01982,Amal Alkhaldi,0599001982,amal.alkhaldi1982@example.com,Dammam,B023,2022-05-10,Gold,1
C01983,Rakan Alzahrani,0599001983,rakan.alzahrani1983@example.com,Dhahran,B030,2025-12-16,Classic,1
C01984,Amal Alshammari,0599001984,amal.alshammari1984@example.com,Khobar,B029,2022-03-12,Classic,1
C01985,Atheer Alsaeed,N/A,atheer.alsaeed1985@example.com,Taif,B020,2024-04-12,Classic,1
C01986,Hind Alfaraj,0599001986,hind.alfaraj1986@example.com,Riyadh,B002,2025-12-31,Silver,1
C01987,Lama Alkhaldi,0599001987,lama.alkhaldi1987@example.com,Tabuk,B040,2025-03-02,Classic,0
C01988,Lama Alshehri,0599001988,lama.alshehri1988@example.com,Khobar,B029,2026-01-04,Classic,1
C01989,Rakan Alamri,0599001989,rakan.alamri1989@example.com,Riyadh,B009,2021-08-06,Classic,0
C01990,Lama Alamri,0599001990,lama.alamri1990@example.com,Riyadh,B001,2021-03-07,Classic,1
C01991,Atheer Alsaeed,0599001991,atheer.alsaeed1991@example.com,Riyadh,B009,2021-10-05,Gold,
C01992,Shahad Alnaimi,0599001992,shahad.alnaimi1992@example.com,Khobar,B029,2023-04-30,Silver,1
C01993,Ziyad Aldossary,0599001993,ziyad.aldossary1993@example.com,Jeddah,B022,2024-05-05,Gold,1
C01994,Yousef Alotaibi,0599001994,yousef.alotaibi1994@example.com,Tabuk,B037,2021-04-17,Classic,1
C01995,Dana Aldossary,0599001995,dana.aldossary1995@example.com,Jeddah,B015,2023-06-22,Classic,1
C01996,Faisal Almalki,0599001996,faisal.almalki1996@example.com,Al Ahsa,B026,2025-04-25,Silver,1
C01997,Nasser Alzahrani,0599001997,nasser.alzahrani1997@example.com,Taif,B020,2021-07-04,Classic,1
C01998,Nasser Alnaimi,0599001998,nasser.alnaimi1998@example.com,Jazan,B033,2024-07-12,Classic,1
C01999,Saud Alyami,0599001999,saud.alyami1999@example.com,Jeddah,B022,2021-05-14,Classic,1
C02000,Lama Alrashidi,0599002000,lama.alrashidi2000@example.com,Jeddah,B021,2026-01-12,Classic,0
C02001,Dana Albalawi,0599002001,dana.albalawi2001@example.com,Najran,B034,2026-04-26,Platinum,1
C02002,Faisal Alqahtani,0599002002,faisal.alqahtani2002@example.com,Taif,B020,2024-09-01,Classic,1
C02003,Mona Aldawsari,0599002003,mona.aldawsari2003@example.com,Jeddah,B016,2025-05-24,Classic,1
C02004,Mohammed Alghamdi,0599002004,mohammed.alghamdi2004@example.com,Al Jouf,B039,2021-11-14,Classic,1
C02005,Jawaher Almalki,0599002005,jawaher.almalki2005@example.com,Riyadh,B006,2023-10-17,Silver,1
C02006,Reem Alqahtani,0599002006,reem.alqahtani2006@example.com,Makkah,B018,2021-02-25,Classic,1
C02007,Ghada Alkhaldi,0599002007,ghada.alkhaldi2007@example.com,Jazan,B033,2025-05-05,Silver,1
C02008,Bandar Alenezi,0599002008,bandar.alenezi2008@example.com,Riyadh,B003,2025-02-08,Classic,1
C02009,Rawan Aljohani,0599002009,rawan.aljohani2009@example.com,Riyadh,B008,2025-06-13,Classic,1
C02010,Yousef Alqahtani,0599002010,yousef.alqahtani2010@example.com,Dammam,B023,2025-10-15,Classic,1
C02011,Dana Alanazi,0599002011,dana.alanazi2011@example.com,Makkah,B018,2023-01-29,Silver,
C02012,Lulwa Alenezi,0599002012,lulwa.alenezi2012@example.com,Al Jouf,B039,2025-06-18,Classic,1
C02013,Ghada Almutairi,0599002013,ghada.almutairi2013@example.com,Riyadh,B005,2024-05-13,Classic,1
C02014,Ziyad Alnaimi,0599002014,ziyad.alnaimi2014@example.com,Najran,B034,2024-01-03,Classic,0
C02015,Shahad Alzahrani,0599002015,shahad.alzahrani2015@example.com,Dammam,B023,2024-02-29,Classic,1
C02016,Rakan Alhajri,0599002016,rakan.alhajri2016@example.com,Khobar,B029,2021-11-09,Silver,1
C02017,Sultan Alamri,0599002017,sultan.alamri2017@example.com,Khamis Mushait,B036,2024-10-01,Classic,0
C02018,Khalid Alqahtani,0599002018,khalid.alqahtani2018@example.com,Taif,B020,2022-01-24,Classic,1
C02019,Fahad Alanazi,0599002019,fahad.alanazi2019@example.com,Najran,B034,2022-10-05,Classic,1
C02020,Saud Alsaeed,0599002020,saud.alsaeed2020@example.com,Riyadh,B004,2022-04-28,Silver,0
C02021,Haya Alkhaldi,0599002021,haya.alkhaldi2021@example.com,Jeddah,B021,2025-12-06,Classic,1
C02022,Ghada Alsaeed,0599002022,ghada.alsaeed2022@example.com,Riyadh,B007,2025-05-17,Classic,
C02023,Fahad Alghamdi,0599002023,fahad.alghamdi2023@example.com,Tabuk,B040,2022-10-25,Classic,1
C02024,Shahad Alzahrani,0599002024,shahad.alzahrani2024@example.com,Makkah,B018,2023-11-22,Silver,1
C02025,Bandar Aljohani,0599002025,bandar.aljohani2025@example.com,Abha,B031,2025-12-13,Classic,1
C02026,Abdullah Aljohani,0599002026,abdullah.aljohani2026@example.com,Riyadh,B001,2021-12-27,Classic,1
C02027,Maha Alsaeed,0599002027,maha.alsaeed2027@example.com,Najran,B034,2024-01-23,Classic,0
C02028,Rakan Alhajri,0599002028,rakan.alhajri2028@example.com,Al Ahsa,B026,2025-04-15,Classic,1
C02029,Hessa Alrashidi,0599002029,hessa.alrashidi2029@example.com,Riyadh,B009,2025-01-19,Platinum,0
C02030,Haya Albalawi,0599002030,haya.albalawi2030@example.com,Qassim,B010,2022-07-17,Classic,1
C02031,Lulwa Alghamdi,0599002031,lulwa.alghamdi2031@example.com,Riyadh,B003,2024-11-20,Platinum,1
C02032,Mona Alotaibi,0599002032,mona.alotaibi2032@example.com,Riyadh,B002,2021-10-09,Classic,1
C02033,Ali Aljohani,0599002033,ali.aljohani2033@example.com,Abha,B031,2022-11-02,Classic,1
C02034,Yousef Alfaraj,0599002034,yousef.alfaraj2034@example.com,Jazan,B033,2025-01-27,Classic,1
C02035,Bandar Alsubaie,0599002035,bandar.alsubaie2035@example.com,Makkah,B018,2026-06-03,Gold,1
C02036,Rawan Alanazi,0599002036,rawan.alanazi2036@example.com,Jeddah,B021,2022-05-21,Classic,1
C02037,Turki Aldawsari,0599002037,turki.aldawsari2037@example.com,Al Kharj,B011,2025-07-02,Silver,1
C02038,Majed Alharbi,0599002038,majed.alharbi2038@example.com,Tabuk,B037,2024-09-09,Silver,1
C02039,Yousef Alamri,0599002039,yousef.alamri2039@example.com,Hail,B038,2021-12-21,Classic,1
C02040,Maha Alharbi,0599002040,maha.alharbi2040@example.com,Jeddah,B021,2024-04-27,Gold,1
C02041,Omar Alyami,0599002041,omar.alyami2041@example.com,Riyadh,B001,2026-03-30,Silver,1
C02042,Lulwa Albalawi,0599002042,lulwa.albalawi2042@example.com,Jeddah,B013,2021-03-16,Silver,1
C02043,Rakan Alyami,0599002043,rakan.alyami2043@example.com,Dammam,B023,2024-10-30,Silver,1
C02044,Noura Aldawsari,0599002044,noura.aldawsari2044@example.com,Hail,B038,2022-05-29,Silver,0
C02045,Nasser Alrashidi,0599002045,nasser.alrashidi2045@example.com,Jazan,B033,2024-11-30,Classic,1
C02046,Khalid Alhajri,0599002046,khalid.alhajri2046@example.com,Jazan,B033,2023-12-29,Gold,0
C02047,Ghada Alshammari,0599002047,ghada.alshammari2047@example.com,Khobar,B029,2025-12-30,Classic,0
C02048,Faisal Albalawi,0599002048,faisal.albalawi2048@example.com,Riyadh,B003,2022-10-28,Silver,1
C02049,Lama Alghamdi,0599002049,lama.alghamdi2049@example.com,Jeddah,B015,2025-01-24,Classic,1
C02050,Shahad Alharbi,0599002050,shahad.alharbi2050@example.com,Hail,B038,2025-09-25,Classic,0
C02051,Nasser Alnaimi,0599002051,nasser.alnaimi2051@example.com,Jeddah,B015,2025-08-09,Silver,0
C02052,Sara Alyami,0599002052,sara.alyami2052@example.com,Dammam,B023,2023-12-12,Classic,1
C02053,Saud Alshehri,0599002053,saud.alshehri2053@example.com,Madinah,B019,2022-08-08,Gold,1
C02054,Khalid Alenezi,0599002054,khalid.alenezi2054@example.com,Qassim,B010,2024-09-19,Platinum,1
C02055,Abdullah Alnaimi,0599002055,abdullah.alnaimi2055@example.com,Makkah,B018,2022-06-26,Classic,0
C02056,Reem Alzahrani,0599002056,reem.alzahrani2056@example.com,Dammam,B023,2024-02-12,Classic,0
C02057,Yousef Alnaimi,0599002057,yousef.alnaimi2057@example.com,Dhahran,B025,2021-11-15,Classic,1
C02058,Ghada Alrashidi,0599002058,ghada.alrashidi2058@example.com,Madinah,B019,2023-10-12,Silver,1
C02059,Atheer Albalawi,0599002059,atheer.albalawi2059@example.com,Al Jouf,B039,2026-02-02,Classic,0
C02060,Atheer Alzahrani,0599002060,atheer.alzahrani2060@example.com,Jazan,B033,2021-06-21,Classic,1
C02061,Noura Aljohani,0599002061,noura.aljohani2061@example.com,Makkah,B018,2021-01-26,Classic,1
C02062,Turki Aldossary,0599002062,turki.aldossary2062@example.com,Jeddah,B014,2022-07-21,Classic,1
C02063,Hind Alkhaldi,0599002063,hind.alkhaldi2063@example.com,Jeddah,B021,2024-11-01,Classic,0
C02064,Sara Alenezi,0599002064,sara.alenezi2064@example.com,Al Kharj,B011,2026-04-01,Classic,0
C02065,Turki Alnaimi,0599002065,turki.alnaimi2065@example.com,Riyadh,B004,2026-02-17,Classic,0
C02066,Maha Aljohani,0599002066,maha.aljohani2066@example.com,Khobar,B024,2021-08-10,Classic,1
C02067,Bandar Alkhaldi,0599002067,bandar.alkhaldi2067@example.com,Khobar,B029,2025-08-16,Classic,0
C02068,Rakan Alghamdi,0599002068,rakan.alghamdi2068@example.com,Al Jouf,B039,2025-02-15,Classic,1
C02069,Majed Alghamdi,0599002069,majed.alghamdi2069@example.com,Jeddah,B013,2025-03-16,Classic,1
C02070,Saud Alnaimi,0599002070,saud.alnaimi2070@example.com,Jeddah,B014,2023-11-23,Classic,1
C02071,Ghada Almalki,0599002071,ghada.almalki2071@example.com,Jazan,B033,2024-03-30,Gold,1
C02072,Ziyad Aldossary,0599002072,ziyad.aldossary2072@example.com,Madinah,B019,2022-12-29,Classic,1
C02073,Ghada Alharbi,0599002073,ghada.alharbi2073@example.com,Jeddah,B022,2024-07-03,Silver,1
C02074,Ahmed Alzahrani,0599002074,ahmed.alzahrani2074@example.com,Riyadh,B006,2023-10-14,Classic,1
C02075,Ahmed Alshehri,0599002075,ahmed.alshehri2075@example.com,Jeddah,B022,2025-05-23,Silver,0
C02076,Saud Alrashidi,0599002076,saud.alrashidi2076@example.com,Riyadh,B009,2023-07-10,Classic,0
C02077,Faisal Alshehri,0599002077,faisal.alshehri2077@example.com,Jeddah,B022,2025-11-25,Silver,0
C02078,Yousef Alrashidi,0599002078,yousef.alrashidi2078@example.com,Riyadh,B003,2022-06-22,Classic,1
C02079,Omar Aldawsari,0599002079,omar.aldawsari2079@example.com,Riyadh,B005,2024-06-07,Classic,1
C02080,Shahad Alotaibi,0599002080,shahad.alotaibi2080@example.com,Khobar,B024,2024-09-11,Classic,1
C02081,Faisal Alanazi,0599002081,faisal.alanazi2081@example.com,Jeddah,B014,2022-03-05,Classic,
C02082,Mona Alsaeed,0599002082,mona.alsaeed2082@example.com,Khamis Mushait,B036,2022-09-03,Silver,0
C02083,Amal Albalawi,0599002083,amal.albalawi2083@example.com,Jeddah,B014,2026-05-26,Classic,1
C02084,Sara Aljohani,0599002084,sara.aljohani2084@example.com,Riyadh,B001,2023-03-03,Classic,0
C02085,Lama Alenezi,0599002085,lama.alenezi2085@example.com,Abha,B031,2025-02-19,Classic,0
C02086,Ziyad Aldossary,0599002086,ziyad.aldossary2086@example.com,Makkah,B018,2021-02-04,Classic,1
C02087,Faisal Albalawi,0599002087,faisal.albalawi2087@example.com,Khamis Mushait,B036,2021-10-01,Classic,1
C02088,Turki Alqahtani,0599002088,turki.alqahtani2088@example.com,Riyadh,B003,2021-01-09,Classic,1
C02089,Yousef Aldossary,0599002089,yousef.aldossary2089@example.com,Al Jouf,B039,2022-09-27,Platinum,1
C02090,Ghada Albalawi,0599002090,ghada.albalawi2090@example.com,Dhahran,B025,2023-04-22,Classic,1
C02091,Amal Aldossary,0599002091,amal.aldossary2091@example.com,Jeddah,B017,2025-09-26,Classic,1
C02092,Ghada Alharbi,0599002092,ghada.alharbi2092@example.com,Riyadh,B005,2026-04-21,Classic,1
C02093,Atheer Alsubaie,0599002093,atheer.alsubaie2093@example.com,Riyadh,B012,2022-01-26,Platinum,1
C02094,Omar Alrashidi,0599002094,omar.alrashidi2094@example.com,Dammam,B028,2025-09-16,Gold,0
C02095,Omar Aljohani,0599002095,omar.aljohani2095@example.com,Jubail,B027,2021-11-21,Classic,1
C02096,Bandar Albalawi,0599002096,bandar.albalawi2096@example.com,Abha,B035,2022-06-04,Silver,1
C02097,Saud Aldawsari,0599002097,saud.aldawsari2097@example.com,Madinah,B019,2021-04-20,Classic,1
C02098,Turki Alshammari,0599002098,turki.alshammari2098@example.com,Al Jouf,B039,2026-05-04,Classic,1
C02099,Lama Alkhaldi,0599002099,lama.alkhaldi2099@example.com,Jazan,B033,2022-05-05,Classic,1
C02100,Noura Alshammari,0599002100,noura.alshammari2100@example.com,Khamis Mushait,B032,2024-11-28,Classic,1
C02101,Saud Alsaeed,0599002101,saud.alsaeed2101@example.com,Khobar,B024,2024-07-12,Classic,1
C02102,Abdullah Alhajri,0599002102,abdullah.alhajri2102@example.com,Riyadh,B002,2021-08-30,Silver,1
C02103,Shahad Alshehri,0599002103,shahad.alshehri2103@example.com,Riyadh,B009,2024-09-25,Silver,0
C02104,Ziyad Almalki,0599002104,ziyad.almalki2104@example.com,Jeddah,B017,2023-10-30,Silver,1
C02105,Shahad Alharbi,0599002105,shahad.alharbi2105@example.com,Madinah,B019,2023-02-10,Silver,1
C02106,Shahad Alrashidi,0599002106,shahad.alrashidi2106@example.com,Qassim,B010,2023-04-13,Classic,1
C02107,Mohammed Alnaimi,123456,mohammed.alnaimi2107@example.com,Dammam,B023,2025-10-06,Silver,0
C02108,Sultan Alanazi,0599002108,sultan.alanazi2108@example.com,Khamis Mushait,B036,2022-11-28,Silver,1
C02109,Abdullah Almalki,0599002109,abdullah.almalki2109@example.com,Riyadh,B004,2021-05-24,Classic,0
C02110,Jawaher Alanazi,0599002110,jawaher.alanazi2110@example.com,Taif,B020,2025-11-25,Classic,1
C02111,Bandar Alenezi,0599002111,bandar.alenezi2111@example.com,Qassim,B010,2025-11-05,Classic,0
C02112,Dana Alfaraj,0599002112,dana.alfaraj2112@example.com,Taif,B020,2024-01-23,Silver,0
C02113,Lulwa Alhajri,0599002113,lulwa.alhajri2113@example.com,Riyadh,B006,2024-11-09,Classic,1
C02114,Reem Aldossary,0599002114,reem.aldossary2114@example.com,Riyadh,B012,2023-02-24,Classic,1
C02115,Saud Alharbi,0599002115,saud.alharbi2115@example.com,Jeddah,B015,2025-09-05,Silver,1
C02116,Faisal Alsubaie,0599002116,faisal.alsubaie2116@example.com,Madinah,B019,2025-10-30,Classic,1
C02117,Majed Alqahtani,0599002117,majed.alqahtani2117@example.com,Jeddah,B014,2025-11-08,Classic,0
C02118,Saud Alfaraj,0599002118,saud.alfaraj2118@example.com,Riyadh,B003,2022-04-08,Classic,1
C02119,Khalid Alhajri,0599002119,khalid.alhajri2119@example.com,Riyadh,B009,2021-01-24,Classic,1
C02120,Lulwa Alshehri,0599002120,lulwa.alshehri2120@example.com,Madinah,B019,2024-09-26,Silver,1
C02121,Haya Alnaimi,0599002121,haya.alnaimi2121@example.com,Dammam,B028,2023-11-23,Classic,1
C02122,Omar Almutairi,0599002122,omar.almutairi2122@example.com,Makkah,B018,2022-05-09,Silver,0
C02123,Sara Albalawi,0599002123,sara.albalawi2123@example.com,Riyadh,B006,2025-02-26,Classic,0
C02124,Khalid Aljohani,0599002124,khalid.aljohani2124@example.com,Khobar,B024,2022-10-17,Platinum,1
C02125,Yousef Alamri,0599002125,yousef.alamri2125@example.com,Riyadh,B008,2023-11-09,Classic,1
C02126,Ziyad Alsubaie,0599002126,ziyad.alsubaie2126@example.com,Khobar,B024,2025-12-10,Silver,1
C02127,Shahad Alsaeed,0599002127,shahad.alsaeed2127@example.com,Jeddah,B022,2025-05-28,Gold,1
C02128,Dana Alshehri,0599002128,dana.alshehri2128@example.com,Jeddah,B013,2025-06-09,Silver,1
C02129,Rakan Alghamdi,0599002129,rakan.alghamdi2129@example.com,Najran,B034,2025-04-07,Gold,1
C02130,Khalid Alshehri,0599002130,khalid.alshehri2130@example.com,Jeddah,B013,2022-03-13,Silver,1
C02131,Shahad Alanazi,0599002131,shahad.alanazi2131@example.com,Najran,B034,2022-04-13,Platinum,1
C02132,Sara Alzahrani,0599002132,sara.alzahrani2132@example.com,Abha,B031,2026-01-28,Classic,1
C02133,Yousef Alanazi,0599002133,yousef.alanazi2133@example.com,Riyadh,B005,2024-11-03,Classic,0
C02134,Turki Almutairi,0599002134,turki.almutairi2134@example.com,Qassim,B010,2025-08-28,Gold,0
C02135,Abdullah Almalki,0599002135,abdullah.almalki2135@example.com,Jeddah,B013,2024-08-13,Classic,0
C02136,Majed Alharbi,0599002136,majed.alharbi2136@example.com,Abha,B031,2022-12-15,Gold,0
C02137,Fahad Alghamdi,0599002137,fahad.alghamdi2137@example.com,Riyadh,B003,2025-05-12,Silver,0
C02138,Lulwa Almutairi,0599002138,lulwa.almutairi2138@example.com,Riyadh,B008,2025-04-07,Gold,1
C02139,Nasser Aldossary,0599002139,nasser.aldossary2139@example.com,Khobar,B029,2025-09-16,Platinum,0
C02140,Bandar Alamri,0599002140,bandar.alamri2140@example.com,Riyadh,B006,2023-06-07,Classic,0
C02141,Ahmed Alqahtani,0599002141,ahmed.alqahtani2141@example.com,Makkah,B018,2026-05-17,Silver,0
C02142,Ahmed Alenezi,0599002142,ahmed.alenezi2142@example.com,Riyadh,B003,2022-01-09,Classic,1
C02143,Haya Alqahtani,0599002143,haya.alqahtani2143@example.com,Jeddah,B014,2024-11-03,Silver,1
C02144,Omar Alzahrani,0599002144,omar.alzahrani2144@example.com,Al Jouf,B039,2025-06-02,Platinum,0
C02145,Bandar Alharbi,0599002145,bandar.alharbi2145@example.com,Tabuk,B037,2021-08-06,Classic,1
C02146,Fahad Alanazi,0599002146,fahad.alanazi2146@example.com,Jubail,B027,2025-11-12,Silver,1
C02147,Reem Aljohani,0599002147,reem.aljohani2147@example.com,Dhahran,B030,2026-01-13,Classic,1
C02148,Amal Aldossary,0599002148,amal.aldossary2148@example.com,Jubail,B027,2025-03-08,Classic,0
C02149,Sultan Alyami,0599002149,sultan.alyami2149@example.com,Al Jouf,B039,2022-12-21,Classic,
C02150,Lulwa Almalki,0599002150,lulwa.almalki2150@example.com,Najran,B034,2021-11-13,Classic,0
C02151,Shahad Alharbi,0599002151,shahad.alharbi2151@example.com,Jeddah,B015,2025-03-29,Silver,1
C02152,Fahad Alsubaie,0599002152,fahad.alsubaie2152@example.com,Riyadh,B002,2025-05-10,Classic,1
C02153,Sultan Albalawi,0599002153,sultan.albalawi2153@example.com,Abha,B031,2021-11-08,Classic,1
C02154,Noura Alnaimi,0599002154,noura.alnaimi2154@example.com,Dhahran,B030,2025-09-27,Classic,1
C02155,Ziyad Alshammari,0599002155,ziyad.alshammari2155@example.com,Riyadh,B009,2022-12-07,Classic,1
C02156,Fahad Almalki,0599002156,fahad.almalki2156@example.com,Riyadh,B008,2023-09-11,Classic,0
C02157,Rakan Alsubaie,0599002157,rakan.alsubaie2157@example.com,Dammam,B028,2021-10-28,Platinum,1
C02158,Fahad Alamri,0599002158,fahad.alamri2158@example.com,Abha,B031,2021-07-10,Classic,0
C02159,Majed Alsaeed,0599002159,majed.alsaeed2159@example.com,Jeddah,B015,2022-11-24,Classic,1
C02160,Omar Almutairi,0599002160,omar.almutairi2160@example.com,Riyadh,B006,2025-12-17,Silver,1
C02161,Dana Alsaeed,0599002161,dana.alsaeed2161@example.com,Makkah,B018,2023-02-27,Silver,1
C02162,Nasser Aldawsari,0599002162,nasser.aldawsari2162@example.com,Tabuk,B037,2025-01-28,Classic,1
C02163,Mohammed Alqahtani,0599002163,mohammed.alqahtani2163@example.com,Dammam,B028,2022-01-22,Gold,1
C02164,Ali Aldossary,0599002164,ali.aldossary2164@example.com,Jeddah,B022,2023-02-09,Classic,1
C02165,Faisal Alshammari,0599002165,faisal.alshammari2165@example.com,Jeddah,B014,2022-02-03,Silver,0
C02166,Yousef Aljohani,0599002166,yousef.aljohani2166@example.com,Jazan,B033,2025-06-27,Gold,0
C02167,Dana Albalawi,0599002167,dana.albalawi2167@example.com,Jeddah,B016,2022-05-27,Silver,0
C02168,Bandar Almalki,0599002168,bandar.almalki2168@example.com,Khobar,B029,2023-08-21,Classic,1
C02169,Saud Alharbi,0599002169,saud.alharbi2169@example.com,Jeddah,B016,2021-10-06,Classic,1
C02170,Faisal Alfaraj,0599002170,faisal.alfaraj2170@example.com,Dammam,B023,2022-09-06,Silver,1
C02171,Jawaher Alamri,0599002171,jawaher.alamri2171@example.com,Jeddah,B013,2024-05-07,Classic,0
C02172,Jawaher Alsaeed,0599002172,jawaher.alsaeed2172@example.com,Riyadh,B004,2022-03-09,Classic,1
C02173,Atheer Almutairi,0599002173,atheer.almutairi2173@example.com,Dammam,B028,2023-06-10,Classic,1
C02174,Sultan Alrashidi,0599002174,sultan.alrashidi2174@example.com,Jubail,B027,2025-05-04,Silver,1
C02175,Bandar Alshammari,0599002175,bandar.alshammari2175@example.com,Madinah,B019,2023-06-12,Classic,1
C02176,Rawan Alshammari,0599002176,rawan.alshammari2176@example.com,Khobar,B029,2023-12-07,Silver,
C02177,Fahad Alqahtani,0599002177,fahad.alqahtani2177@example.com,Khamis Mushait,B036,2023-09-14,Gold,0
C02178,Khalid Alanazi,0599002178,khalid.alanazi2178@example.com,Jeddah,B021,2022-10-17,Silver,1
C02179,Fahad Alanazi,0599002179,fahad.alanazi2179@example.com,Khamis Mushait,B036,2021-07-26,Classic,1
C02180,Ziyad Aldossary,0599002180,ziyad.aldossary2180@example.com,Qassim,B010,2026-02-09,Classic,1
C02181,Rawan Alrashidi,0599002181,rawan.alrashidi2181@example.com,Jeddah,B015,2025-04-11,Classic,1
C02182,Majed Alrashidi,0599002182,majed.alrashidi2182@example.com,Khobar,B029,2023-10-06,Classic,1
C02183,Noura Alenezi,0599002183,noura.alenezi2183@example.com,Madinah,B019,2021-09-01,Gold,1
C02184,Rakan Aldawsari,0599002184,rakan.aldawsari2184@example.com,Riyadh,B002,2022-11-27,Classic,0
C02185,Lama Alrashidi,0599002185,lama.alrashidi2185@example.com,Riyadh,B006,2022-03-26,Classic,1
C02186,Mohammed Alshehri,0599002186,mohammed.alshehri2186@example.com,Riyadh,B004,2023-09-19,Silver,0
C02187,Hessa Aldawsari,0599002187,hessa.aldawsari2187@example.com,Makkah,B018,2022-03-09,Classic,
C02188,Bandar Alamri,0599002188,bandar.alamri2188@example.com,Riyadh,B003,2025-10-29,Silver,0
C02189,Ali Alnaimi,0599002189,ali.alnaimi2189@example.com,Riyadh,B002,2026-05-29,Platinum,
C02190,Maha Alanazi,0599002190,maha.alanazi2190@example.com,Khamis Mushait,B036,2025-07-02,Gold,1
C02191,Faisal Albalawi,0599002191,faisal.albalawi2191@example.com,Abha,B031,2025-12-26,Silver,0
C02192,Lama Alrashidi,0599002192,lama.alrashidi2192@example.com,Riyadh,B005,2025-09-16,Classic,1
C02193,Turki Alamri,0599002193,turki.alamri2193@example.com,Khamis Mushait,B032,2024-06-08,Silver,1
C02194,Hind Alkhaldi,0599002194,hind.alkhaldi2194@example.com,Riyadh,B005,2021-03-03,Classic,1
C02195,Turki Alqahtani,0599002195,turki.alqahtani2195@example.com,Qassim,B010,2022-08-19,Gold,0
C02196,Bandar Albalawi,0599002196,bandar.albalawi2196@example.com,Khobar,B029,2025-04-15,Silver,1
C02197,Dana Alotaibi,0599002197,dana.alotaibi2197@example.com,Jubail,B027,2026-01-15,Classic,1
C02198,Atheer Alshehri,0599002198,atheer.alshehri2198@example.com,Jeddah,B021,2023-09-15,Silver,0
C02199,Hessa Alzahrani,0599002199,hessa.alzahrani2199@example.com,Riyadh,B002,2026-04-16,Silver,1
C02200,Rakan Alfaraj,0599002200,rakan.alfaraj2200@example.com,Najran,B034,2021-01-06,Classic,0
C02201,Sultan Alfaraj,0599002201,sultan.alfaraj2201@example.com,Jubail,B027,2024-10-07,Classic,1
C02202,Turki Alghamdi,0599002202,turki.alghamdi2202@example.com,Riyadh,B006,2024-09-15,Silver,1
C02203,Sultan Alghamdi,0599002203,sultan.alghamdi2203@example.com,Riyadh,B007,2026-03-11,Classic,0
C02204,Lulwa Almalki,0599002204,lulwa.almalki2204@example.com,Al Kharj,B011,2025-04-15,Silver,1
C02205,Noura Alhajri,0599002205,noura.alhajri2205@example.com,Abha,B031,2025-04-23,Classic,1
C02206,Fahad Aldawsari,0599002206,fahad.aldawsari2206@example.com,Madinah,B019,2022-05-18,Classic,
C02207,Ahmed Alkhaldi,0599002207,ahmed.alkhaldi2207@example.com,Riyadh,B007,2021-10-07,Classic,1
C02208,Ahmed Alghamdi,0599002208,ahmed.alghamdi2208@example.com,Jeddah,B022,2026-03-16,Silver,0
C02209,Maha Alrashidi,0599002209,maha.alrashidi2209@example.com,Taif,B020,2023-08-17,Classic,1
C02210,Faisal Alshammari,0599002210,faisal.alshammari2210@example.com,Riyadh,B007,2021-08-16,Classic,0
C02211,Sultan Alzahrani,0599002211,sultan.alzahrani2211@example.com,Riyadh,B007,2022-10-02,Classic,1
C02212,Majed Alnaimi,0599002212,majed.alnaimi2212@example.com,Jeddah,B013,2023-03-04,Silver,1
C02213,Majed Alotaibi,0599002213,majed.alotaibi2213@example.com,Jeddah,B013,2026-04-23,Classic,0
C02214,Rawan Aljohani,0599002214,rawan.aljohani2214@example.com,Jeddah,B015,2024-03-07,Classic,1
C02215,Hind Aldawsari,0599002215,hind.aldawsari2215@example.com,Abha,B031,2026-02-25,Silver,0
C02216,Ahmed Almutairi,0599002216,ahmed.almutairi2216@example.com,Khamis Mushait,B036,2021-08-07,Silver,1
C02217,Haya Alharbi,0599002217,haya.alharbi2217@example.com,Dhahran,B025,2022-12-07,Gold,1
C02218,Omar Aldossary,0599002218,omar.aldossary2218@example.com,Jazan,B033,2025-10-15,Classic,1
C02219,Lulwa Almalki,0599002219,lulwa.almalki2219@example.com,Riyadh,B002,2025-07-24,Classic,0
C02220,Majed Alenezi,0599002220,majed.alenezi2220@example.com,Tabuk,B037,2023-06-11,Silver,1
C02221,Sultan Almutairi,0599002221,sultan.almutairi2221@example.com,Riyadh,B002,2023-06-05,Silver,0
C02222,Sultan Alsubaie,0599002222,sultan.alsubaie2222@example.com,Makkah,B018,2026-05-13,Platinum,0
C02223,Amal Alfaraj,0599002223,amal.alfaraj2223@example.com,Madinah,B019,2025-08-19,Gold,1
C02224,Mona Aljohani,0599002224,mona.aljohani2224@example.com,Jeddah,B014,2025-09-04,Classic,1
C02225,Haya Alkhaldi,0599002225,haya.alkhaldi2225@example.com,Jeddah,B013,2024-09-16,Classic,1
C02226,Saud Alshammari,0599002226,saud.alshammari2226@example.com,Qassim,B010,2025-04-07,Classic,0
C02227,Omar Alkhaldi,0599002227,omar.alkhaldi2227@example.com,Riyadh,B009,2025-08-24,Classic,1
C02228,Hind Alotaibi,0599002228,hind.alotaibi2228@example.com,Al Jouf,B039,2026-05-10,Classic,0
C02229,Rawan Alrashidi,0599002229,rawan.alrashidi2229@example.com,Dhahran,B025,2024-08-13,Classic,1
C02230,Sara Alshehri,0599002230,sara.alshehri2230@example.com,Jeddah,B021,2023-02-09,Classic,1
C02231,Noura Alghamdi,0599002231,noura.alghamdi2231@example.com,Jeddah,B022,2025-08-08,Silver,1
C02232,Atheer Alshammari,0599002232,atheer.alshammari2232@example.com,Jeddah,B015,2023-09-05,Platinum,0
C02233,Rawan Alsaeed,0599002233,rawan.alsaeed2233@example.com,Jeddah,B016,2021-01-16,Classic,1
C02234,Amal Alhajri,0599002234,amal.alhajri2234@example.com,Madinah,B019,2024-11-08,Gold,1
C02235,Ziyad Alhajri,0599002235,ziyad.alhajri2235@example.com,Al Ahsa,B026,2025-09-13,Classic,0
C02236,Lama Aljohani,0599002236,lama.aljohani2236@example.com,Dammam,B028,2024-10-08,Classic,0
C02237,Rawan Alhajri,0599002237,rawan.alhajri2237@example.com,Riyadh,B006,2025-03-15,Classic,1
C02238,Omar Alanazi,0599002238,omar.alanazi2238@example.com,Najran,B034,2023-04-01,Silver,1
C02239,Mona Alfaraj,0599002239,mona.alfaraj2239@example.com,Qassim,B010,2021-01-21,Classic,0
C02240,Hessa Alnaimi,0599002240,hessa.alnaimi2240@example.com,Jeddah,B022,2022-07-11,Silver,1
C02241,Reem Alkhaldi,0599002241,reem.alkhaldi2241@example.com,Jeddah,B022,2021-09-13,Classic,0
C02242,Jawaher Aljohani,0599002242,jawaher.aljohani2242@example.com,Riyadh,B002,2025-02-09,Classic,1
C02243,Maha Aldossary,0599002243,maha.aldossary2243@example.com,Riyadh,B008,2024-02-17,Gold,1
C02244,Mohammed Alsaeed,0599002244,mohammed.alsaeed2244@example.com,Al Kharj,B011,2023-12-28,Classic,1
C02245,Sara Alshammari,0599002245,sara.alshammari2245@example.com,Jeddah,B022,2023-07-08,Silver,1
C02246,Noura Alrashidi,0599002246,noura.alrashidi2246@example.com,Dhahran,B030,2023-02-08,Gold,1
C02247,Rakan Alghamdi,0599002247,rakan.alghamdi2247@example.com,Jazan,B033,2022-06-16,Silver,1
C02248,Khalid Alanazi,0599002248,khalid.alanazi2248@example.com,Dhahran,B025,2026-02-10,Classic,0
C02249,Abdullah Aldossary,0599002249,abdullah.aldossary2249@example.com,Taif,B020,2021-11-14,Classic,1
C02250,Sultan Alshammari,0599002250,sultan.alshammari2250@example.com,Jeddah,B015,2024-09-05,Gold,0
C02251,Ziyad Alghamdi,0599002251,ziyad.alghamdi2251@example.com,Taif,B020,2025-11-27,Classic,0
C02252,Ahmed Alghamdi,0599002252,ahmed.alghamdi2252@example.com,Jeddah,B014,2026-01-12,Silver,1
C02253,Reem Albalawi,0599002253,reem.albalawi2253@example.com,Jeddah,B017,2025-09-09,Classic,1
C02254,Ghada Alanazi,0599002254,ghada.alanazi2254@example.com,Najran,B034,2025-07-31,Silver,1
C02255,Omar Alghamdi,0599002255,omar.alghamdi2255@example.com,Dammam,B028,2026-04-17,Silver,
C02256,Sara Alamri,0599002256,sara.alamri2256@example.com,Riyadh,B005,2023-12-06,Silver,1
C02257,Lama Alzahrani,0599002257,lama.alzahrani2257@example.com,Riyadh,B007,2022-04-24,Classic,1
C02258,Mohammed Alkhaldi,0599002258,mohammed.alkhaldi2258@example.com,Jeddah,B016,2024-02-27,Classic,
C02259,Sultan Alkhaldi,0599002259,sultan.alkhaldi2259@example.com,Tabuk,B040,2025-05-31,Platinum,1
C02260,Lama Almalki,0599002260,lama.almalki2260@example.com,Riyadh,B009,2022-08-13,Classic,1
C02261,Ahmed Alzahrani,0599002261,ahmed.alzahrani2261@example.com,Riyadh,B007,2025-05-03,Classic,0
C02262,Majed Alqahtani,0599002262,majed.alqahtani2262@example.com,Madinah,B019,2021-03-01,Classic,1
C02263,Haya Alqahtani,0599002263,haya.alqahtani2263@example.com,Jeddah,B013,2026-05-13,Classic,0
C02264,Majed Alanazi,0599002264,majed.alanazi2264@example.com,Abha,B031,2026-03-05,Classic,1
C02265,Ahmed Alghamdi,0599002265,ahmed.alghamdi2265@example.com,Riyadh,B005,2023-07-03,Classic,1
C02266,Mohammed Alhajri,0599002266,mohammed.alhajri2266@example.com,Jeddah,B013,2024-09-27,Classic,1
C02267,Ziyad Aldawsari,0599002267,ziyad.aldawsari2267@example.com,Jeddah,B021,2024-11-24,Classic,0
C02268,Mona Alamri,0599002268,mona.alamri2268@example.com,Riyadh,B005,2022-09-01,Classic,1
C02269,Sara Alsubaie,0599002269,sara.alsubaie2269@example.com,Taif,B020,2025-10-24,Classic,0
C02270,Maha Alotaibi,0599002270,maha.alotaibi2270@example.com,Najran,B034,2025-12-09,Classic,1
C02271,Atheer Alsubaie,0599002271,atheer.alsubaie2271@example.com,Riyadh,B012,2022-06-22,Silver,1
C02272,Rawan Aljohani,0599002272,rawan.aljohani2272@example.com,Jeddah,B013,2025-12-19,Gold,0
C02273,Amal Alghamdi,0599002273,amal.alghamdi2273@example.com,Najran,B034,2024-09-19,Gold,1
C02274,Lama Aldossary,0599002274,lama.aldossary2274@example.com,Riyadh,B009,2025-09-04,Silver,1
C02275,Saud Alotaibi,0599002275,saud.alotaibi2275@example.com,Abha,B031,2022-10-11,Classic,1
C02276,Jawaher Alkhaldi,0599002276,jawaher.alkhaldi2276@example.com,Riyadh,B012,2024-07-31,Classic,1
C02277,Ziyad Alsubaie,0599002277,ziyad.alsubaie2277@example.com,Jeddah,B016,2023-04-01,Gold,1
C02278,Reem Aljohani,0599002278,reem.aljohani2278@example.com,Riyadh,B007,2023-04-06,Classic,1
C02279,Majed Aljohani,0599002279,majed.aljohani2279@example.com,Jeddah,B014,2022-11-27,Classic,1
C02280,Mona Aldossary,0599002280,mona.aldossary2280@example.com,Qassim,B010,2025-02-22,Silver,1
C02281,Saud Alotaibi,0599002281,saud.alotaibi2281@example.com,Madinah,B019,2023-03-05,Classic,1
C02282,Reem Alnaimi,0599002282,reem.alnaimi2282@example.com,Khamis Mushait,B036,2023-12-12,Classic,0
C02283,Jawaher Alharbi,0599002283,jawaher.alharbi2283@example.com,Madinah,B019,2021-07-28,Classic,
C02284,Noura Alzahrani,0599002284,noura.alzahrani2284@example.com,Jeddah,B022,2023-07-15,Silver,1
C02285,Lama Aldawsari,0599002285,lama.aldawsari2285@example.com,Jeddah,B016,2026-01-27,Classic,1
C02286,Fahad Alrashidi,0599002286,fahad.alrashidi2286@example.com,Riyadh,B008,2026-05-22,Classic,0
C02287,Abdullah Alshammari,0599002287,abdullah.alshammari2287@example.com,Jeddah,B022,2023-04-25,Classic,0
C02288,Ghada Almalki,0599002288,ghada.almalki2288@example.com,Makkah,B018,2024-09-13,Classic,1
C02289,Turki Alhajri,0599002289,turki.alhajri2289@example.com,Jeddah,B017,2026-06-10,Platinum,1
C02290,Omar Almalki,0599002290,omar.almalki2290@example.com,Makkah,B018,2021-07-31,Classic,1
C02291,Sara Alshammari,0599002291,sara.alshammari2291@example.com,Jeddah,B017,2025-12-08,Classic,0
C02292,Rakan Aldossary,N/A,rakan.aldossary2292@example.com,Riyadh,B003,2025-06-17,Silver,0
C02293,Sultan Alqahtani,0599002293,sultan.alqahtani2293@example.com,Riyadh,B004,2025-03-15,Gold,1
C02294,Mohammed Aljohani,0599002294,mohammed.aljohani2294@example.com,Khamis Mushait,B032,2025-01-03,Gold,1
C02295,Jawaher Albalawi,0599002295,jawaher.albalawi2295@example.com,Khamis Mushait,B032,2025-10-31,Classic,1
C02296,Bandar Alhajri,0599002296,bandar.alhajri2296@example.com,Khamis Mushait,B032,2023-11-12,Classic,1
C02297,Dana Aljohani,0599002297,dana.aljohani2297@example.com,Tabuk,B037,2022-11-14,Classic,1
C02298,Lulwa Aldawsari,0599002298,lulwa.aldawsari2298@example.com,Dammam,B028,2026-02-19,Classic,1
C02299,Mohammed Alenezi,0599002299,mohammed.alenezi2299@example.com,Jeddah,B017,2024-10-28,Classic,0
C02300,Ahmed Alshammari,0599002300,ahmed.alshammari2300@example.com,Riyadh,B006,2025-08-01,Classic,1
C02301,Ali Alqahtani,0599002301,ali.alqahtani2301@example.com,Jeddah,B021,2024-10-02,Silver,1
C02302,Amal Alshehri,0599002302,amal.alshehri2302@example.com,Jeddah,B016,2023-04-09,Classic,1
C02303,Hessa Alenezi,0599002303,hessa.alenezi2303@example.com,Al Ahsa,B026,2025-06-29,Classic,1
C02304,Noura Alshehri,0599002304,noura.alshehri2304@example.com,Khobar,B029,2022-11-25,Classic,0
C02305,Rawan Alhajri,0599002305,rawan.alhajri2305@example.com,Riyadh,B006,2024-11-03,Silver,1
C02306,Abdullah Almalki,0599002306,abdullah.almalki2306@example.com,Abha,B031,2021-01-24,Silver,0
C02307,Jawaher Alhajri,0599002307,jawaher.alhajri2307@example.com,Riyadh,B012,2021-11-18,Classic,1
C02308,Abdullah Alshehri,0599002308,abdullah.alshehri2308@example.com,Makkah,B018,2022-03-13,Classic,0
C02309,Rakan Alshammari,0599002309,rakan.alshammari2309@example.com,Jeddah,B014,2023-07-31,Gold,1
C02310,Lulwa Almutairi,0599002310,lulwa.almutairi2310@example.com,Riyadh,B005,2023-05-06,Gold,1
C02311,Abdullah Alshammari,0599002311,abdullah.alshammari2311@example.com,Jeddah,B015,2024-06-04,Classic,0
C02312,Hessa Albalawi,0599002312,hessa.albalawi2312@example.com,Riyadh,B002,2024-07-31,Silver,
C02313,Ali Aldawsari,0599002313,ali.aldawsari2313@example.com,Jeddah,B015,2021-06-18,Classic,1
C02314,Maha Alamri,0599002314,maha.alamri2314@example.com,Dhahran,B025,2022-11-03,Classic,1
C02315,Reem Alshammari,0599002315,reem.alshammari2315@example.com,Al Jouf,B039,2025-08-18,Gold,1
C02316,Ziyad Alfaraj,0599002316,ziyad.alfaraj2316@example.com,Jeddah,B014,2021-05-23,Classic,1
C02317,Bandar Alanazi,0599002317,bandar.alanazi2317@example.com,Madinah,B019,2023-08-09,Gold,1
C02318,Sara Alzahrani,0599002318,sara.alzahrani2318@example.com,Madinah,B019,2022-12-21,Platinum,1
C02319,Fahad Alzahrani,0599002319,fahad.alzahrani2319@example.com,Jeddah,B015,2026-02-25,Classic,1
C02320,Majed Alotaibi,0599002320,majed.alotaibi2320@example.com,Riyadh,B008,2021-11-28,Silver,1
C02321,Saud Alshammari,0599002321,saud.alshammari2321@example.com,Abha,B035,2021-06-15,Classic,1
C02322,Atheer Alghamdi,0599002322,atheer.alghamdi2322@example.com,Riyadh,B001,2022-02-20,Classic,0
C02323,Sara Alqahtani,0599002323,sara.alqahtani2323@example.com,Jeddah,B016,2025-05-23,Silver,0
C02324,Saud Alyami,0599002324,saud.alyami2324@example.com,Najran,B034,2022-06-01,Classic,1
C02325,Ahmed Alotaibi,0599002325,ahmed.alotaibi2325@example.com,Jeddah,B022,2026-01-05,Classic,1
C02326,Dana Alshehri,0599002326,dana.alshehri2326@example.com,Jeddah,B017,2026-05-23,Silver,1
C02327,Khalid Alghamdi,0599002327,khalid.alghamdi2327@example.com,Riyadh,B002,2026-05-21,Classic,1
C02328,Majed Alanazi,0599002328,majed.alanazi2328@example.com,Madinah,B019,2023-12-25,Classic,0
C02329,Reem Alfaraj,0599002329,reem.alfaraj2329@example.com,Jeddah,B017,2021-08-14,Gold,1
C02330,Haya Alhajri,0599002330,haya.alhajri2330@example.com,Al Kharj,B011,2025-03-24,Classic,
C02331,Ali Alrashidi,0599002331,ali.alrashidi2331@example.com,Riyadh,B012,2021-10-27,Gold,1
C02332,Shahad Alyami,0599002332,shahad.alyami2332@example.com,Riyadh,B012,2025-11-08,Silver,1
C02333,Hind Alanazi,0599002333,hind.alanazi2333@example.com,Al Ahsa,B026,2025-10-05,Classic,1
C02334,Khalid Alhajri,0599002334,khalid.alhajri2334@example.com,Taif,B020,2025-06-14,Classic,1
C02335,Shahad Alqahtani,0599002335,shahad.alqahtani2335@example.com,Dhahran,B025,2025-12-16,Silver,1
C02336,Bandar Alkhaldi,0599002336,bandar.alkhaldi2336@example.com,Tabuk,B040,2025-05-16,Classic,0
C02337,Omar Alotaibi,0599002337,omar.alotaibi2337@example.com,Riyadh,B006,2023-05-13,Silver,1
C02338,Yousef Albalawi,0599002338,yousef.albalawi2338@example.com,Riyadh,B006,2025-06-07,Silver,0
C02339,Atheer Alenezi,0599002339,atheer.alenezi2339@example.com,Jeddah,B013,2025-08-17,Silver,1
C02340,Haya Alkhaldi,0599002340,haya.alkhaldi2340@example.com,Tabuk,B040,2025-12-24,Classic,0
C02341,Dana Alanazi,0599002341,dana.alanazi2341@example.com,Riyadh,B001,2022-04-17,Classic,0
C02342,Omar Alshammari,0599002342,omar.alshammari2342@example.com,Riyadh,B012,2025-02-07,Classic,1
C02343,Abdullah Almalki,0599002343,abdullah.almalki2343@example.com,Qassim,B010,2021-08-22,Classic,1
C02344,Amal Alshehri,0599002344,amal.alshehri2344@example.com,Taif,B020,2025-04-22,Classic,1
C02345,Khalid Alharbi,0599002345,khalid.alharbi2345@example.com,Taif,B020,2023-06-12,Platinum,1
C02346,Noura Alkhaldi,0599002346,noura.alkhaldi2346@example.com,Taif,B020,2026-05-01,Silver,
C02347,Sultan Alfaraj,0599002347,sultan.alfaraj2347@example.com,Jeddah,B016,2022-02-18,Classic,1
C02348,Fahad Alenezi,0599002348,fahad.alenezi2348@example.com,Khobar,B024,2021-08-06,Classic,1
C02349,Sultan Alenezi,0599002349,sultan.alenezi2349@example.com,Jeddah,B014,2025-03-20,Classic,1
C02350,Saud Alzahrani,0599002350,saud.alzahrani2350@example.com,Riyadh,B001,2022-02-08,Gold,1
C02351,Nasser Alrashidi,0599002351,nasser.alrashidi2351@example.com,Riyadh,B001,2021-02-17,Gold,1
C02352,Dana Aljohani,0599002352,dana.aljohani2352@example.com,Riyadh,B006,2025-05-23,Gold,
C02353,Rakan Alsubaie,0599002353,rakan.alsubaie2353@example.com,Khamis Mushait,B032,2023-04-28,Classic,1
C02354,Abdullah Alharbi,0599002354,abdullah.alharbi2354@example.com,Jeddah,B021,2022-08-27,Platinum,1
C02355,Abdullah Alharbi,0599002355,abdullah.alharbi2355@example.com,Dhahran,B030,2023-09-19,Silver,1
C02356,Hind Alotaibi,0599002356,hind.alotaibi2356@example.com,Jeddah,B022,2026-03-13,Classic,0
C02357,Ziyad Alanazi,0599002357,ziyad.alanazi2357@example.com,Jeddah,B013,2023-10-16,Classic,0
C02358,Shahad Alshammari,0599002358,shahad.alshammari2358@example.com,Riyadh,B007,2025-08-16,Classic,1
C02359,Rawan Alzahrani,0599002359,rawan.alzahrani2359@example.com,Jazan,B033,2022-10-01,Classic,1
C02360,Jawaher Alharbi,0599002360,jawaher.alharbi2360@example.com,Khobar,B029,2024-06-26,Silver,0
C02361,Turki Alrashidi,0599002361,turki.alrashidi2361@example.com,Jeddah,B022,2024-12-21,Silver,0
C02362,Lama Alhajri,0599002362,lama.alhajri2362@example.com,Jeddah,B022,2026-05-13,Classic,1
C02363,Sara Alqahtani,0599002363,sara.alqahtani2363@example.com,Tabuk,B040,2024-01-24,Classic,1
C02364,Jawaher Alshammari,0599002364,jawaher.alshammari2364@example.com,Dammam,B023,2021-07-24,Classic,1
C02365,Hessa Albalawi,0599002365,hessa.albalawi2365@example.com,Khobar,B029,2024-05-11,Classic,1
C02366,Haya Almutairi,0599002366,haya.almutairi2366@example.com,Abha,B031,2025-08-23,Classic,0
C02367,Lulwa Alanazi,0599002367,lulwa.alanazi2367@example.com,Riyadh,B005,2021-04-24,Classic,0
C02368,Ahmed Almalki,0599002368,ahmed.almalki2368@example.com,Jeddah,B015,2025-08-29,Classic,1
C02369,Khalid Albalawi,0599002369,khalid.albalawi2369@example.com,Abha,B035,2026-05-02,Silver,0
C02370,Jawaher Aldawsari,0599002370,jawaher.aldawsari2370@example.com,Madinah,B019,2024-02-02,Classic,1
C02371,Jawaher Alamri,0599002371,jawaher.alamri2371@example.com,Jeddah,B022,2022-08-26,Silver,1
C02372,Rakan Aldawsari,0599002372,rakan.aldawsari2372@example.com,Jeddah,B014,2025-04-22,Classic,1
C02373,Mona Alshammari,0599002373,mona.alshammari2373@example.com,Riyadh,B003,2025-07-16,Gold,1
C02374,Atheer Alharbi,0599002374,atheer.alharbi2374@example.com,Riyadh,B008,2024-06-04,Classic,0
C02375,Rawan Aldawsari,0599002375,rawan.aldawsari2375@example.com,Al Jouf,B039,2024-03-29,Platinum,0
C02376,Reem Alkhaldi,0599002376,reem.alkhaldi2376@example.com,Al Kharj,B011,2024-12-31,Gold,0
C02377,Hessa Alsaeed,0599002377,hessa.alsaeed2377@example.com,Tabuk,B037,2024-11-25,Classic,1
C02378,Hessa Alnaimi,0599002378,hessa.alnaimi2378@example.com,Khamis Mushait,B032,2025-05-19,Classic,1
C02379,Sultan Alsaeed,0599002379,sultan.alsaeed2379@example.com,Jubail,B027,2026-04-01,Silver,0
C02380,Fahad Alghamdi,0599002380,fahad.alghamdi2380@example.com,Qassim,B010,2021-06-29,Classic,1
C02381,Ali Alkhaldi,0599002381,ali.alkhaldi2381@example.com,Al Jouf,B039,2025-09-15,Classic,1
C02382,Ghada Alenezi,0599002382,ghada.alenezi2382@example.com,Riyadh,B001,2025-07-07,Silver,0
C02383,Shahad Albalawi,0599002383,shahad.albalawi2383@example.com,Khamis Mushait,B036,2025-12-13,Classic,1
C02384,Lama Aldossary,0599002384,lama.aldossary2384@example.com,Riyadh,B003,2021-02-21,Classic,1
C02385,Maha Albalawi,0599002385,maha.albalawi2385@example.com,Dammam,B023,2025-12-28,Classic,1
C02386,Rawan Alsaeed,0599002386,rawan.alsaeed2386@example.com,Abha,B035,2021-05-16,Gold,0
C02387,Bandar Aljohani,0599002387,bandar.aljohani2387@example.com,Khobar,B024,2021-07-23,Silver,0
C02388,Saud Alfaraj,0599002388,saud.alfaraj2388@example.com,Dhahran,B030,2022-03-15,Silver,1
C02389,Lama Alsubaie,0599002389,lama.alsubaie2389@example.com,Jeddah,B016,2021-12-19,Classic,0
C02390,Ali Alsaeed,0599002390,ali.alsaeed2390@example.com,Jeddah,B013,2022-02-20,Silver,
C02391,Bandar Alanazi,0599002391,bandar.alanazi2391@example.com,Riyadh,B007,2022-11-05,Classic,0
C02392,Ziyad Alanazi,0599002392,ziyad.alanazi2392@example.com,Riyadh,B008,2024-06-01,Silver,0
C02393,Faisal Alshammari,0599002393,faisal.alshammari2393@example.com,Riyadh,B009,2024-04-30,Classic,1
C02394,Abdullah Alotaibi,0599002394,abdullah.alotaibi2394@example.com,Al Ahsa,B026,2022-09-27,Silver,0
C02395,Ghada Alshehri,0599002395,ghada.alshehri2395@example.com,Riyadh,B007,2025-05-26,Gold,1
C02396,Sara Aldawsari,0599002396,sara.aldawsari2396@example.com,Hail,B038,2026-06-01,Platinum,1
C02397,Atheer Alrashidi,0599002397,atheer.alrashidi2397@example.com,Dammam,B023,2026-04-26,Classic,1
C02398,Sara Aljohani,0599002398,sara.aljohani2398@example.com,Hail,B038,2022-12-24,Classic,1
C02399,Mohammed Aldossary,0599002399,mohammed.aldossary2399@example.com,Riyadh,B001,2024-07-13,Gold,1
C02400,Lama Alsaeed,0599002400,lama.alsaeed2400@example.com,Najran,B034,2021-09-02,Classic,1
C02401,Majed Alsubaie,0599002401,majed.alsubaie2401@example.com,Riyadh,B003,2021-03-16,Gold,0
C02402,Maha Alamri,0599002402,maha.alamri2402@example.com,Riyadh,B007,2025-12-10,Classic,1
C02403,Amal Alzahrani,0599002403,amal.alzahrani2403@example.com,Abha,B031,2022-08-07,Gold,1
C02404,Abdullah Alnaimi,0599002404,abdullah.alnaimi2404@example.com,Khobar,B029,2021-11-30,Classic,1
C02405,Hind Aldossary,0599002405,hind.aldossary2405@example.com,Jeddah,B021,2025-10-05,Classic,1
C02406,Atheer Alanazi,0599002406,atheer.alanazi2406@example.com,Jeddah,B013,2024-06-16,Classic,1
C02407,Lama Alshehri,0599002407,lama.alshehri2407@example.com,Dhahran,B030,2021-06-08,Classic,1
C02408,Maha Aljohani,0599002408,maha.aljohani2408@example.com,Jeddah,B013,2025-12-07,Silver,0
C02409,Turki Almalki,0599002409,turki.almalki2409@example.com,Najran,B034,2021-02-22,Classic,0
C02410,Majed Almalki,0599002410,majed.almalki2410@example.com,Riyadh,B002,2021-06-02,Gold,1
C02411,Faisal Alnaimi,0599002411,faisal.alnaimi2411@example.com,Riyadh,B012,2025-08-19,Classic,1
C02412,Haya Aljohani,0599002412,haya.aljohani2412@example.com,Abha,B035,2023-12-08,Silver,1
C02413,Amal Alanazi,0599002413,amal.alanazi2413@example.com,Jubail,B027,2023-05-19,Classic,0
C02414,Mona Alnaimi,0599002414,mona.alnaimi2414@example.com,Riyadh,B002,2025-08-16,Classic,1
C02415,Lama Alshammari,0599002415,lama.alshammari2415@example.com,Khobar,B024,2022-02-07,Silver,1
C02416,Sara Alamri,0599002416,sara.alamri2416@example.com,Al Jouf,B039,2025-08-28,Silver,0
C02417,Ghada Aljohani,0599002417,ghada.aljohani2417@example.com,Khobar,B029,2026-04-16,Classic,0
C02418,Khalid Alzahrani,0599002418,khalid.alzahrani2418@example.com,Jeddah,B017,2025-07-25,Silver,1
C02419,Rawan Alshammari,0599002419,rawan.alshammari2419@example.com,Riyadh,B001,2022-01-17,Classic,1
C02420,Noura Alhajri,0599002420,noura.alhajri2420@example.com,Jubail,B027,2021-06-29,Classic,1
C02421,Maha Alhajri,0599002421,maha.alhajri2421@example.com,Tabuk,B037,2023-02-19,Classic,1
C02422,Shahad Alshehri,0599002422,shahad.alshehri2422@example.com,Jeddah,B016,2025-09-29,Silver,1
C02423,Haya Alfaraj,0599002423,haya.alfaraj2423@example.com,Riyadh,B007,2021-03-21,Platinum,0
C02424,Mona Alfaraj,0599002424,mona.alfaraj2424@example.com,Madinah,B019,2023-09-25,Classic,1
C02425,Ali Alnaimi,0599002425,ali.alnaimi2425@example.com,Jazan,B033,2024-08-18,Classic,1
C02426,Atheer Alkhaldi,0599002426,atheer.alkhaldi2426@example.com,Riyadh,B007,2025-11-09,Classic,1
C02427,Faisal Alrashidi,0599002427,faisal.alrashidi2427@example.com,Dammam,B023,2025-09-21,Silver,1
C02428,Dana Aldossary,0599002428,dana.aldossary2428@example.com,Jeddah,B015,2024-12-28,Silver,1
C02429,Rakan Alshammari,0599002429,rakan.alshammari2429@example.com,Riyadh,B012,2023-11-30,Classic,1
C02430,Maha Almutairi,0599002430,maha.almutairi2430@example.com,Dammam,B028,2024-04-29,Silver,0
C02431,Nasser Alghamdi,0599002431,nasser.alghamdi2431@example.com,Al Ahsa,B026,2022-11-24,Silver,1
C02432,Lama Alzahrani,0599002432,lama.alzahrani2432@example.com,Jeddah,B017,2026-06-06,Classic,1
C02433,Faisal Alghamdi,0599002433,faisal.alghamdi2433@example.com,Jeddah,B013,2026-03-16,Classic,1
C02434,Hind Almutairi,0599002434,hind.almutairi2434@example.com,Jeddah,B013,2024-06-02,Silver,0
C02435,Sara Alshammari,0599002435,sara.alshammari2435@example.com,Jeddah,B022,2023-09-23,Silver,1
C02436,Maha Alamri,0599002436,maha.alamri2436@example.com,Riyadh,B001,2021-04-10,Classic,0
C02437,Dana Alshehri,0599002437,dana.alshehri2437@example.com,Makkah,B018,2025-03-05,Classic,1
C02438,Amal Alfaraj,0599002438,amal.alfaraj2438@example.com,Hail,B038,2023-02-07,Silver,1
C02439,Bandar Alqahtani,0599002439,bandar.alqahtani2439@example.com,Jeddah,B016,2024-06-13,Classic,0
C02440,Ahmed Alrashidi,0599002440,ahmed.alrashidi2440@example.com,Hail,B038,2026-05-19,Silver,1
C02441,Lama Alfaraj,0599002441,lama.alfaraj2441@example.com,Dammam,B028,2024-12-24,Classic,0
C02442,Omar Alkhaldi,0599002442,omar.alkhaldi2442@example.com,Madinah,B019,2023-07-06,Silver,1
C02443,Amal Alyami,0599002443,amal.alyami2443@example.com,Makkah,B018,2021-02-22,Platinum,1
C02444,Reem Alnaimi,0599002444,reem.alnaimi2444@example.com,Tabuk,B040,2021-08-22,Classic,1
C02445,Ahmed Aldossary,0599002445,ahmed.aldossary2445@example.com,Najran,B034,2025-07-29,Classic,1
C02446,Sara Almalki,0599002446,sara.almalki2446@example.com,Al Jouf,B039,2025-10-30,Silver,1
C02447,Mohammed Alamri,0599002447,mohammed.alamri2447@example.com,Riyadh,B001,2024-05-20,Silver,0
C02448,Ghada Aldawsari,0599002448,ghada.aldawsari2448@example.com,Riyadh,B004,2021-09-02,Gold,0
C02449,Fahad Alrashidi,0599002449,fahad.alrashidi2449@example.com,Jeddah,B022,2025-11-14,Classic,1
C02450,Saud Albalawi,0599002450,saud.albalawi2450@example.com,Riyadh,B005,2025-12-24,Classic,1
C02451,Fahad Alenezi,0599002451,fahad.alenezi2451@example.com,Qassim,B010,2025-05-03,Platinum,1
C02452,Lama Alotaibi,0599002452,lama.alotaibi2452@example.com,Dhahran,B025,2022-12-20,Classic,1
C02453,Shahad Alsubaie,0599002453,shahad.alsubaie2453@example.com,Taif,B020,2022-06-22,Silver,1
C02454,Nasser Almalki,0599002454,nasser.almalki2454@example.com,Jeddah,B021,2022-03-11,Classic,1
C02455,Fahad Alshammari,0599002455,fahad.alshammari2455@example.com,Al Ahsa,B026,2026-03-05,Silver,0
C02456,Dana Alhajri,0599002456,dana.alhajri2456@example.com,Riyadh,B003,2024-09-08,Platinum,1
C02457,Nasser Albalawi,0599002457,nasser.albalawi2457@example.com,Dammam,B023,2026-05-02,Classic,0
C02458,Sara Alqahtani,0599002458,sara.alqahtani2458@example.com,Riyadh,B009,2022-07-14,Classic,0
C02459,Maha Aljohani,0599002459,maha.aljohani2459@example.com,Riyadh,B005,2025-06-07,Classic,1
C02460,Shahad Alamri,0599002460,shahad.alamri2460@example.com,Riyadh,B004,2022-06-13,Gold,0
C02461,Hind Alzahrani,0599002461,hind.alzahrani2461@example.com,Al Jouf,B039,2024-06-04,Classic,
C02462,Mona Alshammari,0599002462,mona.alshammari2462@example.com,Najran,B034,2026-04-25,Classic,1
C02463,Atheer Alharbi,0599002463,atheer.alharbi2463@example.com,Riyadh,B005,2024-02-13,Classic,1
C02464,Rawan Alenezi,0599002464,rawan.alenezi2464@example.com,Dammam,B023,2025-05-31,Gold,1
C02465,Noura Albalawi,0599002465,noura.albalawi2465@example.com,Riyadh,B012,2025-10-14,Silver,1
C02466,Ali Alqahtani,0599002466,ali.alqahtani2466@example.com,Jubail,B027,2025-11-01,Classic,1
C02467,Noura Alshammari,0599002467,noura.alshammari2467@example.com,Jeddah,B016,2021-03-10,Silver,1
C02468,Hind Alshehri,0599002468,hind.alshehri2468@example.com,Jeddah,B013,2024-05-28,Gold,1
C02469,Sara Alyami,0599002469,sara.alyami2469@example.com,Jubail,B027,2024-08-19,Classic,0
C02470,Sara Alotaibi,0599002470,sara.alotaibi2470@example.com,Jeddah,B017,2021-11-08,Classic,0
C02471,Haya Alqahtani,0599002471,haya.alqahtani2471@example.com,Jeddah,B016,2026-06-10,Classic,1
C02472,Turki Alamri,0599002472,turki.alamri2472@example.com,Abha,B035,2025-04-04,Gold,
C02473,Yousef Alqahtani,0599002473,yousef.alqahtani2473@example.com,Jeddah,B017,2025-07-24,Classic,0
C02474,Jawaher Albalawi,0599002474,jawaher.albalawi2474@example.com,Riyadh,B008,2024-03-15,Classic,1
C02475,Amal Alenezi,0599002475,amal.alenezi2475@example.com,Najran,B034,2025-01-25,Gold,1
C02476,Hind Alfaraj,0599002476,hind.alfaraj2476@example.com,Jazan,B033,2021-07-14,Platinum,1
C02477,Fahad Alshammari,0599002477,fahad.alshammari2477@example.com,Jeddah,B016,2025-12-05,Gold,1
C02478,Hessa Alotaibi,0599002478,hessa.alotaibi2478@example.com,Al Ahsa,B026,2021-03-29,Classic,0
C02479,Lama Alfaraj,0599002479,lama.alfaraj2479@example.com,Abha,B035,2026-03-04,Classic,1
C02480,Shahad Aldossary,0599002480,shahad.aldossary2480@example.com,Riyadh,B007,2021-12-03,Classic,0
C02481,Sara Alghamdi,0599002481,sara.alghamdi2481@example.com,Riyadh,B005,2024-12-09,Classic,0
C02482,Shahad Albalawi,0599002482,shahad.albalawi2482@example.com,Riyadh,B007,2024-07-08,Classic,1
C02483,Jawaher Alotaibi,0599002483,jawaher.alotaibi2483@example.com,Dhahran,B030,2025-01-22,Classic,
C02484,Saud Alshammari,0599002484,saud.alshammari2484@example.com,Riyadh,B001,2021-07-28,Gold,0
C02485,Amal Alanazi,0599002485,amal.alanazi2485@example.com,Riyadh,B004,2022-07-18,Classic,1
C02486,Noura Aljohani,0599002486,noura.aljohani2486@example.com,Al Ahsa,B026,2021-05-05,Classic,1
C02487,Haya Aljohani,0599002487,haya.aljohani2487@example.com,Jeddah,B022,2025-07-23,Classic,1
C02488,Lulwa Alyami,0599002488,lulwa.alyami2488@example.com,Najran,B034,2023-02-03,Gold,1
C02489,Shahad Alyami,0599002489,shahad.alyami2489@example.com,Riyadh,B003,2026-01-27,Classic,1
C02490,Ziyad Almutairi,0599002490,ziyad.almutairi2490@example.com,Qassim,B010,2024-11-14,Classic,1
C02491,Hessa Alyami,0599002491,hessa.alyami2491@example.com,Abha,B031,2023-10-23,Silver,1
C02492,Shahad Alfaraj,0599002492,shahad.alfaraj2492@example.com,Abha,B035,2023-03-24,Gold,0
C02493,Khalid Alkhaldi,0599002493,khalid.alkhaldi2493@example.com,Riyadh,B009,2024-10-13,Silver,1
C02494,Mohammed Alshammari,0599002494,mohammed.alshammari2494@example.com,Dhahran,B025,2026-06-08,Silver,1
C02495,Dana Alyami,0599002495,dana.alyami2495@example.com,Riyadh,B009,2025-10-17,Gold,0
C02496,Lama Alharbi,0599002496,lama.alharbi2496@example.com,Dammam,B028,2024-11-07,Classic,1
C02497,Lama Aldawsari,0599002497,lama.aldawsari2497@example.com,Al Kharj,B011,2025-04-28,Classic,0
C02498,Majed Almutairi,0599002498,majed.almutairi2498@example.com,Riyadh,B012,2021-08-07,Silver,1
C02499,Omar Alshammari,0599002499,omar.alshammari2499@example.com,Jeddah,B022,2024-07-26,Classic,1
C02500,Sara Aldossary,0599002500,sara.aldossary2500@example.com,Dhahran,B025,2021-08-11,Classic,1
C02501,Hind Alsubaie,0599002501,hind.alsubaie2501@example.com,Khobar,B029,2022-01-20,Silver,
C02502,Maha Alsaeed,0599002502,maha.alsaeed2502@example.com,Makkah,B018,2025-03-14,Classic,1
C02503,Amal Almalki,0599002503,amal.almalki2503@example.com,Dhahran,B030,2024-03-13,Gold,1
C02504,Hind Almutairi,0599002504,hind.almutairi2504@example.com,Dhahran,B025,2025-05-21,Silver,1
C02505,Noura Alzahrani,0599002505,noura.alzahrani2505@example.com,Jeddah,B013,2025-01-20,Classic,1
C02506,Lama Almalki,0599002506,lama.almalki2506@example.com,Jeddah,B015,2025-10-25,Gold,1
C02507,Dana Alshammari,0599002507,dana.alshammari2507@example.com,Makkah,B018,2025-04-20,Classic,1
C02508,Yousef Alshammari,0599002508,yousef.alshammari2508@example.com,Al Kharj,B011,2026-01-05,Classic,1
C02509,Bandar Alfaraj,0599002509,bandar.alfaraj2509@example.com,Dammam,B023,2022-06-06,Classic,1
C02510,Abdullah Almutairi,0599002510,abdullah.almutairi2510@example.com,Tabuk,B040,2025-12-11,Classic,0
C02511,Majed Alnaimi,0599002511,majed.alnaimi2511@example.com,Khobar,B024,2021-08-14,Gold,1
C02512,Mona Alotaibi,0599002512,mona.alotaibi2512@example.com,Abha,B035,2025-07-15,Classic,0
C02513,Noura Albalawi,0599002513,noura.albalawi2513@example.com,Jeddah,B017,2025-03-10,Classic,1
C02514,Yousef Alsaeed,0599002514,yousef.alsaeed2514@example.com,Jeddah,B016,2025-12-05,Classic,0
C02515,Mona Alnaimi,0599002515,mona.alnaimi2515@example.com,Abha,B035,2026-01-28,Classic,1
C02516,Majed Alrashidi,0599002516,majed.alrashidi2516@example.com,Jeddah,B014,2025-12-31,Gold,0
C02517,Lama Alkhaldi,0599002517,lama.alkhaldi2517@example.com,Jeddah,B014,2021-11-24,Silver,1
C02518,Haya Alrashidi,0599002518,haya.alrashidi2518@example.com,Jeddah,B017,2021-09-16,Silver,1
C02519,Dana Alqahtani,0599002519,dana.alqahtani2519@example.com,Al Ahsa,B026,2025-10-07,Classic,1
C02520,Jawaher Alamri,0599002520,jawaher.alamri2520@example.com,Jeddah,B021,2021-07-11,Silver,0
C02521,Haya Aldawsari,0599002521,haya.aldawsari2521@example.com,Riyadh,B009,2021-12-10,Classic,1
C02522,Ghada Alharbi,0599002522,ghada.alharbi2522@example.com,Riyadh,B004,2023-07-10,Classic,1
C02523,Amal Aldossary,0599002523,amal.aldossary2523@example.com,Riyadh,B005,2022-07-20,Classic,1
C02524,Atheer Alyami,0599002524,atheer.alyami2524@example.com,Riyadh,B002,2026-05-10,Classic,1
C02525,Hind Aldossary,0599002525,hind.aldossary2525@example.com,Riyadh,B003,2023-11-27,Classic,1
C02526,Sara Alotaibi,0599002526,sara.alotaibi2526@example.com,Abha,B035,2021-02-23,Silver,1
C02527,Reem Aljohani,0599002527,reem.aljohani2527@example.com,Makkah,B018,2024-05-10,Silver,0
C02528,Ali Alfaraj,0599002528,ali.alfaraj2528@example.com,Qassim,B010,2021-03-03,Classic,0
C02529,Majed Alhajri,0599002529,majed.alhajri2529@example.com,Riyadh,B009,2025-04-02,Platinum,1
C02530,Reem Alqahtani,0599002530,reem.alqahtani2530@example.com,Jeddah,B022,2021-09-24,Classic,0
C02531,Saud Aldawsari,0599002531,saud.aldawsari2531@example.com,Jeddah,B021,2022-12-10,Classic,1
C02532,Faisal Alenezi,0599002532,faisal.alenezi2532@example.com,Taif,B020,2024-02-25,Classic,0
C02533,Yousef Alshehri,0599002533,yousef.alshehri2533@example.com,Khobar,B024,2024-05-29,Classic,1
C02534,Ghada Alzahrani,0599002534,ghada.alzahrani2534@example.com,Riyadh,B003,2026-04-20,Platinum,0
C02535,Atheer Alghamdi,0599002535,atheer.alghamdi2535@example.com,Hail,B038,2022-09-15,Classic,1
C02536,Bandar Albalawi,0599002536,bandar.albalawi2536@example.com,Abha,B031,2026-05-02,Classic,0
C02537,Turki Alshammari,0599002537,turki.alshammari2537@example.com,Al Ahsa,B026,2022-03-03,Classic,1
C02538,Reem Alenezi,0599002538,reem.alenezi2538@example.com,Riyadh,B008,2021-08-06,Classic,1
C02539,Yousef Alsaeed,0599002539,yousef.alsaeed2539@example.com,Riyadh,B012,2025-07-24,Platinum,1
C02540,Faisal Alshammari,0599002540,faisal.alshammari2540@example.com,Makkah,B018,2023-04-17,Gold,1
C02541,Ali Alnaimi,0599002541,ali.alnaimi2541@example.com,Khobar,B029,2025-07-08,Gold,1
C02542,Ahmed Albalawi,0599002542,ahmed.albalawi2542@example.com,Hail,B038,2021-07-05,Silver,1
C02543,Ziyad Alamri,0599002543,ziyad.alamri2543@example.com,Jeddah,B016,2025-02-28,Classic,1
C02544,Reem Almalki,0599002544,reem.almalki2544@example.com,Jeddah,B017,2024-08-15,Silver,0
C02545,Atheer Alanazi,0599002545,atheer.alanazi2545@example.com,Jeddah,B022,2024-12-15,Classic,1
C02546,Reem Alanazi,0599002546,reem.alanazi2546@example.com,Riyadh,B012,2022-11-11,Platinum,1
C02547,Ghada Almalki,0599002547,ghada.almalki2547@example.com,Tabuk,B040,2025-11-16,Classic,1
C02548,Omar Alamri,0599002548,omar.alamri2548@example.com,Riyadh,B005,2025-02-03,Classic,0
C02549,Mohammed Aldossary,0599002549,mohammed.aldossary2549@example.com,Khobar,B024,2021-11-16,Silver,1
C02550,Nasser Albalawi,0599002550,nasser.albalawi2550@example.com,Riyadh,B007,2026-04-19,Classic,1
C02551,Ziyad Alyami,0599002551,ziyad.alyami2551@example.com,Riyadh,B006,2025-10-10,Classic,1
C02552,Noura Almalki,0599002552,noura.almalki2552@example.com,Jubail,B027,2026-05-27,Classic,0
C02553,Shahad Almalki,0599002553,shahad.almalki2553@example.com,Khobar,B024,2025-02-17,Classic,0
C02554,Mohammed Alenezi,0599002554,mohammed.alenezi2554@example.com,Al Kharj,B011,2021-05-20,Classic,0
C02555,Hind Alzahrani,0599002555,hind.alzahrani2555@example.com,Khamis Mushait,B032,2021-01-09,Silver,1
C02556,Ghada Alharbi,0599002556,ghada.alharbi2556@example.com,Riyadh,B004,2025-02-05,Silver,0
C02557,Ghada Alanazi,0599002557,ghada.alanazi2557@example.com,Dhahran,B030,2025-06-05,Classic,1
C02558,Faisal Aldawsari,0599002558,faisal.aldawsari2558@example.com,Abha,B031,2025-10-08,Silver,1
C02559,Dana Albalawi,0599002559,dana.albalawi2559@example.com,Jubail,B027,2021-09-06,Classic,0
C02560,Ghada Almutairi,0599002560,ghada.almutairi2560@example.com,Riyadh,B005,2021-07-27,Silver,1
C02561,Ali Alshehri,0599002561,ali.alshehri2561@example.com,Dammam,B023,2026-04-08,Silver,1
C02562,Bandar Alfaraj,0599002562,bandar.alfaraj2562@example.com,Khamis Mushait,B032,2024-12-09,Silver,1
C02563,Atheer Alsaeed,0599002563,atheer.alsaeed2563@example.com,Riyadh,B005,2021-12-12,Classic,1
C02564,Mohammed Alrashidi,0599002564,mohammed.alrashidi2564@example.com,Dhahran,B025,2025-02-02,Classic,1
C02565,Mona Alhajri,0599002565,mona.alhajri2565@example.com,Riyadh,B001,2025-03-01,Gold,1
C02566,Bandar Alrashidi,0599002566,bandar.alrashidi2566@example.com,Jeddah,B022,2022-07-18,Silver,1
C02567,Lulwa Almutairi,0599002567,lulwa.almutairi2567@example.com,Qassim,B010,2025-07-31,Silver,1
C02568,Khalid Almalki,0599002568,khalid.almalki2568@example.com,Al Kharj,B011,2022-01-12,Classic,1
C02569,Khalid Alshehri,0599002569,khalid.alshehri2569@example.com,Jazan,B033,2025-11-29,Classic,0
C02570,Maha Alamri,0599002570,maha.alamri2570@example.com,Riyadh,B003,2025-03-06,Silver,1
C02571,Mohammed Alsubaie,0599002571,mohammed.alsubaie2571@example.com,Dhahran,B030,2021-10-08,Silver,1
C02572,Faisal Alghamdi,0599002572,faisal.alghamdi2572@example.com,Taif,B020,2022-08-06,Classic,0
C02573,Bandar Alfaraj,0599002573,bandar.alfaraj2573@example.com,Taif,B020,2025-02-09,Gold,1
C02574,Sara Alamri,0599002574,sara.alamri2574@example.com,Dammam,B023,2022-01-25,Classic,1
C02575,Shahad Almalki,0599002575,shahad.almalki2575@example.com,Jubail,B027,2025-04-02,Silver,0
C02576,Hind Alnaimi,0599002576,hind.alnaimi2576@example.com,Riyadh,B002,2026-01-15,Platinum,1
C02577,Nasser Alfaraj,0599002577,nasser.alfaraj2577@example.com,Qassim,B010,2025-06-30,Classic,
C02578,Majed Aljohani,0599002578,majed.aljohani2578@example.com,Jeddah,B016,2023-10-15,Classic,1
C02579,Shahad Alyami,0599002579,shahad.alyami2579@example.com,Dhahran,B030,2025-11-19,Classic,1
C02580,Rakan Alanazi,0599002580,rakan.alanazi2580@example.com,Riyadh,B003,2021-01-09,Platinum,
C02581,Lama Alyami,0599002581,lama.alyami2581@example.com,Qassim,B010,2025-05-01,Silver,1
C02582,Sultan Alqahtani,0599002582,sultan.alqahtani2582@example.com,Jeddah,B022,2026-02-18,Silver,1
C02583,Abdullah Alsaeed,0599002583,abdullah.alsaeed2583@example.com,Riyadh,B012,2023-09-01,Classic,0
C02584,Atheer Aljohani,0599002584,atheer.aljohani2584@example.com,Jazan,B033,2022-05-14,Classic,1
C02585,Amal Alanazi,0599002585,amal.alanazi2585@example.com,Riyadh,B006,2021-05-06,Gold,1
C02586,Hessa Alotaibi,0599002586,hessa.alotaibi2586@example.com,Riyadh,B005,2021-01-28,Classic,1
C02587,Mohammed Alshehri,0599002587,mohammed.alshehri2587@example.com,Riyadh,B002,2023-10-03,Classic,0
C02588,Lama Alamri,0599002588,lama.alamri2588@example.com,Riyadh,B005,2023-11-13,Classic,0
C02589,Hessa Alzahrani,0599002589,hessa.alzahrani2589@example.com,Riyadh,B004,2025-08-18,Gold,1
C02590,Bandar Alyami,0599002590,bandar.alyami2590@example.com,Khobar,B029,2026-04-03,Silver,1
C02591,Omar Alhajri,0599002591,omar.alhajri2591@example.com,Riyadh,B007,2025-04-13,Gold,1
C02592,Faisal Alsubaie,0599002592,faisal.alsubaie2592@example.com,Najran,B034,2025-05-19,Classic,1
C02593,Khalid Alfaraj,0599002593,khalid.alfaraj2593@example.com,Riyadh,B004,2025-08-18,Classic,0
C02594,Lulwa Alnaimi,0599002594,lulwa.alnaimi2594@example.com,Najran,B034,2024-12-30,Silver,1
C02595,Abdullah Alshammari,0599002595,abdullah.alshammari2595@example.com,Makkah,B018,2026-04-07,Silver,1
C02596,Hessa Alqahtani,0599002596,hessa.alqahtani2596@example.com,Jeddah,B016,2024-03-12,Classic,1
C02597,Omar Alanazi,0599002597,omar.alanazi2597@example.com,Riyadh,B008,2022-08-28,Classic,1
C02598,Faisal Aldossary,0599002598,faisal.aldossary2598@example.com,Jeddah,B021,2021-10-15,Classic,1
C02599,Rakan Alenezi,0599002599,rakan.alenezi2599@example.com,Riyadh,B009,2022-02-23,Silver,0
C02600,Maha Alzahrani,0599002600,maha.alzahrani2600@example.com,Al Kharj,B011,2024-04-08,Classic,1
C02601,Noura Alyami,0599002601,noura.alyami2601@example.com,Khamis Mushait,B032,2023-01-07,Silver,1
C02602,Yousef Alharbi,0599002602,yousef.alharbi2602@example.com,Qassim,B010,2021-02-22,Classic,0
C02603,Fahad Almalki,0599002603,fahad.almalki2603@example.com,Riyadh,B012,2025-12-11,Classic,1
C02604,Ahmed Aljohani,0599002604,ahmed.aljohani2604@example.com,Dhahran,B025,2023-12-09,Classic,1
C02605,Haya Aldossary,0599002605,haya.aldossary2605@example.com,Riyadh,B008,2025-11-11,Classic,1
C02606,Khalid Alkhaldi,0599002606,khalid.alkhaldi2606@example.com,Khamis Mushait,B036,2025-08-25,Silver,0
C02607,Ghada Alnaimi,0599002607,ghada.alnaimi2607@example.com,Riyadh,B005,2022-04-25,Silver,1
C02608,Rawan Alshammari,0599002608,rawan.alshammari2608@example.com,Jeddah,B014,2023-06-24,Classic,1
C02609,Sultan Alsaeed,0599002609,sultan.alsaeed2609@example.com,Riyadh,B004,2025-06-25,Classic,1
C02610,Ziyad Almalki,0599002610,ziyad.almalki2610@example.com,Taif,B020,2022-02-21,Classic,0
C02611,Reem Alenezi,0599002611,reem.alenezi2611@example.com,Dammam,B023,2022-05-01,Classic,1
C02612,Khalid Alnaimi,0599002612,khalid.alnaimi2612@example.com,Riyadh,B001,2025-02-20,Classic,0
C02613,Lama Alfaraj,0599002613,lama.alfaraj2613@example.com,Jubail,B027,2024-03-23,Classic,1
C02614,Atheer Alghamdi,0599002614,atheer.alghamdi2614@example.com,Riyadh,B008,2021-02-15,Classic,1
C02615,Saud Alenezi,0599002615,saud.alenezi2615@example.com,Al Ahsa,B026,2022-01-26,Classic,0
C02616,Sara Almutairi,0599002616,sara.almutairi2616@example.com,Riyadh,B003,2021-06-01,Platinum,1
C02617,Noura Alrashidi,0599002617,noura.alrashidi2617@example.com,Jeddah,B014,2021-01-15,Classic,1
C02618,Lulwa Alnaimi,0599002618,lulwa.alnaimi2618@example.com,Madinah,B019,2023-04-24,Silver,1
C02619,Omar Aldossary,0599002619,omar.aldossary2619@example.com,Taif,B020,2025-07-28,Classic,1
C02620,Maha Alsubaie,0599002620,maha.alsubaie2620@example.com,Khobar,B024,2023-05-10,Classic,1
C02621,Lulwa Alqahtani,0599002621,lulwa.alqahtani2621@example.com,Al Jouf,B039,2024-08-31,Silver,0
C02622,Abdullah Almalki,0599002622,abdullah.almalki2622@example.com,Jeddah,B015,2022-10-25,Silver,1
C02623,Turki Alqahtani,0599002623,turki.alqahtani2623@example.com,Al Jouf,B039,2025-12-30,Silver,0
C02624,Ziyad Alshehri,0599002624,ziyad.alshehri2624@example.com,Dammam,B023,2026-04-06,Classic,1
C02625,Omar Alzahrani,0599002625,omar.alzahrani2625@example.com,Riyadh,B001,2022-06-10,Silver,1
C02626,Majed Alyami,0599002626,majed.alyami2626@example.com,Riyadh,B007,2025-11-28,Classic,1
C02627,Dana Alyami,0599002627,dana.alyami2627@example.com,Riyadh,B007,2021-09-10,Platinum,1
C02628,Fahad Alsubaie,0599002628,fahad.alsubaie2628@example.com,Abha,B031,2022-04-18,Classic,0
C02629,Omar Alfaraj,0599002629,omar.alfaraj2629@example.com,Riyadh,B002,2023-05-20,Gold,0
C02630,Ali Alnaimi,0599002630,ali.alnaimi2630@example.com,Makkah,B018,2021-06-03,Classic,1
C02631,Khalid Aldawsari,0599002631,khalid.aldawsari2631@example.com,Jeddah,B016,2021-05-20,Classic,0
C02632,Lama Alzahrani,0599002632,lama.alzahrani2632@example.com,Khamis Mushait,B032,2023-09-27,Silver,0
C02633,Haya Alghamdi,0599002633,haya.alghamdi2633@example.com,Khobar,B029,2025-03-13,Classic,1
C02634,Dana Aldossary,0599002634,dana.aldossary2634@example.com,Jeddah,B015,2024-06-20,Classic,1
C02635,Ali Aldawsari,0599002635,ali.aldawsari2635@example.com,Makkah,B018,2025-05-03,Silver,0
C02636,Ziyad Alfaraj,0599002636,ziyad.alfaraj2636@example.com,Riyadh,B009,2025-04-23,Classic,0
C02637,Omar Alghamdi,123456,omar.alghamdi2637@example.com,Riyadh,B007,2023-07-01,Silver,1
C02638,Hind Alsaeed,0599002638,hind.alsaeed2638@example.com,Dammam,B028,2022-05-29,Silver,1
C02639,Nasser Alnaimi,0599002639,nasser.alnaimi2639@example.com,Abha,B035,2023-07-08,Classic,0
C02640,Yousef Aljohani,0599002640,yousef.aljohani2640@example.com,Qassim,B010,2026-05-20,Classic,1
C02641,Ali Alamri,0599002641,ali.alamri2641@example.com,Tabuk,B040,2025-05-19,Classic,0
C02642,Ahmed Alanazi,0599002642,ahmed.alanazi2642@example.com,Qassim,B010,2022-01-19,Classic,0
C02643,Faisal Aldossary,0599002643,faisal.aldossary2643@example.com,Riyadh,B003,2021-10-08,Gold,0
C02644,Fahad Alqahtani,0599002644,fahad.alqahtani2644@example.com,Al Ahsa,B026,2021-10-13,Classic,1
C02645,Noura Alzahrani,0599002645,noura.alzahrani2645@example.com,Dhahran,B030,2025-10-15,Classic,0
C02646,Atheer Albalawi,0599002646,atheer.albalawi2646@example.com,Jeddah,B021,2024-12-01,Classic,1
C02647,Ghada Alnaimi,0599002647,ghada.alnaimi2647@example.com,Makkah,B018,2024-10-12,Classic,1
C02648,Dana Alsubaie,0599002648,dana.alsubaie2648@example.com,Khobar,B029,2023-01-05,Classic,1
C02649,Sara Alsubaie,0599002649,sara.alsubaie2649@example.com,Khamis Mushait,B032,2022-07-03,Classic,1
C02650,Hessa Alzahrani,0599002650,hessa.alzahrani2650@example.com,Jazan,B033,2025-08-18,Gold,0
C02651,Mona Alenezi,0512345,mona.alenezi2651@example.com,Riyadh,B009,2026-01-15,Silver,1
C02652,Shahad Alsubaie,0599002652,shahad.alsubaie2652@example.com,Tabuk,B040,2023-06-28,Classic,0
C02653,Khalid Alharbi,0599002653,khalid.alharbi2653@example.com,Dammam,B023,2025-07-02,Platinum,1
C02654,Khalid Alshammari,0599002654,khalid.alshammari2654@example.com,Riyadh,B001,2023-06-24,Gold,1
C02655,Rakan Alamri,0599002655,rakan.alamri2655@example.com,Madinah,B019,2023-04-17,Classic,1
C02656,Ahmed Almutairi,0599002656,ahmed.almutairi2656@example.com,Riyadh,B007,2025-03-19,Gold,0
C02657,Nasser Alotaibi,0599002657,nasser.alotaibi2657@example.com,Abha,B031,2025-03-08,Gold,1
C02658,Sultan Alyami,0599002658,sultan.alyami2658@example.com,Khamis Mushait,B032,2021-01-11,Classic,0
C02659,Shahad Alrashidi,0599002659,shahad.alrashidi2659@example.com,Riyadh,B002,2025-10-22,Classic,1
C02660,Faisal Alkhaldi,0599002660,faisal.alkhaldi2660@example.com,Riyadh,B002,2026-05-23,Platinum,1
C02661,Nasser Alsaeed,0599002661,nasser.alsaeed2661@example.com,Jazan,B033,2026-04-06,Classic,1
C02662,Turki Aljohani,0599002662,turki.aljohani2662@example.com,Qassim,B010,2023-07-28,Classic,1
C02663,Faisal Alotaibi,0599002663,faisal.alotaibi2663@example.com,Al Ahsa,B026,2026-03-29,Classic,1
C02664,Ghada Alshammari,0599002664,ghada.alshammari2664@example.com,Jeddah,B022,2025-04-08,Classic,1
C02665,Lulwa Alrashidi,0599002665,lulwa.alrashidi2665@example.com,Riyadh,B012,2021-09-18,Silver,1
C02666,Haya Almutairi,0599002666,haya.almutairi2666@example.com,Riyadh,B012,2025-07-23,Gold,0
C02667,Reem Alkhaldi,0599002667,reem.alkhaldi2667@example.com,Dammam,B023,2021-04-20,Silver,1
C02668,Fahad Alharbi,0599002668,fahad.alharbi2668@example.com,Al Kharj,B011,2022-10-13,Classic,0
C02669,Mona Aljohani,0599002669,mona.aljohani2669@example.com,Riyadh,B008,2024-08-18,Classic,1
C02670,Lama Aldawsari,0599002670,lama.aldawsari2670@example.com,Riyadh,B005,2025-06-12,Classic,1
C02671,Sara Alnaimi,0599002671,sara.alnaimi2671@example.com,Al Kharj,B011,2023-10-13,Gold,1
C02672,Haya Alrashidi,0599002672,haya.alrashidi2672@example.com,Jeddah,B017,2025-12-25,Classic,1
C02673,Ghada Alsaeed,0599002673,ghada.alsaeed2673@example.com,Jeddah,B016,2025-03-28,Classic,1
C02674,Shahad Alenezi,0599002674,shahad.alenezi2674@example.com,Riyadh,B003,2024-09-25,Silver,0
C02675,Rakan Almalki,0599002675,rakan.almalki2675@example.com,Dammam,B028,2024-03-08,Silver,0
C02676,Rawan Almutairi,0599002676,rawan.almutairi2676@example.com,Jeddah,B022,2026-05-08,Classic,0
C02677,Ziyad Alotaibi,0599002677,ziyad.alotaibi2677@example.com,Makkah,B018,2024-05-23,Platinum,0
C02678,Abdullah Albalawi,0599002678,abdullah.albalawi2678@example.com,Makkah,B018,2021-06-11,Classic,1
C02679,Yousef Alharbi,0599002679,yousef.alharbi2679@example.com,Jubail,B027,2025-01-06,Silver,1
C02680,Ghada Alsaeed,0599002680,ghada.alsaeed2680@example.com,Khobar,B029,2021-01-06,Classic,1
C02681,Ahmed Alzahrani,0599002681,ahmed.alzahrani2681@example.com,Jeddah,B015,2023-08-17,Classic,1
C02682,Rawan Alghamdi,0599002682,rawan.alghamdi2682@example.com,Riyadh,B009,2024-01-20,Platinum,1
C02683,Ziyad Alqahtani,0599002683,ziyad.alqahtani2683@example.com,Abha,B031,2026-04-03,Silver,0
C02684,Noura Alrashidi,0599002684,noura.alrashidi2684@example.com,Jazan,B033,2024-07-28,Silver,1
C02685,Rawan Alotaibi,0599002685,rawan.alotaibi2685@example.com,Dammam,B028,2024-04-12,Classic,1
C02686,Omar Aljohani,0599002686,omar.aljohani2686@example.com,Riyadh,B008,2022-07-19,Classic,1
C02687,Jawaher Alshehri,0599002687,jawaher.alshehri2687@example.com,Riyadh,B005,2025-10-12,Silver,1
C02688,Yousef Alyami,0599002688,yousef.alyami2688@example.com,Dammam,B023,2025-12-19,Gold,1
C02689,Lulwa Alqahtani,0599002689,lulwa.alqahtani2689@example.com,Khobar,B024,2022-05-29,Silver,1
C02690,Jawaher Alsaeed,0599002690,jawaher.alsaeed2690@example.com,Khobar,B024,2025-01-24,Classic,1
C02691,Noura Alkhaldi,0599002691,noura.alkhaldi2691@example.com,Madinah,B019,2021-07-29,Classic,1
C02692,Majed Alotaibi,0599002692,majed.alotaibi2692@example.com,Riyadh,B002,2021-06-20,Classic,1
C02693,Dana Alhajri,0599002693,dana.alhajri2693@example.com,Riyadh,B003,2021-04-18,Silver,1
C02694,Mona Aldossary,0599002694,mona.aldossary2694@example.com,Taif,B020,2026-01-15,Silver,1
C02695,Mona Almutairi,0599002695,mona.almutairi2695@example.com,Jeddah,B021,2022-11-30,Classic,0
C02696,Saud Alsaeed,0599002696,saud.alsaeed2696@example.com,Dammam,B028,2022-08-04,Platinum,1
C02697,Abdullah Alanazi,0599002697,abdullah.alanazi2697@example.com,Riyadh,B008,2024-04-07,Gold,1
C02698,Mona Alanazi,0599002698,mona.alanazi2698@example.com,Riyadh,B005,2025-04-20,Classic,1
C02699,Ghada Alsaeed,0599002699,ghada.alsaeed2699@example.com,Najran,B034,2024-03-10,Silver,
C02700,Amal Alkhaldi,0599002700,amal.alkhaldi2700@example.com,Riyadh,B003,2023-05-30,Classic,1
C02701,Maha Alhajri,0599002701,maha.alhajri2701@example.com,Al Kharj,B011,2026-01-09,Classic,1
C02702,Saud Aldawsari,0599002702,saud.aldawsari2702@example.com,Madinah,B019,2022-01-28,Classic,0
C02703,Mohammed Alnaimi,0599002703,mohammed.alnaimi2703@example.com,Jazan,B033,2026-03-13,Gold,1
C02704,Atheer Alkhaldi,0599002704,atheer.alkhaldi2704@example.com,Jubail,B027,2022-12-09,Silver,1
C02705,Haya Alamri,0599002705,haya.alamri2705@example.com,Riyadh,B002,2024-01-15,Silver,0
C02706,Khalid Aljohani,0599002706,khalid.aljohani2706@example.com,Taif,B020,2025-10-02,Classic,1
C02707,Lama Alhajri,0599002707,lama.alhajri2707@example.com,Dhahran,B025,2026-03-02,Classic,1
C02708,Yousef Alsubaie,0599002708,yousef.alsubaie2708@example.com,Jubail,B027,2025-08-10,Classic,1
C02709,Turki Alamri,0599002709,turki.alamri2709@example.com,Al Kharj,B011,2025-11-19,Classic,0
C02710,Khalid Aljohani,0599002710,khalid.aljohani2710@example.com,Khobar,B024,2025-04-23,Platinum,0
C02711,Noura Alzahrani,0599002711,noura.alzahrani2711@example.com,Dhahran,B025,2022-05-22,Gold,0
C02712,Saud Alzahrani,0512345,saud.alzahrani2712@example.com,Riyadh,B003,2025-01-01,Silver,1
C02713,Faisal Aldossary,0599002713,faisal.aldossary2713@example.com,Riyadh,B007,2022-03-03,Silver,0
C02714,Saud Alnaimi,0599002714,saud.alnaimi2714@example.com,Jeddah,B022,2022-12-25,Classic,1
C02715,Mona Alharbi,0599002715,mona.alharbi2715@example.com,Riyadh,B006,2025-09-19,Silver,1
C02716,Lama Aldawsari,0599002716,lama.aldawsari2716@example.com,Makkah,B018,2022-01-31,Gold,1
C02717,Jawaher Alshehri,0599002717,jawaher.alshehri2717@example.com,Dammam,B028,2024-10-24,Platinum,1
C02718,Saud Alsubaie,0599002718,saud.alsubaie2718@example.com,Riyadh,B008,2025-09-11,Silver,1
C02719,Rakan Alharbi,0599002719,rakan.alharbi2719@example.com,Qassim,B010,2026-03-12,Silver,1
C02720,Sara Almalki,0599002720,sara.almalki2720@example.com,Riyadh,B006,2024-05-17,Classic,1
C02721,Saud Alrashidi,0599002721,saud.alrashidi2721@example.com,Dammam,B023,2025-06-01,Classic,0
C02722,Hind Almalki,0599002722,hind.almalki2722@example.com,Al Kharj,B011,2022-09-28,Classic,0
C02723,Majed Alsubaie,0599002723,majed.alsubaie2723@example.com,Khobar,B024,2023-12-30,Classic,1
C02724,Maha Alsaeed,0599002724,maha.alsaeed2724@example.com,Najran,B034,2025-12-06,Classic,0
C02725,Jawaher Albalawi,0599002725,jawaher.albalawi2725@example.com,Riyadh,B012,2021-05-20,Classic,1
C02726,Ali Alhajri,0599002726,ali.alhajri2726@example.com,Khamis Mushait,B036,2024-07-27,Silver,1
C02727,Jawaher Alyami,0599002727,jawaher.alyami2727@example.com,Riyadh,B003,2024-04-09,Silver,0
C02728,Faisal Alnaimi,0599002728,faisal.alnaimi2728@example.com,Al Kharj,B011,2025-06-29,Gold,1
C02729,Jawaher Alnaimi,0599002729,jawaher.alnaimi2729@example.com,Taif,B020,2025-10-28,Silver,1
C02730,Shahad Alshammari,0599002730,shahad.alshammari2730@example.com,Jeddah,B021,2025-12-25,Classic,1
C02731,Nasser Alghamdi,123456,nasser.alghamdi2731@example.com,Riyadh,B007,2025-07-02,Classic,1
C02732,Turki Alsubaie,0599002732,turki.alsubaie2732@example.com,Jeddah,B016,2023-12-10,Classic,1
C02733,Amal Aldossary,0599002733,amal.aldossary2733@example.com,Jeddah,B021,2026-03-07,Classic,1
C02734,Bandar Alshehri,0599002734,bandar.alshehri2734@example.com,Jeddah,B022,2025-03-26,Classic,1
C02735,Yousef Alzahrani,0599002735,yousef.alzahrani2735@example.com,Riyadh,B004,2026-02-17,Silver,1
C02736,Shahad Alghamdi,0599002736,shahad.alghamdi2736@example.com,Dammam,B023,2025-01-03,Silver,1
C02737,Mohammed Alqahtani,0599002737,mohammed.alqahtani2737@example.com,Makkah,B018,2025-04-29,Classic,1
C02738,Abdullah Alsaeed,0599002738,abdullah.alsaeed2738@example.com,Jeddah,B013,2022-08-04,Classic,1
C02739,Noura Albalawi,0599002739,noura.albalawi2739@example.com,Riyadh,B004,2025-12-13,Classic,1
C02740,Ali Alqahtani,0599002740,ali.alqahtani2740@example.com,Najran,B034,2023-03-03,Silver,0
C02741,Nasser Almutairi,0599002741,nasser.almutairi2741@example.com,Riyadh,B002,2021-08-18,Silver,1
C02742,Faisal Alzahrani,0599002742,faisal.alzahrani2742@example.com,Jeddah,B015,2025-05-15,Classic,1
C02743,Ahmed Alshammari,0599002743,ahmed.alshammari2743@example.com,Riyadh,B001,2024-10-23,Silver,1
C02744,Ziyad Aljohani,0599002744,ziyad.aljohani2744@example.com,Riyadh,B004,2024-08-15,Classic,1
C02745,Shahad Alnaimi,0599002745,shahad.alnaimi2745@example.com,Jubail,B027,2022-07-24,Classic,1
C02746,Abdullah Alshammari,0599002746,abdullah.alshammari2746@example.com,Abha,B031,2024-09-01,Classic,1
C02747,Saud Almutairi,0599002747,saud.almutairi2747@example.com,Riyadh,B001,2022-02-14,Classic,1
C02748,Mohammed Alghamdi,0599002748,mohammed.alghamdi2748@example.com,Dammam,B028,2025-11-07,Gold,1
C02749,Saud Almalki,0599002749,saud.almalki2749@example.com,Madinah,B019,2024-10-19,Classic,0
C02750,Nasser Alamri,0599002750,nasser.alamri2750@example.com,Riyadh,B004,2025-10-31,Gold,
C02751,Faisal Aldossary,0599002751,faisal.aldossary2751@example.com,Jeddah,B015,2024-06-21,Silver,0
C02752,Omar Alshehri,0599002752,omar.alshehri2752@example.com,Riyadh,B005,2023-02-04,Classic,1
C02753,Shahad Alhajri,0599002753,shahad.alhajri2753@example.com,Hail,B038,2022-10-28,Classic,
C02754,Rawan Aldawsari,0599002754,rawan.aldawsari2754@example.com,Riyadh,B004,2024-12-14,Gold,1
C02755,Hind Alanazi,0599002755,hind.alanazi2755@example.com,Riyadh,B004,2026-05-29,Classic,1
C02756,Hessa Alshammari,0599002756,hessa.alshammari2756@example.com,Riyadh,B008,2025-12-02,Silver,1
C02757,Rakan Alshehri,0599002757,rakan.alshehri2757@example.com,Riyadh,B009,2024-03-31,Silver,0
C02758,Haya Aldossary,0599002758,haya.aldossary2758@example.com,Tabuk,B040,2025-06-15,Classic,0
C02759,Reem Alshehri,0599002759,reem.alshehri2759@example.com,Khobar,B029,2024-06-30,Gold,1
C02760,Jawaher Alnaimi,0599002760,jawaher.alnaimi2760@example.com,Abha,B035,2025-01-02,Classic,1
C02761,Omar Alenezi,0599002761,omar.alenezi2761@example.com,Hail,B038,2021-01-10,Silver,1
C02762,Abdullah Alfaraj,5512345678,abdullah.alfaraj2762@example.com,Riyadh,B001,2023-02-02,Silver,1
C02763,Khalid Alharbi,0599002763,khalid.alharbi2763@example.com,Riyadh,B002,2024-11-21,Gold,0
C02764,Faisal Alharbi,0599002764,faisal.alharbi2764@example.com,Riyadh,B006,2025-02-05,Classic,1
C02765,Mohammed Alenezi,0599002765,mohammed.alenezi2765@example.com,Khobar,B029,2022-02-10,Silver,1
C02766,Omar Alnaimi,0599002766,omar.alnaimi2766@example.com,Riyadh,B007,2023-05-11,Classic,1
C02767,Noura Alghamdi,0599002767,noura.alghamdi2767@example.com,Jeddah,B017,2025-01-13,Classic,1
C02768,Ziyad Alkhaldi,0599002768,ziyad.alkhaldi2768@example.com,Khamis Mushait,B036,2022-01-03,Classic,1
C02769,Saud Alyami,0599002769,saud.alyami2769@example.com,Makkah,B018,2021-06-02,Classic,1
C02770,Atheer Alrashidi,0599002770,atheer.alrashidi2770@example.com,Madinah,B019,2023-08-07,Silver,0
C02771,Hessa Aldossary,0599002771,hessa.aldossary2771@example.com,Al Ahsa,B026,2026-01-13,Classic,1
C02772,Abdullah Alnaimi,0599002772,abdullah.alnaimi2772@example.com,Madinah,B019,2021-05-04,Gold,0
C02773,Ahmed Alfaraj,0599002773,ahmed.alfaraj2773@example.com,Khobar,B024,2024-12-13,Classic,0
C02774,Mohammed Alsaeed,0599002774,mohammed.alsaeed2774@example.com,Riyadh,B006,2021-01-28,Silver,0
C02775,Shahad Aljohani,0599002775,shahad.aljohani2775@example.com,Khobar,B029,2024-12-23,Classic,1
C02776,Hind Alyami,0599002776,hind.alyami2776@example.com,Riyadh,B002,2024-03-24,Classic,1
C02777,Reem Alyami,0599002777,reem.alyami2777@example.com,Khobar,B024,2025-08-20,Classic,1
C02778,Haya Alfaraj,0599002778,haya.alfaraj2778@example.com,Abha,B035,2022-06-28,Classic,1
C02779,Mohammed Alhajri,0599002779,mohammed.alhajri2779@example.com,Al Ahsa,B026,2022-10-23,Classic,1
C02780,Noura Alshammari,0599002780,noura.alshammari2780@example.com,Abha,B031,2023-12-10,Silver,1
C02781,Noura Alkhaldi,0599002781,noura.alkhaldi2781@example.com,Jeddah,B022,2024-03-16,Classic,1
C02782,Rawan Alenezi,0599002782,rawan.alenezi2782@example.com,Khamis Mushait,B036,2023-02-01,Classic,
C02783,Ziyad Alenezi,05123456789,ziyad.alenezi2783@example.com,Jeddah,B013,2022-02-11,Classic,1
C02784,Faisal Alotaibi,0599002784,faisal.alotaibi2784@example.com,Dhahran,B030,2021-03-07,Classic,1
C02785,Reem Alghamdi,0599002785,reem.alghamdi2785@example.com,Al Ahsa,B026,2024-03-09,Classic,1
C02786,Noura Alyami,0599002786,noura.alyami2786@example.com,Dammam,B028,2025-02-14,Silver,1
C02787,Turki Alkhaldi,0599002787,turki.alkhaldi2787@example.com,Jeddah,B016,2025-08-27,Platinum,0
C02788,Reem Alkhaldi,0599002788,reem.alkhaldi2788@example.com,Khamis Mushait,B036,2025-03-15,Classic,0
C02789,Dana Aljohani,0599002789,dana.aljohani2789@example.com,Dammam,B023,2023-07-21,Classic,1
C02790,Ali Alzahrani,0599002790,ali.alzahrani2790@example.com,Khobar,B024,2026-05-11,Silver,0
C02791,Atheer Alqahtani,0599002791,atheer.alqahtani2791@example.com,Jeddah,B017,2023-11-01,Silver,1
C02792,Abdullah Aldawsari,0599002792,abdullah.aldawsari2792@example.com,Khamis Mushait,B036,2024-09-11,Classic,0
C02793,Sara Alenezi,0599002793,sara.alenezi2793@example.com,Jeddah,B014,2026-02-02,Silver,0
C02794,Ziyad Alanazi,0599002794,ziyad.alanazi2794@example.com,Makkah,B018,2024-08-18,Gold,0
C02795,Majed Alqahtani,0599002795,majed.alqahtani2795@example.com,Riyadh,B008,2024-12-05,Classic,1
C02796,Lama Alsubaie,0599002796,lama.alsubaie2796@example.com,Dhahran,B030,2024-07-04,Classic,1
C02797,Khalid Alqahtani,0599002797,khalid.alqahtani2797@example.com,Jeddah,B021,2022-03-09,Classic,1
C02798,Turki Alshehri,0599002798,turki.alshehri2798@example.com,Khamis Mushait,B036,2022-07-01,Silver,1
C02799,Sultan Aljohani,0599002799,sultan.aljohani2799@example.com,Jeddah,B022,2025-02-17,Silver,1
C02800,Haya Alsaeed,0599002800,haya.alsaeed2800@example.com,Abha,B031,2025-03-24,Classic,1
C02801,Amal Almutairi,0599002801,amal.almutairi2801@example.com,Riyadh,B012,2023-04-14,Classic,1
C02802,Ziyad Alsubaie,0599002802,ziyad.alsubaie2802@example.com,Riyadh,B002,2022-07-28,Classic,0
C02803,Dana Alnaimi,0599002803,dana.alnaimi2803@example.com,Jeddah,B017,2023-09-16,Classic,1
C02804,Maha Alotaibi,0599002804,maha.alotaibi2804@example.com,Khobar,B024,2025-07-05,Classic,1
C02805,Majed Almalki,0599002805,majed.almalki2805@example.com,Riyadh,B005,2025-09-26,Gold,0
C02806,Bandar Alghamdi,0599002806,bandar.alghamdi2806@example.com,Khobar,B029,2022-04-27,Platinum,1
C02807,Reem Alenezi,0599002807,reem.alenezi2807@example.com,Jeddah,B022,2024-09-30,Classic,1
C02808,Faisal Almutairi,0599002808,faisal.almutairi2808@example.com,Tabuk,B040,2024-06-08,Classic,1
C02809,Hind Alsubaie,0599002809,hind.alsubaie2809@example.com,Jeddah,B016,2026-02-18,Classic,1
C02810,Ali Alrashidi,0599002810,ali.alrashidi2810@example.com,Dhahran,B030,2024-11-22,Classic,1
C02811,Maha Alamri,0599002811,maha.alamri2811@example.com,Riyadh,B005,2022-07-01,Classic,
C02812,Mohammed Alamri,0599002812,mohammed.alamri2812@example.com,Jazan,B033,2021-03-05,Classic,1
C02813,Lulwa Almalki,0599002813,lulwa.almalki2813@example.com,Jeddah,B016,2025-03-06,Classic,1
C02814,Atheer Alnaimi,0599002814,atheer.alnaimi2814@example.com,Khobar,B024,2025-01-23,Classic,1
C02815,Turki Alsaeed,0599002815,turki.alsaeed2815@example.com,Riyadh,B006,2025-07-16,Silver,1
C02816,Khalid Alfaraj,0599002816,khalid.alfaraj2816@example.com,Riyadh,B006,2023-09-11,Classic,1
C02817,Rawan Alharbi,0599002817,rawan.alharbi2817@example.com,Riyadh,B009,2025-07-20,Gold,0
C02818,Sultan Alhajri,0599002818,sultan.alhajri2818@example.com,Najran,B034,2025-01-07,Gold,1
C02819,Haya Alamri,0599002819,haya.alamri2819@example.com,Khobar,B029,2024-03-26,Classic,1
C02820,Sara Aldawsari,0599002820,sara.aldawsari2820@example.com,Riyadh,B004,2025-03-09,Silver,0
C02821,Nasser Alqahtani,0599002821,nasser.alqahtani2821@example.com,Riyadh,B003,2024-11-10,Silver,1
C02822,Noura Aldossary,0599002822,noura.aldossary2822@example.com,Riyadh,B008,2026-02-27,Silver,1
C02823,Rawan Alnaimi,0599002823,rawan.alnaimi2823@example.com,Al Ahsa,B026,2026-02-28,Gold,
C02824,Dana Alshehri,0599002824,dana.alshehri2824@example.com,Riyadh,B009,2022-10-19,Silver,1
C02825,Mohammed Aldawsari,0599002825,mohammed.aldawsari2825@example.com,Riyadh,B006,2026-03-02,Classic,1
C02826,Noura Alrashidi,0599002826,noura.alrashidi2826@example.com,Dhahran,B030,2025-09-30,Classic,1
C02827,Maha Alyami,0599002827,maha.alyami2827@example.com,Khamis Mushait,B036,2025-06-20,Classic,1
C02828,Dana Alsubaie,0599002828,dana.alsubaie2828@example.com,Jeddah,B015,2025-12-19,Classic,1
C02829,Mona Alkhaldi,0599002829,mona.alkhaldi2829@example.com,Jazan,B033,2024-08-11,Silver,0
C02830,Shahad Alyami,0599002830,shahad.alyami2830@example.com,Riyadh,B009,2023-05-15,Gold,1
C02831,Reem Alshehri,0599002831,reem.alshehri2831@example.com,Jeddah,B022,2026-01-23,Classic,1
C02832,Jawaher Alyami,0599002832,jawaher.alyami2832@example.com,Jazan,B033,2026-04-06,Classic,
C02833,Sultan Alshehri,0599002833,sultan.alshehri2833@example.com,Al Jouf,B039,2022-10-02,Classic,1
C02834,Mona Almutairi,0599002834,mona.almutairi2834@example.com,Riyadh,B012,2025-05-06,Platinum,1
C02835,Omar Albalawi,0599002835,omar.albalawi2835@example.com,Riyadh,B006,2023-05-12,Silver,0
C02836,Nasser Albalawi,0599002836,nasser.albalawi2836@example.com,Jeddah,B017,2021-12-07,Classic,1
C02837,Nasser Albalawi,0599002837,nasser.albalawi2837@example.com,Riyadh,B008,2025-04-26,Classic,1
C02838,Shahad Albalawi,0599002838,shahad.albalawi2838@example.com,Makkah,B018,2024-12-19,Classic,1
C02839,Noura Alyami,0599002839,noura.alyami2839@example.com,Dammam,B023,2026-04-15,Silver,1
C02840,Ahmed Aljohani,0599002840,ahmed.aljohani2840@example.com,Riyadh,B008,2026-04-07,Gold,1
C02841,Fahad Alfaraj,0599002841,fahad.alfaraj2841@example.com,Jeddah,B022,2023-12-23,Platinum,1
C02842,Saud Alsubaie,0599002842,saud.alsubaie2842@example.com,Riyadh,B006,2021-11-06,Classic,1
C02843,Hessa Alkhaldi,0599002843,hessa.alkhaldi2843@example.com,Abha,B035,2025-10-23,Platinum,0
C02844,Ghada Alharbi,0599002844,ghada.alharbi2844@example.com,Jeddah,B014,2021-12-14,Silver,0
C02845,Ghada Alnaimi,0599002845,ghada.alnaimi2845@example.com,Jazan,B033,2025-03-19,Classic,0
C02846,Abdullah Alsaeed,0599002846,abdullah.alsaeed2846@example.com,Abha,B035,2026-06-10,Classic,1
C02847,Faisal Alsaeed,0599002847,faisal.alsaeed2847@example.com,Riyadh,B003,2021-04-15,Classic,1
C02848,Reem Aldossary,0599002848,reem.aldossary2848@example.com,Dhahran,B025,2022-01-02,Classic,1
C02849,Khalid Alzahrani,0599002849,khalid.alzahrani2849@example.com,Khamis Mushait,B032,2023-05-12,Classic,0
C02850,Ghada Alhajri,0599002850,ghada.alhajri2850@example.com,Riyadh,B005,2024-08-13,Classic,
C02851,Saud Alyami,0599002851,saud.alyami2851@example.com,Jubail,B027,2026-04-29,Gold,1
C02852,Sultan Alanazi,0599002852,sultan.alanazi2852@example.com,Dhahran,B025,2022-01-27,Classic,0
C02853,Faisal Alzahrani,0599002853,faisal.alzahrani2853@example.com,Khamis Mushait,B036,2025-11-20,Classic,1
C02854,Yousef Aldawsari,0599002854,yousef.aldawsari2854@example.com,Najran,B034,2026-02-26,Silver,1
C02855,Ali Aldawsari,0599002855,ali.aldawsari2855@example.com,Al Kharj,B011,2025-06-27,Classic,0
C02856,Ali Aldossary,0599002856,ali.aldossary2856@example.com,Al Jouf,B039,2026-05-23,Classic,1
C02857,Amal Alenezi,0599002857,amal.alenezi2857@example.com,Riyadh,B012,2024-11-19,Gold,1
C02858,Rawan Aldossary,0599002858,rawan.aldossary2858@example.com,Jeddah,B022,2026-03-09,Silver,1
C02859,Shahad Alrashidi,0599002859,shahad.alrashidi2859@example.com,Abha,B031,2025-02-19,Silver,1
C02860,Lama Albalawi,0599002860,lama.albalawi2860@example.com,Khamis Mushait,B032,2025-02-07,Silver,1
C02861,Atheer Aldossary,0599002861,atheer.aldossary2861@example.com,Khamis Mushait,B032,2024-05-31,Silver,1
C02862,Ahmed Alsubaie,0599002862,ahmed.alsubaie2862@example.com,Riyadh,B002,2023-07-26,Classic,1
C02863,Nasser Alzahrani,0599002863,nasser.alzahrani2863@example.com,Taif,B020,2025-09-07,Silver,0
C02864,Sultan Alyami,0599002864,sultan.alyami2864@example.com,Hail,B038,2026-01-16,Classic,1
C02865,Rawan Alanazi,0599002865,rawan.alanazi2865@example.com,Al Jouf,B039,2022-11-29,Classic,0
C02866,Saud Alotaibi,0599002866,saud.alotaibi2866@example.com,Madinah,B019,2024-10-06,Classic,1
C02867,Reem Aljohani,0599002867,reem.aljohani2867@example.com,Khobar,B024,2023-08-20,Gold,0
C02868,Rakan Alharbi,0599002868,rakan.alharbi2868@example.com,Qassim,B010,2023-05-19,Gold,1
C02869,Lama Aldossary,0599002869,lama.aldossary2869@example.com,Khobar,B024,2025-02-01,Classic,1
C02870,Noura Alsubaie,0599002870,noura.alsubaie2870@example.com,Riyadh,B012,2021-09-16,Classic,1
C02871,Turki Alrashidi,0599002871,turki.alrashidi2871@example.com,Abha,B031,2023-06-15,Silver,1
C02872,Hessa Almutairi,0599002872,hessa.almutairi2872@example.com,Jeddah,B021,2025-06-26,Silver,1
C02873,Maha Alamri,0599002873,maha.alamri2873@example.com,Jubail,B027,2025-07-25,Silver,1
C02874,Atheer Almalki,0599002874,atheer.almalki2874@example.com,Khobar,B024,2026-04-06,Gold,0
C02875,Fahad Alharbi,0599002875,fahad.alharbi2875@example.com,Al Ahsa,B026,2025-03-11,Gold,1
C02876,Sultan Aldossary,0599002876,sultan.aldossary2876@example.com,Riyadh,B005,2021-07-21,Classic,
C02877,Bandar Alshammari,0599002877,bandar.alshammari2877@example.com,Al Ahsa,B026,2022-11-26,Classic,1
C02878,Khalid Aljohani,0599002878,khalid.aljohani2878@example.com,Makkah,B018,2021-05-12,Classic,0
C02879,Lulwa Alfaraj,0599002879,lulwa.alfaraj2879@example.com,Al Ahsa,B026,2026-06-03,Classic,1
C02880,Jawaher Almutairi,0599002880,jawaher.almutairi2880@example.com,Riyadh,B004,2023-01-07,Platinum,
C02881,Hessa Alsubaie,0599002881,hessa.alsubaie2881@example.com,Najran,B034,2025-06-06,Classic,1
C02882,Jawaher Alshehri,0599002882,jawaher.alshehri2882@example.com,Jeddah,B022,2021-07-28,Classic,1
C02883,Abdullah Alyami,0599002883,abdullah.alyami2883@example.com,Jeddah,B014,2021-10-19,Silver,1
C02884,Majed Aldawsari,0599002884,majed.aldawsari2884@example.com,Jeddah,B022,2021-01-27,Classic,1
C02885,Reem Alanazi,0599002885,reem.alanazi2885@example.com,Najran,B034,2025-01-22,Classic,1
C02886,Abdullah Alzahrani,0599002886,abdullah.alzahrani2886@example.com,Riyadh,B004,2021-01-14,Classic,1
C02887,Haya Alyami,0599002887,haya.alyami2887@example.com,Khobar,B029,2025-11-29,Silver,1
C02888,Ghada Alamri,0599002888,ghada.alamri2888@example.com,Riyadh,B002,2026-05-01,Classic,1
C02889,Rakan Alghamdi,0599002889,rakan.alghamdi2889@example.com,Dammam,B023,2021-07-22,Classic,0
C02890,Sultan Alhajri,0599002890,sultan.alhajri2890@example.com,Riyadh,B001,2025-04-13,Classic,1
C02891,Noura Alkhaldi,0599002891,noura.alkhaldi2891@example.com,Riyadh,B001,2026-04-02,Classic,1
C02892,Bandar Albalawi,0599002892,bandar.albalawi2892@example.com,Riyadh,B004,2026-05-07,Gold,1
C02893,Maha Alharbi,0599002893,maha.alharbi2893@example.com,Madinah,B019,2021-11-04,Classic,1
C02894,Shahad Alanazi,0599002894,shahad.alanazi2894@example.com,Jeddah,B022,2025-10-27,Classic,1
C02895,Majed Alghamdi,0599002895,majed.alghamdi2895@example.com,Khobar,B024,2023-02-09,Silver,1
C02896,Faisal Aldossary,0599002896,faisal.aldossary2896@example.com,Jubail,B027,2023-07-31,Classic,1
C02897,Faisal Aljohani,0599002897,faisal.aljohani2897@example.com,Riyadh,B012,2023-11-20,Silver,1
C02898,Yousef Aldossary,0599002898,yousef.aldossary2898@example.com,Al Kharj,B011,2025-06-06,Gold,1
C02899,Shahad Alshehri,0599002899,shahad.alshehri2899@example.com,Qassim,B010,2023-01-13,Classic,1
C02900,Ziyad Alenezi,0599002900,ziyad.alenezi2900@example.com,Al Jouf,B039,2024-03-08,Silver,1
C02901,Sultan Albalawi,0599002901,sultan.albalawi2901@example.com,Dhahran,B025,2025-01-19,Classic,1
C02902,Nasser Alenezi,0599002902,nasser.alenezi2902@example.com,Riyadh,B003,2021-06-06,Classic,0
C02903,Hind Alhajri,0599002903,hind.alhajri2903@example.com,Abha,B031,2023-12-28,Classic,1
C02904,Ziyad Alrashidi,0599002904,ziyad.alrashidi2904@example.com,Jeddah,B022,2025-03-08,Silver,1
C02905,Omar Alfaraj,0599002905,omar.alfaraj2905@example.com,Riyadh,B012,2024-07-27,Classic,1
C02906,Reem Alsaeed,0599002906,reem.alsaeed2906@example.com,Al Ahsa,B026,2024-07-10,Classic,1
C02907,Yousef Alrashidi,0599002907,yousef.alrashidi2907@example.com,Khamis Mushait,B032,2022-09-21,Classic,1
C02908,Mona Almalki,0599002908,mona.almalki2908@example.com,Dammam,B028,2025-11-06,Classic,1
C02909,Hessa Alsubaie,0599002909,hessa.alsubaie2909@example.com,Riyadh,B004,2021-12-25,Classic,1
C02910,Fahad Aldawsari,0599002910,fahad.aldawsari2910@example.com,Madinah,B019,2026-01-16,Classic,1
C02911,Hessa Alfaraj,0599002911,hessa.alfaraj2911@example.com,Dhahran,B030,2025-09-05,Classic,1
C02912,Haya Alsubaie,0599002912,haya.alsubaie2912@example.com,Jeddah,B017,2025-09-25,Classic,1
C02913,Lulwa Alshehri,0599002913,lulwa.alshehri2913@example.com,Riyadh,B002,2021-01-25,Gold,1
C02914,Rawan Alotaibi,0599002914,rawan.alotaibi2914@example.com,Jeddah,B021,2025-04-01,Classic,1
C02915,Fahad Almutairi,0599002915,fahad.almutairi2915@example.com,Taif,B020,2022-12-19,Classic,
C02916,Hessa Almalki,0599002916,hessa.almalki2916@example.com,Jeddah,B021,2021-01-12,Silver,1
C02917,Hind Alsaeed,0599002917,hind.alsaeed2917@example.com,Al Jouf,B039,2025-06-18,Gold,1
C02918,Hind Alsubaie,0599002918,hind.alsubaie2918@example.com,Jeddah,B015,2025-03-29,Classic,
C02919,Khalid Alharbi,0599002919,khalid.alharbi2919@example.com,Al Jouf,B039,2024-05-05,Classic,1
C02920,Hessa Alhajri,0599002920,hessa.alhajri2920@example.com,Riyadh,B008,2025-09-05,Gold,1
C02921,Ziyad Alghamdi,0599002921,ziyad.alghamdi2921@example.com,Jazan,B033,2023-12-15,Gold,1
C02922,Hessa Almalki,0599002922,hessa.almalki2922@example.com,Riyadh,B003,2023-10-04,Gold,0
C02923,Bandar Alotaibi,0599002923,bandar.alotaibi2923@example.com,Al Kharj,B011,2021-08-28,Silver,1
C02924,Mohammed Alenezi,0599002924,mohammed.alenezi2924@example.com,Jeddah,B013,2026-03-03,Classic,1
C02925,Haya Alsaeed,0599002925,haya.alsaeed2925@example.com,Jeddah,B017,2025-01-30,Classic,1
C02926,Nasser Alqahtani,0599002926,nasser.alqahtani2926@example.com,Riyadh,B012,2025-08-18,Silver,1
C02927,Nasser Aljohani,0599002927,nasser.aljohani2927@example.com,Jeddah,B014,2021-11-20,Silver,0
C02928,Lulwa Alkhaldi,0599002928,lulwa.alkhaldi2928@example.com,Riyadh,B004,2025-07-08,Gold,1
C02929,Ziyad Alsubaie,0599002929,ziyad.alsubaie2929@example.com,Jeddah,B021,2025-01-01,Classic,
C02930,Dana Almutairi,0599002930,dana.almutairi2930@example.com,Taif,B020,2022-12-03,Classic,1
C02931,Sultan Alghamdi,0599002931,sultan.alghamdi2931@example.com,Hail,B038,2024-07-24,Classic,1
C02932,Reem Alzahrani,0599002932,reem.alzahrani2932@example.com,Makkah,B018,2021-11-09,Classic,0
C02933,Khalid Alenezi,0599002933,khalid.alenezi2933@example.com,Riyadh,B007,2023-12-27,Classic,
C02934,Turki Albalawi,0599002934,turki.albalawi2934@example.com,Riyadh,B005,2022-07-07,Silver,1
C02935,Mona Alrashidi,0599002935,mona.alrashidi2935@example.com,Riyadh,B003,2025-03-29,Classic,1
C02936,Haya Alsaeed,0599002936,haya.alsaeed2936@example.com,Jeddah,B022,2025-04-27,Classic,1
C02937,Jawaher Alkhaldi,0599002937,jawaher.alkhaldi2937@example.com,Khobar,B029,2021-01-27,Classic,1
C02938,Faisal Almutairi,0599002938,faisal.almutairi2938@example.com,Jeddah,B014,2023-08-16,Classic,1
C02939,Haya Alshehri,0599002939,haya.alshehri2939@example.com,Al Jouf,B039,2026-04-19,Classic,1
C02940,Omar Aljohani,0599002940,omar.aljohani2940@example.com,Khobar,B024,2021-07-16,Platinum,0
C02941,Ahmed Alyami,0599002941,ahmed.alyami2941@example.com,Riyadh,B007,2021-06-30,Classic,1
C02942,Hessa Alsaeed,0599002942,hessa.alsaeed2942@example.com,Najran,B034,2026-01-30,Classic,
C02943,Atheer Alqahtani,0599002943,atheer.alqahtani2943@example.com,Jeddah,B016,2022-10-27,Classic,1
C02944,Ziyad Alghamdi,0599002944,ziyad.alghamdi2944@example.com,Riyadh,B008,2026-04-28,Classic,1
C02945,Lulwa Alshehri,0599002945,lulwa.alshehri2945@example.com,Riyadh,B002,2021-04-26,Silver,1
C02946,Jawaher Alotaibi,0599002946,jawaher.alotaibi2946@example.com,Hail,B038,2021-09-19,Classic,0
C02947,Yousef Alfaraj,0599002947,yousef.alfaraj2947@example.com,Riyadh,B009,2025-02-12,Platinum,1
C02948,Shahad Alsubaie,0599002948,shahad.alsubaie2948@example.com,Jeddah,B017,2023-02-15,Classic,0
C02949,Reem Alamri,0599002949,reem.alamri2949@example.com,Makkah,B018,2022-01-21,Classic,0
C02950,Khalid Aldawsari,0599002950,khalid.aldawsari2950@example.com,Jeddah,B022,2022-01-03,Classic,0
C02951,Nasser Alhajri,0599002951,nasser.alhajri2951@example.com,Khamis Mushait,B036,2023-09-04,Platinum,0
C02952,Shahad Alyami,0599002952,shahad.alyami2952@example.com,Riyadh,B005,2024-08-03,Gold,1
C02953,Faisal Almutairi,0599002953,faisal.almutairi2953@example.com,Dammam,B023,2026-03-05,Classic,1
C02954,Faisal Aldossary,0599002954,faisal.aldossary2954@example.com,Najran,B034,2025-10-18,Classic,1
C02955,Mohammed Alhajri,0599002955,mohammed.alhajri2955@example.com,Riyadh,B006,2023-08-31,Classic,1
C02956,Yousef Aljohani,0599002956,yousef.aljohani2956@example.com,Riyadh,B001,2021-11-07,Classic,1
C02957,Lulwa Almalki,0599002957,lulwa.almalki2957@example.com,Riyadh,B009,2025-03-11,Classic,1
C02958,Jawaher Alanazi,0599002958,jawaher.alanazi2958@example.com,Jeddah,B017,2021-05-21,Gold,1
C02959,Lama Alharbi,0599002959,lama.alharbi2959@example.com,Dammam,B023,2023-12-15,Classic,1
C02960,Omar Almalki,0599002960,omar.almalki2960@example.com,Riyadh,B001,2025-01-22,Silver,0
C02961,Bandar Albalawi,0599002961,bandar.albalawi2961@example.com,Khamis Mushait,B032,2024-10-20,Silver,0
C02962,Ghada Almalki,0599002962,ghada.almalki2962@example.com,Riyadh,B006,2025-07-09,Classic,1
C02963,Atheer Alshammari,0599002963,atheer.alshammari2963@example.com,Najran,B034,2026-05-30,Classic,0
C02964,Noura Aldawsari,0599002964,noura.aldawsari2964@example.com,Riyadh,B003,2025-07-25,Gold,1
C02965,Shahad Almutairi,0599002965,shahad.almutairi2965@example.com,Al Ahsa,B026,2025-09-27,Gold,1
C02966,Faisal Alnaimi,0599002966,faisal.alnaimi2966@example.com,Al Kharj,B011,2025-08-14,Classic,1
C02967,Hessa Almalki,0599002967,hessa.almalki2967@example.com,Makkah,B018,2026-04-14,Gold,0
C02968,Lama Alenezi,0599002968,lama.alenezi2968@example.com,Riyadh,B008,2024-06-26,Silver,1
C02969,Omar Alharbi,0599002969,omar.alharbi2969@example.com,Riyadh,B012,2021-11-18,Classic,1
C02970,Haya Almalki,0599002970,haya.almalki2970@example.com,Taif,B020,2025-01-22,Silver,1
C02971,Fahad Alshammari,0599002971,fahad.alshammari2971@example.com,Riyadh,B002,2021-03-18,Gold,1
C02972,Jawaher Alyami,0599002972,jawaher.alyami2972@example.com,Dammam,B028,2025-05-28,Gold,1
C02973,Nasser Alsubaie,0599002973,nasser.alsubaie2973@example.com,Riyadh,B002,2025-08-18,Gold,1
C02974,Noura Alzahrani,0599002974,noura.alzahrani2974@example.com,Najran,B034,2021-02-22,Silver,0
C02975,Bandar Alshammari,0599002975,bandar.alshammari2975@example.com,Jeddah,B016,2024-06-26,Gold,1
C02976,Khalid Alsubaie,0599002976,khalid.alsubaie2976@example.com,Dammam,B028,2021-12-20,Gold,1
C02977,Mohammed Alshehri,0599002977,mohammed.alshehri2977@example.com,Riyadh,B009,2023-02-16,Platinum,0
C02978,Nasser Albalawi,0599002978,nasser.albalawi2978@example.com,Hail,B038,2025-08-25,Gold,1
C02979,Abdullah Alfaraj,0599002979,abdullah.alfaraj2979@example.com,Hail,B038,2021-02-26,Classic,
C02980,Dana Alsaeed,0599002980,dana.alsaeed2980@example.com,Jeddah,B022,2021-08-14,Classic,0
C02981,Amal Almutairi,0599002981,amal.almutairi2981@example.com,Jeddah,B022,2023-12-20,Classic,1
C02982,Bandar Alnaimi,0599002982,bandar.alnaimi2982@example.com,Riyadh,B003,2025-10-07,Classic,1
C02983,Ghada Alshammari,0599002983,ghada.alshammari2983@example.com,Hail,B038,2022-06-05,Silver,0
C02984,Turki Alqahtani,0599002984,turki.alqahtani2984@example.com,Dammam,B028,2023-07-18,Gold,1
C02985,Lulwa Alzahrani,0599002985,lulwa.alzahrani2985@example.com,Dhahran,B030,2021-08-23,Classic,0
C02986,Noura Alqahtani,0599002986,noura.alqahtani2986@example.com,Hail,B038,2025-08-27,Silver,0
C02987,Noura Alharbi,0599002987,noura.alharbi2987@example.com,Jeddah,B013,2026-04-03,Gold,1
C02988,Abdullah Alyami,0599002988,abdullah.alyami2988@example.com,Jeddah,B015,2025-04-08,Classic,0
C02989,Sara Alqahtani,0599002989,sara.alqahtani2989@example.com,Jeddah,B022,2021-01-14,Silver,1
C02990,Abdullah Alfaraj,0599002990,abdullah.alfaraj2990@example.com,Jeddah,B022,2025-11-18,Classic,1
C02991,Nasser Alfaraj,0599002991,nasser.alfaraj2991@example.com,Al Jouf,B039,2024-09-25,Gold,1
C02992,Saud Almutairi,0599002992,saud.almutairi2992@example.com,Riyadh,B012,2021-04-06,Gold,1
C02993,Turki Albalawi,0599002993,turki.albalawi2993@example.com,Al Ahsa,B026,2025-06-21,Classic,1
C02994,Lulwa Alghamdi,0599002994,lulwa.alghamdi2994@example.com,Riyadh,B012,2022-09-14,Classic,1
C02995,Bandar Almalki,0599002995,bandar.almalki2995@example.com,Riyadh,B006,2025-07-17,Classic,1
C02996,Mohammed Alkhaldi,0599002996,mohammed.alkhaldi2996@example.com,Khamis Mushait,B036,2022-06-05,Classic,1
C02997,Abdullah Aldawsari,0599002997,abdullah.aldawsari2997@example.com,Jazan,B033,2021-08-23,Silver,1
C02998,Ahmed Alnaimi,0599002998,ahmed.alnaimi2998@example.com,Dammam,B023,2021-02-13,Platinum,1
C02999,Dana Alotaibi,0599002999,dana.alotaibi2999@example.com,Riyadh,B009,2025-10-25,Classic,0
C03000,Rakan Alotaibi,0599003000,rakan.alotaibi3000@example.com,Dhahran,B025,2023-03-12,Silver,1
C03001,Rakan Alshammari,0599003001,rakan.alshammari3001@example.com,Taif,B020,2022-12-22,Silver,1
C03002,Dana Alnaimi,0599003002,dana.alnaimi3002@example.com,Riyadh,B008,2021-10-16,Platinum,1
C03003,Nasser Alhajri,0599003003,nasser.alhajri3003@example.com,Riyadh,B003,2021-11-24,Classic,0
C03004,Hessa Alrashidi,0599003004,hessa.alrashidi3004@example.com,Riyadh,B005,2026-03-24,Gold,1
C03005,Shahad Aldossary,0599003005,shahad.aldossary3005@example.com,Riyadh,B005,2024-06-25,Classic,1
C03006,Khalid Almutairi,0599003006,khalid.almutairi3006@example.com,Tabuk,B037,2025-08-04,Classic,1
C03007,Mohammed Alhajri,0599003007,mohammed.alhajri3007@example.com,Dammam,B028,2023-11-21,Classic,0
C03008,Omar Alkhaldi,0599003008,omar.alkhaldi3008@example.com,Riyadh,B008,2025-01-11,Silver,1
C03009,Saud Alhajri,0599003009,saud.alhajri3009@example.com,Taif,B020,2022-04-27,Gold,1
C03010,Dana Alenezi,0599003010,dana.alenezi3010@example.com,Riyadh,B002,2023-10-05,Silver,0
C03011,Hind Almutairi,0599003011,hind.almutairi3011@example.com,Qassim,B010,2026-03-26,Silver,1
C03012,Yousef Alghamdi,0599003012,yousef.alghamdi3012@example.com,Abha,B031,2025-05-22,Gold,0
C03013,Lulwa Alsubaie,0599003013,lulwa.alsubaie3013@example.com,Dammam,B028,2024-01-22,Classic,0
C03014,Ziyad Alrashidi,0599003014,ziyad.alrashidi3014@example.com,Riyadh,B009,2026-03-16,Silver,1
C03015,Dana Alrashidi,0599003015,dana.alrashidi3015@example.com,Madinah,B019,2026-03-28,Classic,1
C03016,Noura Alanazi,0599003016,noura.alanazi3016@example.com,Tabuk,B040,2024-05-21,Silver,1
C03017,Reem Alenezi,0599003017,reem.alenezi3017@example.com,Dammam,B023,2026-02-26,Silver,1
C03018,Noura Aldawsari,0599003018,noura.aldawsari3018@example.com,Khamis Mushait,B036,2024-04-09,Platinum,1
C03019,Abdullah Alhajri,0599003019,abdullah.alhajri3019@example.com,Jeddah,B015,2021-05-09,Classic,0
C03020,Ali Alqahtani,0599003020,ali.alqahtani3020@example.com,Dammam,B028,2021-08-10,Silver,0
C03021,Saud Alqahtani,0599003021,saud.alqahtani3021@example.com,Jeddah,B021,2021-04-17,Classic,1
C03022,Rawan Almalki,0599003022,rawan.almalki3022@example.com,Tabuk,B040,2023-07-01,Classic,1
C03023,Noura Alqahtani,0599003023,noura.alqahtani3023@example.com,Riyadh,B004,2025-10-28,Classic,1
C03024,Hessa Alanazi,0599003024,hessa.alanazi3024@example.com,Al Ahsa,B026,2022-08-29,Classic,1
C03025,Sultan Alrashidi,0599003025,sultan.alrashidi3025@example.com,Makkah,B018,2025-01-21,Classic,0
C03026,Noura Alhajri,0599003026,noura.alhajri3026@example.com,Riyadh,B002,2022-06-01,Gold,
C03027,Nasser Alzahrani,0599003027,nasser.alzahrani3027@example.com,Riyadh,B009,2025-09-22,Classic,1
C03028,Dana Alhajri,0599003028,dana.alhajri3028@example.com,Abha,B035,2026-05-25,Platinum,1
C03029,Hind Alotaibi,0599003029,hind.alotaibi3029@example.com,Taif,B020,2021-03-23,Classic,0
C03030,Lama Alshehri,0599003030,lama.alshehri3030@example.com,Khobar,B024,2024-05-22,Classic,0
C03031,Hessa Alfaraj,0599003031,hessa.alfaraj3031@example.com,Jeddah,B021,2024-01-26,Classic,0
C03032,Haya Alharbi,0599003032,haya.alharbi3032@example.com,Jeddah,B016,2023-02-12,Classic,0
C03033,Hessa Alzahrani,0599003033,hessa.alzahrani3033@example.com,Riyadh,B001,2025-06-23,Classic,1
C03034,Lulwa Alfaraj,0599003034,lulwa.alfaraj3034@example.com,Riyadh,B005,2026-02-21,Silver,0
C03035,Sultan Alzahrani,0599003035,sultan.alzahrani3035@example.com,Khobar,B024,2025-06-11,Silver,0
C03036,Majed Alshehri,0599003036,majed.alshehri3036@example.com,Khobar,B029,2021-06-14,Classic,1
C03037,Ahmed Alqahtani,0599003037,ahmed.alqahtani3037@example.com,Dhahran,B030,2025-08-07,Gold,0
C03038,Nasser Alenezi,0599003038,nasser.alenezi3038@example.com,Jeddah,B013,2024-03-02,Silver,0
C03039,Atheer Almutairi,0599003039,atheer.almutairi3039@example.com,Jeddah,B014,2023-04-18,Classic,1
C03040,Khalid Alrashidi,0599003040,khalid.alrashidi3040@example.com,Riyadh,B001,2023-12-26,Silver,1
C03041,Ali Alhajri,0599003041,ali.alhajri3041@example.com,Taif,B020,2024-05-10,Classic,1
C03042,Reem Alkhaldi,0599003042,reem.alkhaldi3042@example.com,Riyadh,B004,2021-09-15,Silver,0
C03043,Ziyad Aldawsari,0599003043,ziyad.aldawsari3043@example.com,Khamis Mushait,B032,2022-01-17,Classic,1
C03044,Ghada Alkhaldi,0599003044,ghada.alkhaldi3044@example.com,Jubail,B027,2024-04-26,Platinum,1
C03045,Noura Albalawi,0599003045,noura.albalawi3045@example.com,Al Kharj,B011,2022-02-16,Gold,1
C03046,Hind Alenezi,0599003046,hind.alenezi3046@example.com,Riyadh,B007,2024-04-05,Classic,1
C03047,Omar Alhajri,0599003047,omar.alhajri3047@example.com,Al Ahsa,B026,2022-11-02,Classic,0
C03048,Ghada Albalawi,0599003048,ghada.albalawi3048@example.com,Al Jouf,B039,2025-08-18,Gold,0
C03049,Ghada Alsaeed,0599003049,ghada.alsaeed3049@example.com,Jeddah,B014,2025-05-02,Silver,0
C03050,Noura Alharbi,0599003050,noura.alharbi3050@example.com,Qassim,B010,2025-10-15,Gold,0
C03051,Majed Almalki,0599003051,majed.almalki3051@example.com,Riyadh,B002,2025-07-05,Classic,1
C03052,Omar Alamri,0599003052,omar.alamri3052@example.com,Dammam,B023,2025-08-07,Classic,1
C03053,Jawaher Aljohani,0599003053,jawaher.aljohani3053@example.com,Khobar,B029,2022-03-07,Gold,
C03054,Majed Alamri,0599003054,majed.alamri3054@example.com,Riyadh,B006,2023-02-25,Gold,0
C03055,Rawan Alanazi,0599003055,rawan.alanazi3055@example.com,Khobar,B029,2025-11-28,Classic,0
C03056,Shahad Alharbi,0599003056,shahad.alharbi3056@example.com,Riyadh,B003,2021-06-20,Classic,1
C03057,Shahad Almutairi,0599003057,shahad.almutairi3057@example.com,Dhahran,B030,2021-10-08,Classic,1
C03058,Nasser Alnaimi,0599003058,nasser.alnaimi3058@example.com,Dhahran,B025,2025-03-15,Classic,0
C03059,Sultan Aljohani,0599003059,sultan.aljohani3059@example.com,Dammam,B023,2023-06-08,Classic,1
C03060,Ziyad Alharbi,0599003060,ziyad.alharbi3060@example.com,Riyadh,B007,2025-11-11,Platinum,1
C03061,Ziyad Almutairi,0599003061,ziyad.almutairi3061@example.com,Riyadh,B005,2021-10-17,Classic,1
C03062,Sultan Alqahtani,0599003062,sultan.alqahtani3062@example.com,Dammam,B028,2021-04-05,Silver,1
C03063,Reem Almutairi,0599003063,reem.almutairi3063@example.com,Riyadh,B004,2022-10-06,Classic,1
C03064,Haya Alfaraj,0599003064,haya.alfaraj3064@example.com,Riyadh,B001,2024-05-21,Classic,1
C03065,Turki Aljohani,0599003065,turki.aljohani3065@example.com,Riyadh,B002,2025-05-23,Classic,0
C03066,Majed Alyami,0599003066,majed.alyami3066@example.com,Riyadh,B002,2024-01-14,Classic,1
C03067,Khalid Alenezi,0599003067,khalid.alenezi3067@example.com,Jeddah,B021,2023-12-20,Classic,0
C03068,Lulwa Alshehri,0599003068,lulwa.alshehri3068@example.com,Riyadh,B005,2025-04-23,Silver,1
C03069,Atheer Alamri,0599003069,atheer.alamri3069@example.com,Riyadh,B008,2023-04-22,Classic,1
C03070,Sara Alshammari,0599003070,sara.alshammari3070@example.com,Jeddah,B021,2021-09-25,Gold,1
C03071,Mohammed Almalki,0599003071,mohammed.almalki3071@example.com,Al Jouf,B039,2025-09-05,Classic,1
C03072,Fahad Alfaraj,0599003072,fahad.alfaraj3072@example.com,Riyadh,B005,2025-03-22,Classic,0
C03073,Ahmed Almalki,0599003073,ahmed.almalki3073@example.com,Riyadh,B001,2026-05-29,Silver,0
C03074,Dana Alsaeed,0599003074,dana.alsaeed3074@example.com,Jeddah,B022,2026-02-12,Gold,1
C03075,Hind Almalki,0599003075,hind.almalki3075@example.com,Jeddah,B016,2023-08-14,Silver,1
C03076,Ghada Aljohani,0599003076,ghada.aljohani3076@example.com,Dammam,B023,2021-12-15,Classic,1
C03077,Haya Alkhaldi,0599003077,haya.alkhaldi3077@example.com,Riyadh,B001,2026-03-26,Classic,0
C03078,Sultan Alghamdi,0599003078,sultan.alghamdi3078@example.com,Jeddah,B022,2022-09-29,Classic,1
C03079,Faisal Alnaimi,0599003079,faisal.alnaimi3079@example.com,Jeddah,B015,2025-08-27,Platinum,0
C03080,Mohammed Aljohani,0599003080,mohammed.aljohani3080@example.com,Qassim,B010,2022-11-22,Silver,1
C03081,Rawan Almutairi,0599003081,rawan.almutairi3081@example.com,Dammam,B028,2025-08-25,Gold,0
C03082,Bandar Alenezi,0599003082,bandar.alenezi3082@example.com,Dhahran,B025,2025-11-11,Classic,1
C03083,Amal Alghamdi,0599003083,amal.alghamdi3083@example.com,Riyadh,B006,2022-06-06,Classic,0
C03084,Reem Alamri,0599003084,reem.alamri3084@example.com,Al Kharj,B011,2026-04-21,Silver,1
C03085,Mona Alamri,0599003085,mona.alamri3085@example.com,Tabuk,B037,2023-12-22,Classic,0
C03086,Mona Alshehri,0599003086,mona.alshehri3086@example.com,Dammam,B023,2021-02-21,Classic,0
C03087,Jawaher Alyami,0599003087,jawaher.alyami3087@example.com,Riyadh,B003,2023-09-13,Silver,
C03088,Hessa Alshammari,0599003088,hessa.alshammari3088@example.com,Riyadh,B001,2022-01-28,Silver,1
C03089,Sultan Alfaraj,0599003089,sultan.alfaraj3089@example.com,Khobar,B029,2021-08-13,Classic,1
C03090,Yousef Alsaeed,0599003090,yousef.alsaeed3090@example.com,Jeddah,B017,2023-02-28,Classic,1
C03091,Saud Alghamdi,0599003091,saud.alghamdi3091@example.com,Riyadh,B009,2022-06-23,Classic,1
C03092,Majed Alghamdi,0599003092,majed.alghamdi3092@example.com,Dammam,B028,2022-09-04,Silver,0
C03093,Rakan Albalawi,0599003093,rakan.albalawi3093@example.com,Riyadh,B008,2021-08-25,Silver,1
C03094,Amal Alnaimi,0599003094,amal.alnaimi3094@example.com,Riyadh,B003,2024-04-13,Classic,
C03095,Ali Alsaeed,0599003095,ali.alsaeed3095@example.com,Riyadh,B004,2025-08-04,Gold,1
C03096,Haya Alshammari,0599003096,haya.alshammari3096@example.com,Riyadh,B002,2025-01-20,Silver,1
C03097,Omar Aldawsari,0599003097,omar.aldawsari3097@example.com,Khobar,B029,2021-11-17,Silver,0
C03098,Khalid Alsaeed,0599003098,khalid.alsaeed3098@example.com,Jeddah,B015,2024-03-27,Silver,1
C03099,Nasser Alotaibi,0599003099,nasser.alotaibi3099@example.com,Riyadh,B003,2025-06-19,Classic,1
C03100,Ali Albalawi,0599003100,ali.albalawi3100@example.com,Dammam,B028,2023-08-11,Silver,1
C03101,Lulwa Alhajri,0599003101,lulwa.alhajri3101@example.com,Dammam,B023,2022-04-03,Classic,1
C03102,Rawan Albalawi,0599003102,rawan.albalawi3102@example.com,Riyadh,B005,2025-10-20,Silver,1
C03103,Ghada Alsaeed,0599003103,ghada.alsaeed3103@example.com,Riyadh,B008,2023-01-16,Classic,1
C03104,Khalid Alfaraj,0599003104,khalid.alfaraj3104@example.com,Riyadh,B009,2026-01-28,Gold,1
C03105,Nasser Alkhaldi,0599003105,nasser.alkhaldi3105@example.com,Jubail,B027,2021-06-17,Gold,0
C03106,Maha Alfaraj,0599003106,maha.alfaraj3106@example.com,Dammam,B028,2025-03-01,Classic,0
C03107,Reem Alzahrani,0599003107,reem.alzahrani3107@example.com,Jeddah,B015,2025-04-26,Classic,1
C03108,Atheer Alshammari,0599003108,atheer.alshammari3108@example.com,Khobar,B029,2021-02-22,Classic,1
C03109,Haya Alotaibi,0599003109,haya.alotaibi3109@example.com,Jeddah,B017,2023-06-09,Classic,1
C03110,Atheer Almalki,0599003110,atheer.almalki3110@example.com,Riyadh,B009,2025-11-16,Silver,1
C03111,Khalid Alshammari,0599003111,khalid.alshammari3111@example.com,Najran,B034,2026-04-28,Gold,1
C03112,Noura Alkhaldi,0599003112,noura.alkhaldi3112@example.com,Jeddah,B017,2026-03-04,Classic,0
C03113,Abdullah Alhajri,0599003113,abdullah.alhajri3113@example.com,Riyadh,B007,2025-08-02,Gold,1
C03114,Shahad Alharbi,0599003114,shahad.alharbi3114@example.com,Jeddah,B022,2022-11-01,Classic,0
C03115,Atheer Alshehri,0599003115,atheer.alshehri3115@example.com,Tabuk,B040,2026-04-19,Platinum,1
C03116,Atheer Alfaraj,0599003116,atheer.alfaraj3116@example.com,Riyadh,B008,2024-09-03,Gold,1
C03117,Mohammed Alsubaie,0599003117,mohammed.alsubaie3117@example.com,Jeddah,B022,2025-09-30,Classic,1
C03118,Sara Alshehri,0599003118,sara.alshehri3118@example.com,Riyadh,B001,2023-06-20,Classic,1
C03119,Lulwa Alharbi,0599003119,lulwa.alharbi3119@example.com,Khobar,B024,2021-07-24,Classic,1
C03120,Ziyad Alkhaldi,0599003120,ziyad.alkhaldi3120@example.com,Riyadh,B007,2023-06-21,Gold,1
C03121,Majed Alshehri,0599003121,majed.alshehri3121@example.com,Jeddah,B021,2022-03-04,Classic,0
C03122,Lulwa Alharbi,0599003122,lulwa.alharbi3122@example.com,Khobar,B024,2025-01-13,Classic,1
C03123,Ali Alotaibi,0599003123,ali.alotaibi3123@example.com,Riyadh,B003,2021-04-19,Silver,1
C03124,Noura Alsaeed,0599003124,noura.alsaeed3124@example.com,Khobar,B024,2025-01-22,Silver,0
C03125,Jawaher Alqahtani,0599003125,jawaher.alqahtani3125@example.com,Riyadh,B009,2025-11-08,Silver,
C03126,Bandar Alghamdi,0599003126,bandar.alghamdi3126@example.com,Hail,B038,2021-12-25,Classic,1
C03127,Mohammed Alamri,0599003127,mohammed.alamri3127@example.com,Riyadh,B009,2021-12-24,Gold,0
C03128,Sultan Alrashidi,0599003128,sultan.alrashidi3128@example.com,Al Ahsa,B026,2024-01-22,Classic,0
C03129,Omar Alnaimi,0599003129,omar.alnaimi3129@example.com,Al Kharj,B011,2022-07-08,Classic,1
C03130,Rawan Aldossary,0599003130,rawan.aldossary3130@example.com,Al Jouf,B039,2025-07-20,Gold,1
C03131,Rawan Alyami,0599003131,rawan.alyami3131@example.com,Abha,B035,2023-03-03,Classic,1
C03132,Lama Almalki,0599003132,lama.almalki3132@example.com,Tabuk,B037,2025-01-22,Classic,0
C03133,Jawaher Alenezi,0599003133,jawaher.alenezi3133@example.com,Al Kharj,B011,2022-10-16,Classic,0
C03134,Atheer Alkhaldi,0599003134,atheer.alkhaldi3134@example.com,Riyadh,B001,2026-06-01,Classic,1
C03135,Reem Almalki,0599003135,reem.almalki3135@example.com,Qassim,B010,2022-12-07,Gold,1
C03136,Atheer Almalki,0599003136,atheer.almalki3136@example.com,Jazan,B033,2024-09-19,Classic,1
C03137,Khalid Aldossary,0599003137,khalid.aldossary3137@example.com,Riyadh,B004,2024-07-01,Classic,1
C03138,Atheer Almutairi,0599003138,atheer.almutairi3138@example.com,Makkah,B018,2022-07-12,Silver,1
C03139,Mohammed Alshammari,0599003139,mohammed.alshammari3139@example.com,Tabuk,B037,2025-12-20,Classic,1
C03140,Ahmed Aldossary,0599003140,ahmed.aldossary3140@example.com,Qassim,B010,2023-08-19,Classic,1
C03141,Dana Alamri,0599003141,dana.alamri3141@example.com,Madinah,B019,2024-09-05,Classic,1
C03142,Abdullah Aldossary,0599003142,abdullah.aldossary3142@example.com,Dhahran,B025,2024-06-30,Gold,1
C03143,Jawaher Alshammari,0599003143,jawaher.alshammari3143@example.com,Jeddah,B021,2024-10-24,Classic,1
C03144,Mona Alsaeed,0599003144,mona.alsaeed3144@example.com,Dammam,B023,2026-02-04,Silver,1
C03145,Hessa Aldossary,0599003145,hessa.aldossary3145@example.com,Jeddah,B015,2022-11-28,Silver,1
C03146,Rawan Alghamdi,0599003146,rawan.alghamdi3146@example.com,Jeddah,B017,2024-03-15,Platinum,1
C03147,Yousef Alshehri,0599003147,yousef.alshehri3147@example.com,Khamis Mushait,B036,2021-11-11,Silver,1
C03148,Hessa Alzahrani,0599003148,hessa.alzahrani3148@example.com,Jubail,B027,2026-01-29,Classic,1
C03149,Lama Alrashidi,0599003149,lama.alrashidi3149@example.com,Dhahran,B025,2025-08-13,Classic,1
C03150,Abdullah Alsaeed,0599003150,abdullah.alsaeed3150@example.com,Dammam,B028,2023-07-30,Classic,1
C03151,Rawan Alanazi,0599003151,rawan.alanazi3151@example.com,Al Jouf,B039,2021-04-05,Classic,1
C03152,Maha Alzahrani,0599003152,maha.alzahrani3152@example.com,Dhahran,B025,2023-01-26,Gold,0
C03153,Jawaher Alshammari,0599003153,jawaher.alshammari3153@example.com,Khamis Mushait,B036,2025-08-05,Classic,1
C03154,Lama Aldawsari,0599003154,lama.aldawsari3154@example.com,Al Ahsa,B026,2022-01-28,Classic,1
C03155,Rawan Alanazi,0599003155,rawan.alanazi3155@example.com,Jeddah,B021,2023-09-16,Classic,0
C03156,Yousef Albalawi,0599003156,yousef.albalawi3156@example.com,Dhahran,B025,2025-07-25,Silver,1
C03157,Ahmed Aljohani,0599003157,ahmed.aljohani3157@example.com,Jeddah,B017,2024-05-08,Silver,0
C03158,Lulwa Alshammari,0599003158,lulwa.alshammari3158@example.com,Riyadh,B001,2021-05-19,Classic,1
C03159,Lama Almutairi,0599003159,lama.almutairi3159@example.com,Riyadh,B001,2024-05-01,Gold,0
C03160,Dana Alsaeed,0599003160,dana.alsaeed3160@example.com,Riyadh,B002,2024-06-02,Gold,1
C03161,Haya Aldawsari,0599003161,haya.aldawsari3161@example.com,Riyadh,B006,2022-06-30,Silver,
C03162,Hessa Alhajri,0599003162,hessa.alhajri3162@example.com,Taif,B020,2021-04-20,Classic,0
C03163,Maha Albalawi,0599003163,maha.albalawi3163@example.com,Makkah,B018,2025-02-11,Silver,1
C03164,Omar Aldossary,0599003164,omar.aldossary3164@example.com,Jeddah,B014,2021-06-17,Silver,0
C03165,Sara Almalki,0599003165,sara.almalki3165@example.com,Abha,B031,2025-01-25,Classic,1
C03166,Reem Albalawi,0599003166,reem.albalawi3166@example.com,Jeddah,B016,2026-02-23,Classic,1
C03167,Khalid Alrashidi,0599003167,khalid.alrashidi3167@example.com,Jeddah,B015,2022-12-27,Silver,1
C03168,Mona Alotaibi,0599003168,mona.alotaibi3168@example.com,Riyadh,B012,2025-05-20,Classic,1
C03169,Amal Alnaimi,0599003169,amal.alnaimi3169@example.com,Dhahran,B030,2024-07-06,Classic,1
C03170,Turki Alnaimi,0599003170,turki.alnaimi3170@example.com,Taif,B020,2025-10-30,Gold,1
C03171,Rawan Alharbi,0599003171,rawan.alharbi3171@example.com,Dammam,B028,2023-06-11,Silver,1
C03172,Bandar Aldawsari,0599003172,bandar.aldawsari3172@example.com,Dhahran,B025,2021-10-26,Classic,0
C03173,Sultan Almutairi,0599003173,sultan.almutairi3173@example.com,Khamis Mushait,B036,2026-04-20,Silver,1
C03174,Hessa Alqahtani,0599003174,hessa.alqahtani3174@example.com,Jubail,B027,2025-10-05,Classic,
C03175,Fahad Alfaraj,0599003175,fahad.alfaraj3175@example.com,Jeddah,B016,2025-06-12,Classic,0
C03176,Lulwa Alrashidi,0599003176,lulwa.alrashidi3176@example.com,Khobar,B024,2023-05-12,Silver,
C03177,Hessa Alyami,0599003177,hessa.alyami3177@example.com,Al Ahsa,B026,2021-07-06,Classic,1
C03178,Rakan Alghamdi,0599003178,rakan.alghamdi3178@example.com,Dhahran,B030,2024-01-31,Classic,1
C03179,Lama Alfaraj,0599003179,lama.alfaraj3179@example.com,Dhahran,B030,2023-05-25,Silver,1
C03180,Ghada Alenezi,0599003180,ghada.alenezi3180@example.com,Khamis Mushait,B036,2022-03-04,Classic,1
C03181,Hind Aldossary,0599003181,hind.aldossary3181@example.com,Khobar,B024,2026-05-02,Silver,1
C03182,Haya Alsaeed,0599003182,haya.alsaeed3182@example.com,Khobar,B024,2025-04-30,Classic,0
C03183,Ahmed Alnaimi,0599003183,ahmed.alnaimi3183@example.com,Dammam,B023,2026-03-25,Classic,1
C03184,Ahmed Alfaraj,0599003184,ahmed.alfaraj3184@example.com,Riyadh,B006,2021-01-13,Gold,1
C03185,Jawaher Alotaibi,0599003185,jawaher.alotaibi3185@example.com,Taif,B020,2022-05-03,Classic,1
C03186,Abdullah Alkhaldi,0599003186,abdullah.alkhaldi3186@example.com,Al Kharj,B011,2026-06-08,Classic,1
C03187,Amal Alsubaie,0599003187,amal.alsubaie3187@example.com,Jeddah,B016,2025-10-04,Classic,0
C03188,Lama Alsubaie,0599003188,lama.alsubaie3188@example.com,Riyadh,B008,2021-07-03,Silver,1
C03189,Maha Almutairi,0599003189,maha.almutairi3189@example.com,Jeddah,B022,2024-02-07,Classic,1
C03190,Atheer Albalawi,0599003190,atheer.albalawi3190@example.com,Riyadh,B005,2021-12-13,Classic,1
C03191,Ghada Alrashidi,0599003191,ghada.alrashidi3191@example.com,Jeddah,B021,2026-01-24,Gold,1
C03192,Abdullah Alyami,0599003192,abdullah.alyami3192@example.com,Riyadh,B003,2024-07-05,Gold,1
C03193,Sara Almalki,0599003193,sara.almalki3193@example.com,Al Jouf,B039,2025-06-14,Gold,1
C03194,Saud Alkhaldi,0599003194,saud.alkhaldi3194@example.com,Jeddah,B014,2022-06-11,Classic,0
C03195,Mona Alsaeed,0599003195,mona.alsaeed3195@example.com,Riyadh,B006,2021-03-07,Classic,1
C03196,Shahad Alhajri,0599003196,shahad.alhajri3196@example.com,Taif,B020,2024-03-27,Classic,1
C03197,Amal Alsubaie,0599003197,amal.alsubaie3197@example.com,Khamis Mushait,B032,2025-09-27,Classic,1
C03198,Fahad Alanazi,0599003198,fahad.alanazi3198@example.com,Taif,B020,2025-12-30,Silver,0
C03199,Ahmed Alhajri,0599003199,ahmed.alhajri3199@example.com,Makkah,B018,2026-05-14,Gold,1
C03200,Bandar Alrashidi,0599003200,bandar.alrashidi3200@example.com,Taif,B020,2025-03-12,Gold,0
C03201,Khalid Almalki,0599003201,khalid.almalki3201@example.com,Jeddah,B022,2025-09-26,Classic,
C03202,Sultan Alfaraj,0599003202,sultan.alfaraj3202@example.com,Khamis Mushait,B032,2024-07-05,Silver,0
C03203,Dana Aldossary,0599003203,dana.aldossary3203@example.com,Jeddah,B017,2023-10-07,Classic,1
C03204,Rakan Alanazi,0599003204,rakan.alanazi3204@example.com,Riyadh,B003,2025-09-09,Classic,1
C03205,Haya Aldossary,0599003205,haya.aldossary3205@example.com,Qassim,B010,2022-01-11,Silver,0
C03206,Omar Almalki,0599003206,omar.almalki3206@example.com,Jeddah,B016,2026-05-16,Classic,1
C03207,Atheer Alghamdi,0599003207,atheer.alghamdi3207@example.com,Riyadh,B007,2021-05-25,Platinum,1
C03208,Mona Aljohani,0599003208,mona.aljohani3208@example.com,Khobar,B024,2022-11-30,Classic,0
C03209,Dana Almutairi,0599003209,dana.almutairi3209@example.com,Dhahran,B030,2025-12-11,Gold,0
C03210,Amal Alhajri,0599003210,amal.alhajri3210@example.com,Jeddah,B021,2024-06-06,Silver,0
C03211,Ghada Alshammari,0599003211,ghada.alshammari3211@example.com,Riyadh,B003,2025-03-28,Silver,1
C03212,Rawan Aldossary,0599003212,rawan.aldossary3212@example.com,Hail,B038,2023-11-24,Classic,1
C03213,Jawaher Alqahtani,0599003213,jawaher.alqahtani3213@example.com,Khamis Mushait,B036,2024-05-12,Classic,1
C03214,Lulwa Alzahrani,0599003214,lulwa.alzahrani3214@example.com,Al Ahsa,B026,2023-08-26,Classic,0
C03215,Mohammed Alrashidi,0599003215,mohammed.alrashidi3215@example.com,Khobar,B029,2026-05-13,Classic,0
C03216,Abdullah Alzahrani,0599003216,abdullah.alzahrani3216@example.com,Riyadh,B008,2025-07-27,Classic,1
C03217,Saud Alfaraj,0599003217,saud.alfaraj3217@example.com,Tabuk,B040,2022-05-26,Classic,1
C03218,Jawaher Alshammari,0599003218,jawaher.alshammari3218@example.com,Riyadh,B008,2025-11-27,Gold,1
C03219,Reem Alrashidi,0599003219,reem.alrashidi3219@example.com,Jeddah,B017,2025-11-17,Classic,1
C03220,Majed Alghamdi,0599003220,majed.alghamdi3220@example.com,Jeddah,B013,2026-05-15,Classic,1
C03221,Noura Alkhaldi,0599003221,noura.alkhaldi3221@example.com,Riyadh,B005,2025-08-12,Classic,1
C03222,Saud Aldossary,0599003222,saud.aldossary3222@example.com,Jazan,B033,2022-09-03,Gold,1
C03223,Fahad Albalawi,0599003223,fahad.albalawi3223@example.com,Jeddah,B015,2024-08-11,Classic,1
C03224,Majed Almutairi,0599003224,majed.almutairi3224@example.com,Riyadh,B003,2023-09-20,Classic,0
C03225,Turki Alghamdi,0599003225,turki.alghamdi3225@example.com,Riyadh,B001,2025-05-25,Gold,0
C03226,Ali Alotaibi,0599003226,ali.alotaibi3226@example.com,Khamis Mushait,B036,2025-07-16,Silver,1
C03227,Ali Alfaraj,0599003227,ali.alfaraj3227@example.com,Riyadh,B008,2022-09-20,Silver,1
C03228,Yousef Alshammari,0599003228,yousef.alshammari3228@example.com,Riyadh,B012,2025-11-24,Classic,1
C03229,Haya Alenezi,0599003229,haya.alenezi3229@example.com,Riyadh,B004,2023-08-04,Classic,1
C03230,Sara Alghamdi,0599003230,sara.alghamdi3230@example.com,Riyadh,B006,2021-09-24,Gold,1
C03231,Omar Alanazi,0599003231,omar.alanazi3231@example.com,Abha,B031,2022-05-09,Silver,0
C03232,Faisal Alamri,0599003232,faisal.alamri3232@example.com,Al Kharj,B011,2024-04-22,Classic,1
C03233,Yousef Alzahrani,0599003233,yousef.alzahrani3233@example.com,Makkah,B018,2025-08-17,Gold,1
C03234,Maha Alrashidi,0599003234,maha.alrashidi3234@example.com,Jubail,B027,2024-10-28,Classic,1
C03235,Ziyad Alghamdi,0599003235,ziyad.alghamdi3235@example.com,Dammam,B028,2025-06-10,Silver,0
C03236,Saud Alzahrani,0599003236,saud.alzahrani3236@example.com,Abha,B031,2025-05-24,Classic,1
C03237,Shahad Alshammari,0599003237,shahad.alshammari3237@example.com,Jeddah,B016,2026-01-26,Silver,1
C03238,Shahad Alotaibi,0599003238,shahad.alotaibi3238@example.com,Madinah,B019,2023-08-29,Platinum,1
C03239,Dana Aljohani,0599003239,dana.aljohani3239@example.com,Riyadh,B004,2025-05-04,Classic,1
C03240,Ahmed Alfaraj,0599003240,ahmed.alfaraj3240@example.com,Khamis Mushait,B036,2025-12-25,Silver,1
C03241,Atheer Alkhaldi,0599003241,atheer.alkhaldi3241@example.com,Jeddah,B022,2024-06-14,Gold,1
C03242,Yousef Alsaeed,0599003242,yousef.alsaeed3242@example.com,Riyadh,B007,2025-01-09,Classic,0
C03243,Lulwa Alotaibi,0599003243,lulwa.alotaibi3243@example.com,Jeddah,B022,2021-04-28,Silver,0
C03244,Dana Alsaeed,0599003244,dana.alsaeed3244@example.com,Riyadh,B007,2024-01-28,Classic,0
C03245,Abdullah Alsubaie,0599003245,abdullah.alsubaie3245@example.com,Jeddah,B022,2025-03-08,Silver,0
C03246,Hessa Alnaimi,0599003246,hessa.alnaimi3246@example.com,Jeddah,B013,2021-05-17,Silver,1
C03247,Rakan Alyami,0599003247,rakan.alyami3247@example.com,Al Jouf,B039,2025-01-20,Classic,1
C03248,Majed Alkhaldi,0599003248,majed.alkhaldi3248@example.com,Abha,B035,2023-07-12,Classic,0
C03249,Nasser Alshammari,0599003249,nasser.alshammari3249@example.com,Abha,B035,2025-03-16,Classic,0
C03250,Ali Alshehri,0599003250,ali.alshehri3250@example.com,Dammam,B028,2024-02-04,Classic,1
C03251,Abdullah Alotaibi,0599003251,abdullah.alotaibi3251@example.com,Jeddah,B021,2022-11-14,Classic,
C03252,Sara Almutairi,0599003252,sara.almutairi3252@example.com,Makkah,B018,2026-05-25,Classic,1
C03253,Shahad Alyami,0599003253,shahad.alyami3253@example.com,Riyadh,B006,2025-03-11,Gold,1
C03254,Sara Alsubaie,0599003254,sara.alsubaie3254@example.com,Al Kharj,B011,2023-01-26,Classic,1
C03255,Noura Alfaraj,0599003255,noura.alfaraj3255@example.com,Dhahran,B025,2026-04-05,Classic,1
C03256,Sultan Alnaimi,0599003256,sultan.alnaimi3256@example.com,Riyadh,B004,2024-02-01,Classic,0
C03257,Faisal Alhajri,0599003257,faisal.alhajri3257@example.com,Jeddah,B017,2022-05-12,Classic,1
C03258,Dana Alyami,0599003258,dana.alyami3258@example.com,Khobar,B024,2022-12-25,Classic,1
C03259,Amal Alamri,0599003259,amal.alamri3259@example.com,Riyadh,B009,2025-09-11,Classic,0
C03260,Omar Alyami,0599003260,omar.alyami3260@example.com,Riyadh,B004,2021-07-09,Gold,1
C03261,Mona Aldossary,0599003261,mona.aldossary3261@example.com,Al Jouf,B039,2025-10-15,Classic,1
C03262,Jawaher Aljohani,0599003262,jawaher.aljohani3262@example.com,Riyadh,B012,2022-08-17,Platinum,1
C03263,Faisal Almalki,0599003263,faisal.almalki3263@example.com,Madinah,B019,2023-12-18,Gold,1
C03264,Majed Alsaeed,0599003264,majed.alsaeed3264@example.com,Makkah,B018,2025-07-31,Classic,0
C03265,Hessa Alkhaldi,0599003265,hessa.alkhaldi3265@example.com,Dhahran,B025,2025-02-17,Classic,1
C03266,Ghada Alqahtani,0599003266,ghada.alqahtani3266@example.com,Taif,B020,2022-03-26,Classic,1
C03267,Bandar Aldossary,0599003267,bandar.aldossary3267@example.com,Riyadh,B012,2023-11-20,Silver,0
C03268,Mohammed Almalki,0599003268,mohammed.almalki3268@example.com,Khamis Mushait,B036,2026-04-13,Classic,1
C03269,Ghada Alotaibi,0599003269,ghada.alotaibi3269@example.com,Abha,B035,2021-01-09,Classic,1
C03270,Faisal Aldawsari,0599003270,faisal.aldawsari3270@example.com,Khamis Mushait,B032,2024-05-16,Classic,1
C03271,Hessa Alghamdi,0599003271,hessa.alghamdi3271@example.com,Jeddah,B022,2021-03-09,Silver,0
C03272,Lama Alanazi,0599003272,lama.alanazi3272@example.com,Khobar,B029,2024-05-10,Silver,0
C03273,Mona Alhajri,0599003273,mona.alhajri3273@example.com,Khobar,B029,2024-06-10,Silver,0
C03274,Turki Alyami,0599003274,turki.alyami3274@example.com,Khamis Mushait,B036,2026-01-11,Classic,1
C03275,Jawaher Alzahrani,0599003275,jawaher.alzahrani3275@example.com,Makkah,B018,2022-12-18,Classic,
C03276,Abdullah Almutairi,0599003276,abdullah.almutairi3276@example.com,Riyadh,B003,2023-05-19,Classic,0
C03277,Amal Albalawi,0599003277,amal.albalawi3277@example.com,Al Ahsa,B026,2022-07-05,Classic,
C03278,Ahmed Alshehri,0599003278,ahmed.alshehri3278@example.com,Dammam,B023,2025-11-18,Gold,1
C03279,Lama Alotaibi,0599003279,lama.alotaibi3279@example.com,Jeddah,B015,2023-09-29,Classic,1
C03280,Ziyad Alyami,0599003280,ziyad.alyami3280@example.com,Tabuk,B037,2024-11-09,Classic,1
C03281,Lama Alshammari,0599003281,lama.alshammari3281@example.com,Jeddah,B015,2024-06-17,Classic,1
C03282,Ahmed Alqahtani,0599003282,ahmed.alqahtani3282@example.com,Jeddah,B016,2021-12-19,Classic,1
C03283,Lama Alzahrani,0599003283,lama.alzahrani3283@example.com,Jeddah,B022,2025-08-15,Silver,1
C03284,Dana Alharbi,0599003284,dana.alharbi3284@example.com,Jeddah,B014,2022-10-16,Classic,1
C03285,Turki Alotaibi,0599003285,turki.alotaibi3285@example.com,Al Jouf,B039,2022-04-29,Classic,0
C03286,Mohammed Alsubaie,0599003286,mohammed.alsubaie3286@example.com,Qassim,B010,2025-09-21,Silver,0
C03287,Haya Alsaeed,0599003287,haya.alsaeed3287@example.com,Dhahran,B025,2022-12-01,Silver,0
C03288,Omar Alkhaldi,0599003288,omar.alkhaldi3288@example.com,Dhahran,B030,2026-05-12,Silver,1
C03289,Amal Alshehri,0599003289,amal.alshehri3289@example.com,Dammam,B028,2021-02-21,Silver,1
C03290,Rawan Alhajri,0599003290,rawan.alhajri3290@example.com,Riyadh,B008,2025-11-18,Classic,1
C03291,Faisal Alharbi,0599003291,faisal.alharbi3291@example.com,Jeddah,B022,2022-05-04,Classic,1
C03292,Ghada Albalawi,0599003292,ghada.albalawi3292@example.com,Riyadh,B001,2021-10-08,Classic,1
C03293,Lulwa Alkhaldi,0599003293,lulwa.alkhaldi3293@example.com,Khamis Mushait,B036,2025-11-23,Classic,1
C03294,Lulwa Alamri,0599003294,lulwa.alamri3294@example.com,Riyadh,B008,2025-07-22,Silver,1
C03295,Hind Alotaibi,0599003295,hind.alotaibi3295@example.com,Riyadh,B004,2025-08-28,Classic,0
C03296,Ali Alnaimi,0599003296,ali.alnaimi3296@example.com,Al Kharj,B011,2025-09-04,Silver,0
C03297,Sultan Alharbi,0599003297,sultan.alharbi3297@example.com,Riyadh,B007,2025-07-09,Silver,1
C03298,Ghada Alotaibi,0599003298,ghada.alotaibi3298@example.com,Riyadh,B003,2021-01-20,Silver,0
C03299,Hessa Alenezi,0599003299,hessa.alenezi3299@example.com,Riyadh,B009,2024-08-25,Classic,0
C03300,Bandar Alanazi,0599003300,bandar.alanazi3300@example.com,Madinah,B019,2026-06-07,Silver,0
C03301,Yousef Aljohani,0599003301,yousef.aljohani3301@example.com,Riyadh,B012,2025-10-17,Silver,1
C03302,Abdullah Albalawi,0599003302,abdullah.albalawi3302@example.com,Qassim,B010,2022-09-22,Silver,0
C03303,Ghada Almutairi,0599003303,ghada.almutairi3303@example.com,Tabuk,B040,2025-09-14,Classic,1
C03304,Bandar Aldossary,0599003304,bandar.aldossary3304@example.com,Khamis Mushait,B036,2025-06-18,Silver,1
C03305,Mohammed Alsaeed,0599003305,mohammed.alsaeed3305@example.com,Al Ahsa,B026,2022-02-12,Classic,1
C03306,Reem Alshehri,0599003306,reem.alshehri3306@example.com,Jeddah,B014,2025-11-16,Silver,0
C03307,Amal Alkhaldi,0599003307,amal.alkhaldi3307@example.com,Abha,B035,2023-06-09,Gold,1
C03308,Ali Alenezi,0599003308,ali.alenezi3308@example.com,Jubail,B027,2024-04-15,Classic,0
C03309,Ahmed Alghamdi,0599003309,ahmed.alghamdi3309@example.com,Qassim,B010,2022-12-22,Platinum,
C03310,Maha Alghamdi,0599003310,maha.alghamdi3310@example.com,Riyadh,B012,2023-01-23,Gold,0
C03311,Rakan Alsaeed,0599003311,rakan.alsaeed3311@example.com,Riyadh,B005,2021-11-20,Silver,1
C03312,Mona Alshammari,0599003312,mona.alshammari3312@example.com,Jubail,B027,2021-09-03,Classic,1
C03313,Hessa Almutairi,0599003313,hessa.almutairi3313@example.com,Najran,B034,2025-03-21,Classic,
C03314,Rawan Alzahrani,0599003314,rawan.alzahrani3314@example.com,Riyadh,B009,2022-10-19,Gold,
C03315,Mohammed Aljohani,0599003315,mohammed.aljohani3315@example.com,Khamis Mushait,B032,2021-02-26,Silver,1
C03316,Sara Aldossary,0599003316,sara.aldossary3316@example.com,Al Kharj,B011,2025-05-22,Classic,0
C03317,Abdullah Alshehri,0599003317,abdullah.alshehri3317@example.com,Riyadh,B007,2023-03-22,Silver,1
C03318,Ghada Alnaimi,0599003318,ghada.alnaimi3318@example.com,Riyadh,B004,2026-01-16,Classic,1
C03319,Yousef Aljohani,0599003319,yousef.aljohani3319@example.com,Dammam,B028,2025-01-03,Classic,1
C03320,Fahad Alnaimi,0599003320,fahad.alnaimi3320@example.com,Jeddah,B021,2023-12-22,Classic,1
C03321,Maha Alharbi,0599003321,maha.alharbi3321@example.com,Al Kharj,B011,2025-12-29,Classic,1
C03322,Ziyad Alshehri,0599003322,ziyad.alshehri3322@example.com,Dammam,B028,2023-05-10,Classic,1
C03323,Turki Almalki,0599003323,turki.almalki3323@example.com,Riyadh,B007,2025-08-04,Platinum,1
C03324,Fahad Alamri,0599003324,fahad.alamri3324@example.com,Jubail,B027,2022-02-02,Classic,0
C03325,Maha Alshehri,0599003325,maha.alshehri3325@example.com,Dhahran,B030,2021-06-13,Gold,1
C03326,Maha Aljohani,0599003326,maha.aljohani3326@example.com,Riyadh,B004,2026-05-03,Classic,1
C03327,Ziyad Almalki,0599003327,ziyad.almalki3327@example.com,Khobar,B024,2023-12-16,Gold,1
C03328,Mohammed Alamri,0599003328,mohammed.alamri3328@example.com,Al Ahsa,B026,2025-01-31,Silver,
C03329,Mohammed Alzahrani,0599003329,mohammed.alzahrani3329@example.com,Riyadh,B012,2022-01-24,Classic,1
C03330,Haya Alqahtani,0599003330,haya.alqahtani3330@example.com,Jeddah,B022,2024-03-29,Classic,0
C03331,Yousef Aljohani,0599003331,yousef.aljohani3331@example.com,Abha,B031,2026-04-15,Gold,0
C03332,Ghada Alhajri,0599003332,ghada.alhajri3332@example.com,Jazan,B033,2024-12-07,Gold,
C03333,Nasser Almutairi,0599003333,nasser.almutairi3333@example.com,Riyadh,B007,2025-06-19,Gold,1
C03334,Saud Alenezi,0599003334,saud.alenezi3334@example.com,Tabuk,B040,2023-03-08,Classic,0
C03335,Ahmed Alsubaie,0599003335,ahmed.alsubaie3335@example.com,Riyadh,B012,2022-01-06,Classic,1
C03336,Ghada Alsaeed,0599003336,ghada.alsaeed3336@example.com,Makkah,B018,2021-04-16,Silver,1
C03337,Ghada Alnaimi,0599003337,ghada.alnaimi3337@example.com,Jazan,B033,2022-12-08,Silver,0
C03338,Haya Albalawi,0599003338,haya.albalawi3338@example.com,Jubail,B027,2025-03-29,Gold,1
C03339,Ahmed Alanazi,0599003339,ahmed.alanazi3339@example.com,Dhahran,B030,2025-12-10,Classic,0
C03340,Faisal Alshammari,0599003340,faisal.alshammari3340@example.com,Dammam,B028,2022-12-21,Silver,1
C03341,Lama Aljohani,0599003341,lama.aljohani3341@example.com,Riyadh,B012,2025-10-28,Silver,0
C03342,Ghada Aljohani,0599003342,ghada.aljohani3342@example.com,Riyadh,B003,2022-11-29,Classic,1
C03343,Noura Alhajri,0599003343,noura.alhajri3343@example.com,Riyadh,B004,2024-03-06,Classic,1
C03344,Reem Alenezi,0599003344,reem.alenezi3344@example.com,Taif,B020,2021-11-13,Silver,1
C03345,Reem Alnaimi,0599003345,reem.alnaimi3345@example.com,Jeddah,B022,2022-01-18,Gold,1
C03346,Nasser Alyami,0599003346,nasser.alyami3346@example.com,Hail,B038,2021-01-25,Classic,0
C03347,Mohammed Alanazi,0599003347,mohammed.alanazi3347@example.com,Khamis Mushait,B032,2026-03-22,Classic,0
C03348,Atheer Almutairi,0599003348,atheer.almutairi3348@example.com,Taif,B020,2022-02-28,Silver,1
C03349,Dana Alyami,0599003349,dana.alyami3349@example.com,Riyadh,B005,2023-08-12,Gold,1
C03350,Ghada Almutairi,0599003350,ghada.almutairi3350@example.com,Abha,B031,2026-05-11,Classic,1
C03351,Turki Alnaimi,0599003351,turki.alnaimi3351@example.com,Khamis Mushait,B036,2023-05-26,Classic,1
C03352,Shahad Alotaibi,0599003352,shahad.alotaibi3352@example.com,Khobar,B029,2025-11-14,Classic,
C03353,Lulwa Aljohani,0599003353,lulwa.aljohani3353@example.com,Riyadh,B004,2025-04-04,Gold,1
C03354,Ghada Alzahrani,0599003354,ghada.alzahrani3354@example.com,Dammam,B028,2025-12-14,Classic,1
C03355,Khalid Almalki,0599003355,khalid.almalki3355@example.com,Riyadh,B006,2024-04-09,Classic,1
C03356,Noura Alotaibi,0599003356,noura.alotaibi3356@example.com,Jeddah,B016,2025-04-29,Gold,1
C03357,Omar Alghamdi,0599003357,omar.alghamdi3357@example.com,Jazan,B033,2022-03-10,Classic,1
C03358,Fahad Almalki,0599003358,fahad.almalki3358@example.com,Abha,B031,2024-07-24,Classic,1
C03359,Abdullah Alsaeed,0599003359,abdullah.alsaeed3359@example.com,Madinah,B019,2024-03-26,Silver,0
C03360,Bandar Alanazi,0599003360,bandar.alanazi3360@example.com,Al Ahsa,B026,2025-06-17,Classic,
C03361,Saud Alsaeed,0599003361,saud.alsaeed3361@example.com,Al Kharj,B011,2025-01-23,Silver,1
C03362,Jawaher Alotaibi,0599003362,jawaher.alotaibi3362@example.com,Riyadh,B002,2021-12-09,Classic,0
C03363,Noura Aldawsari,0599003363,noura.aldawsari3363@example.com,Jeddah,B014,2022-05-10,Gold,1
C03364,Fahad Aldossary,0599003364,fahad.aldossary3364@example.com,Al Jouf,B039,2022-11-04,Gold,1
C03365,Jawaher Alotaibi,0599003365,jawaher.alotaibi3365@example.com,Jeddah,B013,2025-03-30,Classic,1
C03366,Sara Alenezi,0599003366,sara.alenezi3366@example.com,Jeddah,B014,2022-12-13,Gold,1
C03367,Sultan Alqahtani,0599003367,sultan.alqahtani3367@example.com,Qassim,B010,2024-01-28,Classic,0
C03368,Mohammed Alharbi,0599003368,mohammed.alharbi3368@example.com,Dammam,B023,2025-12-12,Gold,1
C03369,Khalid Alamri,0599003369,khalid.alamri3369@example.com,Tabuk,B040,2024-02-20,Classic,1
C03370,Hind Albalawi,0599003370,hind.albalawi3370@example.com,Dhahran,B030,2022-07-31,Classic,0
C03371,Rawan Alfaraj,0599003371,rawan.alfaraj3371@example.com,Jeddah,B017,2026-04-28,Classic,0
C03372,Fahad Alharbi,0599003372,fahad.alharbi3372@example.com,Khamis Mushait,B036,2023-01-23,Classic,1
C03373,Yousef Aldossary,0599003373,yousef.aldossary3373@example.com,Riyadh,B006,2026-04-19,Classic,0
C03374,Mohammed Alotaibi,0599003374,mohammed.alotaibi3374@example.com,Riyadh,B003,2024-02-17,Classic,0
C03375,Rakan Alkhaldi,0599003375,rakan.alkhaldi3375@example.com,Riyadh,B008,2023-10-21,Classic,1
C03376,Sultan Albalawi,0599003376,sultan.albalawi3376@example.com,Abha,B035,2025-10-11,Silver,1
C03377,Noura Aldawsari,0599003377,noura.aldawsari3377@example.com,Tabuk,B040,2023-07-01,Silver,1
C03378,Hessa Alanazi,0599003378,hessa.alanazi3378@example.com,Khamis Mushait,B032,2023-02-26,Silver,1
C03379,Faisal Alsubaie,0599003379,faisal.alsubaie3379@example.com,Riyadh,B006,2021-11-23,Classic,0
C03380,Jawaher Albalawi,0599003380,jawaher.albalawi3380@example.com,Jeddah,B014,2023-01-11,Gold,1
C03381,Maha Alyami,0599003381,maha.alyami3381@example.com,Dhahran,B030,2025-11-28,Classic,0
C03382,Reem Almalki,0599003382,reem.almalki3382@example.com,Najran,B034,2025-10-21,Classic,1
C03383,Rawan Aldossary,0599003383,rawan.aldossary3383@example.com,Riyadh,B005,2025-07-09,Classic,0
C03384,Turki Alqahtani,0599003384,turki.alqahtani3384@example.com,Taif,B020,2025-06-04,Gold,0
C03385,Fahad Alyami,0599003385,fahad.alyami3385@example.com,Abha,B035,2023-07-24,Classic,0
C03386,Sara Aljohani,0599003386,sara.aljohani3386@example.com,Al Jouf,B039,2021-08-02,Classic,1
C03387,Jawaher Aldossary,0599003387,jawaher.aldossary3387@example.com,Najran,B034,2026-03-11,Classic,1
C03388,Atheer Alshammari,0599003388,atheer.alshammari3388@example.com,Khobar,B029,2024-09-19,Silver,1
C03389,Rakan Alenezi,0599003389,rakan.alenezi3389@example.com,Abha,B035,2021-04-13,Platinum,1
C03390,Lama Alnaimi,0599003390,lama.alnaimi3390@example.com,Khobar,B024,2025-09-15,Classic,1
C03391,Ahmed Albalawi,0599003391,ahmed.albalawi3391@example.com,Jeddah,B016,2021-08-07,Silver,1
C03392,Rawan Alshehri,0599003392,rawan.alshehri3392@example.com,Riyadh,B004,2022-08-04,Gold,0
C03393,Turki Alenezi,0599003393,turki.alenezi3393@example.com,Riyadh,B012,2021-12-25,Classic,1
C03394,Khalid Aldossary,0599003394,khalid.aldossary3394@example.com,Al Ahsa,B026,2025-08-28,Classic,1
C03395,Abdullah Alotaibi,0599003395,abdullah.alotaibi3395@example.com,Riyadh,B007,2025-10-31,Classic,0
C03396,Maha Alzahrani,0599003396,maha.alzahrani3396@example.com,Riyadh,B007,2025-08-26,Classic,1
C03397,Rakan Alkhaldi,0599003397,rakan.alkhaldi3397@example.com,Khamis Mushait,B032,2024-05-07,Silver,1
C03398,Ahmed Alqahtani,0599003398,ahmed.alqahtani3398@example.com,Jeddah,B021,2026-03-13,Classic,1
C03399,Yousef Almutairi,0599003399,yousef.almutairi3399@example.com,Najran,B034,2025-02-08,Classic,0
C03400,Haya Alsaeed,0599003400,haya.alsaeed3400@example.com,Qassim,B010,2021-09-26,Classic,1
C03401,Rawan Alzahrani,0599003401,rawan.alzahrani3401@example.com,Riyadh,B007,2025-06-02,Silver,1
C03402,Mohammed Alghamdi,0599003402,mohammed.alghamdi3402@example.com,Najran,B034,2025-11-12,Silver,1
C03403,Hind Alzahrani,0599003403,hind.alzahrani3403@example.com,Riyadh,B007,2023-09-20,Gold,0
C03404,Turki Almalki,0599003404,turki.almalki3404@example.com,Riyadh,B001,2025-07-02,Classic,1
C03405,Lulwa Alsaeed,0599003405,lulwa.alsaeed3405@example.com,Riyadh,B001,2026-01-02,Classic,1
C03406,Hind Alkhaldi,0599003406,hind.alkhaldi3406@example.com,Madinah,B019,2025-11-01,Classic,1
C03407,Hessa Almutairi,0599003407,hessa.almutairi3407@example.com,Qassim,B010,2026-03-11,Gold,0
C03408,Atheer Alsubaie,0599003408,atheer.alsubaie3408@example.com,Najran,B034,2022-12-22,Classic,1
C03409,Saud Alfaraj,0599003409,saud.alfaraj3409@example.com,Jeddah,B017,2023-01-08,Classic,0
C03410,Ghada Alanazi,0599003410,ghada.alanazi3410@example.com,Al Kharj,B011,2021-08-22,Silver,1
C03411,Dana Alghamdi,0599003411,dana.alghamdi3411@example.com,Riyadh,B002,2021-08-04,Classic,1
C03412,Majed Alsubaie,0599003412,majed.alsubaie3412@example.com,Riyadh,B004,2021-12-19,Classic,0
C03413,Dana Alotaibi,0599003413,dana.alotaibi3413@example.com,Riyadh,B005,2025-09-30,Classic,
C03414,Ziyad Alsaeed,0599003414,ziyad.alsaeed3414@example.com,Riyadh,B008,2022-12-24,Gold,0
C03415,Rawan Aljohani,0599003415,rawan.aljohani3415@example.com,Dammam,B023,2026-03-02,Classic,1
C03416,Shahad Aldawsari,0599003416,shahad.aldawsari3416@example.com,Jeddah,B017,2022-10-11,Classic,1
C03417,Rakan Alfaraj,0599003417,rakan.alfaraj3417@example.com,Jeddah,B022,2026-03-08,Classic,1
C03418,Noura Alqahtani,N/A,noura.alqahtani3418@example.com,Riyadh,B002,2025-11-03,Silver,0
C03419,Sara Alenezi,0599003419,sara.alenezi3419@example.com,Jeddah,B014,2026-01-14,Silver,1
C03420,Nasser Albalawi,0599003420,nasser.albalawi3420@example.com,Riyadh,B004,2021-09-01,Classic,1
C03421,Lulwa Aldawsari,0599003421,lulwa.aldawsari3421@example.com,Jubail,B027,2023-12-20,Gold,1
C03422,Abdullah Aldawsari,0599003422,abdullah.aldawsari3422@example.com,Khobar,B029,2023-05-29,Silver,1
C03423,Lama Alanazi,0599003423,lama.alanazi3423@example.com,Al Jouf,B039,2025-09-01,Classic,1
C03424,Jawaher Alamri,0599003424,jawaher.alamri3424@example.com,Riyadh,B004,2022-04-02,Gold,1
C03425,Dana Alnaimi,0599003425,dana.alnaimi3425@example.com,Abha,B035,2023-10-28,Classic,1
C03426,Omar Aldossary,0599003426,omar.aldossary3426@example.com,Qassim,B010,2023-05-16,Silver,1
C03427,Fahad Alyami,0599003427,fahad.alyami3427@example.com,Tabuk,B040,2025-02-02,Silver,
C03428,Hessa Alghamdi,0599003428,hessa.alghamdi3428@example.com,Jeddah,B014,2025-03-15,Silver,
C03429,Turki Alsubaie,0599003429,turki.alsubaie3429@example.com,Taif,B020,2025-04-18,Silver,0
C03430,Saud Alzahrani,0599003430,saud.alzahrani3430@example.com,Riyadh,B009,2025-05-08,Platinum,1
C03431,Faisal Alrashidi,0599003431,faisal.alrashidi3431@example.com,Riyadh,B012,2022-05-06,Platinum,1
C03432,Fahad Alshammari,0599003432,fahad.alshammari3432@example.com,Riyadh,B007,2021-08-12,Gold,1
C03433,Rawan Aljohani,0599003433,rawan.aljohani3433@example.com,Dammam,B023,2022-06-06,Classic,1
C03434,Hind Alyami,0599003434,hind.alyami3434@example.com,Jubail,B027,2026-03-08,Classic,1
C03435,Fahad Alanazi,0599003435,fahad.alanazi3435@example.com,Dhahran,B030,2026-01-22,Classic,0
C03436,Faisal Albalawi,0599003436,faisal.albalawi3436@example.com,Jeddah,B015,2025-10-07,Gold,0
C03437,Turki Alshammari,0599003437,turki.alshammari3437@example.com,Abha,B031,2021-08-17,Classic,1
C03438,Mohammed Alshehri,0599003438,mohammed.alshehri3438@example.com,Riyadh,B005,2025-05-25,Gold,1
C03439,Rakan Alenezi,0599003439,rakan.alenezi3439@example.com,Riyadh,B008,2025-02-26,Classic,0
C03440,Mohammed Alharbi,0599003440,mohammed.alharbi3440@example.com,Jubail,B027,2024-12-12,Classic,0
C03441,Shahad Almutairi,0599003441,shahad.almutairi3441@example.com,Jubail,B027,2023-04-27,Classic,
C03442,Lama Almutairi,0599003442,lama.almutairi3442@example.com,Tabuk,B037,2024-03-23,Classic,1
C03443,Atheer Alzahrani,0599003443,atheer.alzahrani3443@example.com,Jeddah,B014,2021-06-26,Classic,1
C03444,Bandar Alsubaie,0599003444,bandar.alsubaie3444@example.com,Riyadh,B002,2024-03-02,Gold,0
C03445,Fahad Albalawi,0599003445,fahad.albalawi3445@example.com,Qassim,B010,2026-04-22,Silver,0
C03446,Omar Alamri,0599003446,omar.alamri3446@example.com,Khamis Mushait,B032,2025-02-10,Silver,1
C03447,Ziyad Albalawi,0599003447,ziyad.albalawi3447@example.com,Riyadh,B001,2025-01-24,Silver,0
C03448,Lama Alharbi,0599003448,lama.alharbi3448@example.com,Abha,B031,2026-01-19,Classic,1
C03449,Ziyad Alghamdi,0599003449,ziyad.alghamdi3449@example.com,Jeddah,B015,2023-12-28,Classic,1
C03450,Abdullah Alyami,0599003450,abdullah.alyami3450@example.com,Makkah,B018,2023-01-03,Silver,1
C03451,Hind Alshehri,0599003451,hind.alshehri3451@example.com,Jazan,B033,2023-09-24,Gold,1
C03452,Rawan Alzahrani,0599003452,rawan.alzahrani3452@example.com,Al Kharj,B011,2025-03-08,Silver,1
C03453,Yousef Alamri,0599003453,yousef.alamri3453@example.com,Khamis Mushait,B032,2021-09-23,Classic,0
C03454,Rawan Alkhaldi,0599003454,rawan.alkhaldi3454@example.com,Makkah,B018,2024-10-10,Gold,0
C03455,Khalid Alkhaldi,0599003455,khalid.alkhaldi3455@example.com,Khobar,B029,2025-03-21,Classic,1
C03456,Nasser Alnaimi,0599003456,nasser.alnaimi3456@example.com,Riyadh,B005,2021-11-28,Classic,0
C03457,Sultan Aldossary,0599003457,sultan.aldossary3457@example.com,Jeddah,B016,2025-08-31,Classic,1
C03458,Khalid Alanazi,0599003458,khalid.alanazi3458@example.com,Al Ahsa,B026,2025-11-24,Gold,1
C03459,Bandar Alenezi,0599003459,bandar.alenezi3459@example.com,Khobar,B024,2025-10-08,Gold,1
C03460,Saud Albalawi,0599003460,saud.albalawi3460@example.com,Taif,B020,2026-01-09,Classic,0
C03461,Turki Alanazi,0599003461,turki.alanazi3461@example.com,Riyadh,B003,2023-02-22,Gold,1
C03462,Hessa Alyami,0599003462,hessa.alyami3462@example.com,Madinah,B019,2023-12-30,Classic,1
C03463,Ahmed Alyami,0599003463,ahmed.alyami3463@example.com,Khobar,B029,2024-08-03,Platinum,1
C03464,Khalid Alnaimi,0599003464,khalid.alnaimi3464@example.com,Dhahran,B025,2025-01-25,Classic,1
C03465,Abdullah Alshammari,0599003465,abdullah.alshammari3465@example.com,Riyadh,B006,2022-03-18,Silver,1
C03466,Khalid Albalawi,0599003466,khalid.albalawi3466@example.com,Dhahran,B025,2023-04-01,Silver,1
C03467,Fahad Alharbi,0599003467,fahad.alharbi3467@example.com,Al Jouf,B039,2021-03-30,Gold,1
C03468,Lulwa Almalki,0599003468,lulwa.almalki3468@example.com,Najran,B034,2025-01-05,Classic,1
C03469,Lulwa Aldawsari,0599003469,lulwa.aldawsari3469@example.com,Abha,B031,2021-07-05,Classic,1
C03470,Rakan Alnaimi,0599003470,rakan.alnaimi3470@example.com,Jeddah,B021,2021-06-18,Classic,0
C03471,Sara Albalawi,0599003471,sara.albalawi3471@example.com,Riyadh,B005,2025-04-25,Classic,1
C03472,Lama Alshammari,0599003472,lama.alshammari3472@example.com,Riyadh,B005,2021-01-12,Platinum,1
C03473,Ghada Alfaraj,0599003473,ghada.alfaraj3473@example.com,Khobar,B024,2024-04-05,Silver,1
C03474,Maha Albalawi,0599003474,maha.albalawi3474@example.com,Riyadh,B007,2025-05-05,Classic,1
C03475,Fahad Alghamdi,0599003475,fahad.alghamdi3475@example.com,Al Kharj,B011,2025-12-24,Silver,1
C03476,Khalid Aldossary,0599003476,khalid.aldossary3476@example.com,Madinah,B019,2025-02-21,Silver,1
C03477,Nasser Albalawi,0599003477,nasser.albalawi3477@example.com,Riyadh,B001,2025-08-02,Gold,1
C03478,Majed Alotaibi,0599003478,majed.alotaibi3478@example.com,Riyadh,B002,2025-06-09,Classic,1
C03479,Nasser Almalki,0599003479,nasser.almalki3479@example.com,Riyadh,B002,2022-03-24,Gold,0
C03480,Abdullah Aljohani,0599003480,abdullah.aljohani3480@example.com,Al Kharj,B011,2025-01-13,Classic,1
C03481,Rawan Aldawsari,0599003481,rawan.aldawsari3481@example.com,Riyadh,B001,2024-09-24,Classic,1
C03482,Faisal Aldawsari,0599003482,faisal.aldawsari3482@example.com,Dammam,B023,2024-08-18,Silver,1
C03483,Khalid Alhajri,0599003483,khalid.alhajri3483@example.com,Jeddah,B014,2022-09-29,Gold,1
C03484,Amal Alamri,0599003484,amal.alamri3484@example.com,Jubail,B027,2021-06-11,Classic,1
C03485,Sultan Alshehri,0599003485,sultan.alshehri3485@example.com,Riyadh,B008,2025-07-21,Classic,1
C03486,Shahad Alsubaie,0599003486,shahad.alsubaie3486@example.com,Jazan,B033,2026-04-19,Classic,1
C03487,Lama Alyami,0599003487,lama.alyami3487@example.com,Hail,B038,2025-07-27,Classic,1
C03488,Faisal Alshammari,0599003488,faisal.alshammari3488@example.com,Al Ahsa,B026,2025-12-02,Gold,1
C03489,Nasser Alqahtani,0599003489,nasser.alqahtani3489@example.com,Hail,B038,2022-06-04,Classic,1
C03490,Rawan Aldawsari,0599003490,rawan.aldawsari3490@example.com,Makkah,B018,2023-12-07,Classic,0
C03491,Bandar Almalki,0599003491,bandar.almalki3491@example.com,Taif,B020,2023-01-29,Silver,0
C03492,Nasser Alamri,0599003492,nasser.alamri3492@example.com,Jeddah,B013,2026-06-07,Platinum,1
C03493,Amal Almalki,0599003493,amal.almalki3493@example.com,Dhahran,B030,2022-12-27,Classic,1
C03494,Haya Alhajri,0599003494,haya.alhajri3494@example.com,Dammam,B023,2021-01-20,Classic,1
C03495,Ahmed Alzahrani,0599003495,ahmed.alzahrani3495@example.com,Jeddah,B014,2021-05-29,Platinum,1
C03496,Atheer Alnaimi,0599003496,atheer.alnaimi3496@example.com,Al Kharj,B011,2024-08-19,Classic,1
C03497,Ghada Alharbi,0599003497,ghada.alharbi3497@example.com,Jeddah,B017,2024-10-28,Classic,0
C03498,Maha Alsubaie,0599003498,maha.alsubaie3498@example.com,Jeddah,B022,2024-08-15,Classic,0
C03499,Nasser Almutairi,0599003499,nasser.almutairi3499@example.com,Khobar,B024,2024-11-14,Gold,1
C03500,Nasser Alfaraj,0599003500,nasser.alfaraj3500@example.com,Jeddah,B017,2025-03-03,Classic,1
C03501,Majed Alhajri,0599003501,majed.alhajri3501@example.com,Al Kharj,B011,2025-04-25,Classic,1
C03502,Bandar Alsubaie,0599003502,bandar.alsubaie3502@example.com,Riyadh,B001,2026-05-15,Silver,0
C03503,Atheer Alharbi,0599003503,atheer.alharbi3503@example.com,Riyadh,B008,2024-06-16,Classic,
C03504,Sara Alsaeed,0599003504,sara.alsaeed3504@example.com,Jeddah,B017,2024-05-04,Silver,1
C03505,Hessa Alsubaie,0599003505,hessa.alsubaie3505@example.com,Taif,B020,2022-10-06,Platinum,1
C03506,Nasser Alfaraj,0599003506,nasser.alfaraj3506@example.com,Riyadh,B001,2024-10-12,Classic,1
C03507,Bandar Alhajri,0599003507,bandar.alhajri3507@example.com,Khamis Mushait,B036,2024-02-05,Silver,1
C03508,Saud Alqahtani,0599003508,saud.alqahtani3508@example.com,Tabuk,B040,2025-08-27,Silver,1
C03509,Dana Alfaraj,0599003509,dana.alfaraj3509@example.com,Riyadh,B009,2023-12-01,Silver,1
C03510,Yousef Alqahtani,0599003510,yousef.alqahtani3510@example.com,Riyadh,B008,2025-08-22,Classic,1
C03511,Ziyad Alfaraj,0599003511,ziyad.alfaraj3511@example.com,Taif,B020,2024-09-01,Silver,1
C03512,Omar Alsubaie,0599003512,omar.alsubaie3512@example.com,Riyadh,B012,2025-12-04,Silver,1
C03513,Lulwa Almalki,0599003513,lulwa.almalki3513@example.com,Makkah,B018,2025-06-10,Classic,1
C03514,Sultan Alkhaldi,0599003514,sultan.alkhaldi3514@example.com,Riyadh,B008,2022-05-29,Classic,1
C03515,Khalid Alkhaldi,0599003515,khalid.alkhaldi3515@example.com,Madinah,B019,2026-03-10,Classic,1
C03516,Mona Alyami,0599003516,mona.alyami3516@example.com,Jeddah,B022,2024-07-19,Classic,1
C03517,Atheer Almalki,0599003517,atheer.almalki3517@example.com,Riyadh,B003,2024-02-05,Silver,1
C03518,Mohammed Alenezi,0599003518,mohammed.alenezi3518@example.com,Taif,B020,2023-10-03,Classic,1
C03519,Haya Alnaimi,0599003519,haya.alnaimi3519@example.com,Dammam,B023,2025-06-14,Classic,0
C03520,Noura Alfaraj,0599003520,noura.alfaraj3520@example.com,Jeddah,B013,2022-09-08,Classic,1
C03521,Ziyad Alkhaldi,0599003521,ziyad.alkhaldi3521@example.com,Taif,B020,2025-09-19,Silver,1
C03522,Dana Alhajri,0599003522,dana.alhajri3522@example.com,Jazan,B033,2023-03-11,Silver,1
C03523,Omar Alamri,0599003523,omar.alamri3523@example.com,Riyadh,B006,2023-04-17,Classic,1
C03524,Omar Alkhaldi,123456,omar.alkhaldi3524@example.com,Dammam,B028,2022-11-27,Silver,1
C03525,Amal Alamri,0599003525,amal.alamri3525@example.com,Jeddah,B014,2023-07-29,Classic,1
C03526,Nasser Alnaimi,0599003526,nasser.alnaimi3526@example.com,Jubail,B027,2021-02-19,Platinum,1
C03527,Rawan Alshammari,0599003527,rawan.alshammari3527@example.com,Riyadh,B001,2024-07-06,Silver,1
C03528,Atheer Alshammari,0599003528,atheer.alshammari3528@example.com,Qassim,B010,2024-03-20,Silver,1
C03529,Rakan Alghamdi,0599003529,rakan.alghamdi3529@example.com,Riyadh,B007,2024-04-28,Platinum,0
C03530,Turki Alsaeed,0599003530,turki.alsaeed3530@example.com,Tabuk,B040,2024-07-08,Classic,0
C03531,Yousef Alkhaldi,0599003531,yousef.alkhaldi3531@example.com,Al Kharj,B011,2022-10-16,Platinum,1
C03532,Ghada Alshammari,0599003532,ghada.alshammari3532@example.com,Riyadh,B012,2024-01-01,Silver,1
C03533,Hessa Aljohani,0599003533,hessa.aljohani3533@example.com,Khobar,B029,2025-09-24,Classic,1
C03534,Rawan Aldawsari,0599003534,rawan.aldawsari3534@example.com,Al Ahsa,B026,2026-03-29,Classic,0
C03535,Saud Albalawi,0599003535,saud.albalawi3535@example.com,Al Kharj,B011,2026-03-27,Classic,0
C03536,Hind Alshammari,0599003536,hind.alshammari3536@example.com,Riyadh,B003,2023-09-18,Classic,1
C03537,Mona Alghamdi,0599003537,mona.alghamdi3537@example.com,Riyadh,B005,2025-12-05,Platinum,1
C03538,Sara Alhajri,0599003538,sara.alhajri3538@example.com,Riyadh,B004,2022-06-09,Silver,
C03539,Noura Albalawi,0599003539,noura.albalawi3539@example.com,Riyadh,B004,2025-12-23,Classic,1
C03540,Khalid Alotaibi,0599003540,khalid.alotaibi3540@example.com,Jeddah,B016,2025-04-04,Silver,1
C03541,Ahmed Alhajri,0599003541,ahmed.alhajri3541@example.com,Khobar,B024,2024-08-20,Classic,1
C03542,Khalid Alamri,0599003542,khalid.alamri3542@example.com,Khobar,B024,2025-02-17,Silver,0
C03543,Sara Alharbi,0599003543,sara.alharbi3543@example.com,Khobar,B029,2025-08-04,Gold,1
C03544,Ahmed Alotaibi,0599003544,ahmed.alotaibi3544@example.com,Khamis Mushait,B036,2025-11-15,Classic,1
C03545,Noura Alfaraj,0599003545,noura.alfaraj3545@example.com,Khamis Mushait,B036,2025-01-26,Silver,1
C03546,Lulwa Alyami,0599003546,lulwa.alyami3546@example.com,Al Jouf,B039,2024-10-25,Classic,1
C03547,Hind Alamri,0599003547,hind.alamri3547@example.com,Najran,B034,2022-02-20,Platinum,
C03548,Turki Almutairi,0599003548,turki.almutairi3548@example.com,Riyadh,B002,2024-07-29,Silver,1
C03549,Mona Alghamdi,0599003549,mona.alghamdi3549@example.com,Riyadh,B005,2026-04-29,Platinum,1
C03550,Rawan Alqahtani,0599003550,rawan.alqahtani3550@example.com,Dhahran,B025,2023-05-14,Classic,0
C03551,Ahmed Albalawi,0599003551,ahmed.albalawi3551@example.com,Jeddah,B021,2022-05-30,Classic,1
C03552,Yousef Alfaraj,0599003552,yousef.alfaraj3552@example.com,Jubail,B027,2024-12-10,Classic,1
C03553,Bandar Aljohani,0599003553,bandar.aljohani3553@example.com,Jeddah,B014,2025-04-09,Classic,0
C03554,Mohammed Aljohani,0599003554,mohammed.aljohani3554@example.com,Riyadh,B005,2024-05-21,Gold,0
C03555,Sara Alyami,0599003555,sara.alyami3555@example.com,Al Kharj,B011,2024-07-20,Classic,0
C03556,Sara Aldossary,0599003556,sara.aldossary3556@example.com,Al Ahsa,B026,2023-09-25,Classic,1
C03557,Nasser Alenezi,0599003557,nasser.alenezi3557@example.com,Al Kharj,B011,2026-04-15,Gold,1
C03558,Sara Alsaeed,0599003558,sara.alsaeed3558@example.com,Jeddah,B015,2023-03-24,Silver,0
C03559,Turki Alharbi,0599003559,turki.alharbi3559@example.com,Dammam,B023,2026-01-17,Classic,1
C03560,Rawan Alotaibi,0599003560,rawan.alotaibi3560@example.com,Jeddah,B014,2022-08-06,Classic,1
C03561,Ghada Alyami,0599003561,ghada.alyami3561@example.com,Riyadh,B005,2025-08-18,Classic,1
C03562,Mona Alshammari,0599003562,mona.alshammari3562@example.com,Riyadh,B005,2026-06-08,Classic,0
C03563,Khalid Alqahtani,0599003563,khalid.alqahtani3563@example.com,Abha,B035,2025-03-26,Classic,1
C03564,Lulwa Alghamdi,0599003564,lulwa.alghamdi3564@example.com,Jeddah,B013,2022-04-13,Classic,1
C03565,Mohammed Alkhaldi,0599003565,mohammed.alkhaldi3565@example.com,Dhahran,B030,2026-03-17,Classic,0
C03566,Maha Albalawi,0599003566,maha.albalawi3566@example.com,Jeddah,B022,2023-03-09,Classic,1
C03567,Bandar Alenezi,0599003567,bandar.alenezi3567@example.com,Riyadh,B004,2025-10-13,Gold,
C03568,Ziyad Aldawsari,0599003568,ziyad.aldawsari3568@example.com,Dhahran,B025,2021-07-23,Silver,1
C03569,Ghada Alsaeed,0599003569,ghada.alsaeed3569@example.com,Riyadh,B002,2024-12-13,Classic,1
C03570,Rakan Alshehri,0599003570,rakan.alshehri3570@example.com,Madinah,B019,2025-08-20,Classic,1
C03571,Faisal Alghamdi,0599003571,faisal.alghamdi3571@example.com,Dammam,B028,2022-06-02,Classic,
C03572,Shahad Alrashidi,0599003572,shahad.alrashidi3572@example.com,Khobar,B024,2025-09-24,Silver,0
C03573,Noura Almalki,0599003573,noura.almalki3573@example.com,Tabuk,B037,2025-07-16,Classic,0
C03574,Hessa Alenezi,0599003574,hessa.alenezi3574@example.com,Riyadh,B012,2023-02-19,Silver,0
C03575,Khalid Alfaraj,0599003575,khalid.alfaraj3575@example.com,Dhahran,B030,2022-07-10,Gold,0
C03576,Ziyad Alfaraj,0599003576,ziyad.alfaraj3576@example.com,Dhahran,B030,2021-02-19,Classic,1
C03577,Lulwa Alhajri,0599003577,lulwa.alhajri3577@example.com,Hail,B038,2026-03-17,Gold,1
C03578,Nasser Alamri,0599003578,nasser.alamri3578@example.com,Riyadh,B005,2021-05-07,Classic,0
C03579,Bandar Alshehri,0599003579,bandar.alshehri3579@example.com,Dammam,B028,2025-09-04,Silver,1
C03580,Fahad Almalki,0599003580,fahad.almalki3580@example.com,Riyadh,B001,2023-09-02,Classic,1
C03581,Majed Alshehri,0599003581,majed.alshehri3581@example.com,Riyadh,B006,2022-03-15,Classic,1
C03582,Haya Alsaeed,0599003582,haya.alsaeed3582@example.com,Abha,B035,2025-12-18,Classic,1
C03583,Nasser Alshehri,0599003583,nasser.alshehri3583@example.com,Taif,B020,2026-01-19,Classic,1
C03584,Lama Alharbi,0599003584,lama.alharbi3584@example.com,Hail,B038,2025-03-31,Classic,1
C03585,Lama Alshehri,0599003585,lama.alshehri3585@example.com,Jeddah,B016,2022-01-24,Classic,1
C03586,Rawan Aldawsari,0599003586,rawan.aldawsari3586@example.com,Riyadh,B009,2024-11-07,Classic,1
C03587,Omar Alrashidi,0599003587,omar.alrashidi3587@example.com,Riyadh,B008,2023-08-28,Classic,1
C03588,Yousef Alnaimi,0599003588,yousef.alnaimi3588@example.com,Jeddah,B013,2022-09-25,Gold,1
C03589,Abdullah Aljohani,0599003589,abdullah.aljohani3589@example.com,Riyadh,B005,2026-03-08,Silver,1
C03590,Hessa Aljohani,0599003590,hessa.aljohani3590@example.com,Riyadh,B002,2025-06-19,Platinum,1
C03591,Dana Alharbi,0599003591,dana.alharbi3591@example.com,Abha,B035,2025-04-22,Platinum,1
C03592,Atheer Alshehri,0599003592,atheer.alshehri3592@example.com,Tabuk,B040,2026-02-09,Classic,0
C03593,Atheer Almalki,0599003593,atheer.almalki3593@example.com,Jubail,B027,2021-11-02,Silver,1
C03594,Jawaher Alshehri,0599003594,jawaher.alshehri3594@example.com,Riyadh,B009,2026-04-14,Silver,1
C03595,Ahmed Alrashidi,0599003595,ahmed.alrashidi3595@example.com,Riyadh,B006,2023-03-21,Gold,0
C03596,Mohammed Alotaibi,0599003596,mohammed.alotaibi3596@example.com,Jeddah,B021,2024-02-08,Classic,1
C03597,Atheer Alnaimi,0599003597,atheer.alnaimi3597@example.com,Dhahran,B030,2025-11-03,Classic,0
C03598,Yousef Aldossary,0599003598,yousef.aldossary3598@example.com,Jeddah,B017,2024-02-28,Silver,0
C03599,Sara Alnaimi,0599003599,sara.alnaimi3599@example.com,Abha,B031,2025-12-06,Classic,1
C03600,Haya Almutairi,0599003600,haya.almutairi3600@example.com,Tabuk,B037,2021-12-09,Silver,0
C03601,Ahmed Alshehri,0599003601,ahmed.alshehri3601@example.com,Jeddah,B017,2024-12-13,Classic,1
C03602,Turki Alsubaie,0599003602,turki.alsubaie3602@example.com,Riyadh,B012,2025-08-06,Gold,0
C03603,Lulwa Alenezi,0599003603,lulwa.alenezi3603@example.com,Riyadh,B003,2023-08-04,Gold,0
C03604,Reem Alghamdi,966,reem.alghamdi3604@example.com,Riyadh,B006,2022-02-15,Gold,0
C03605,Bandar Aldawsari,0599003605,bandar.aldawsari3605@example.com,Riyadh,B004,2023-12-05,Silver,1
C03606,Rakan Alqahtani,0599003606,rakan.alqahtani3606@example.com,Riyadh,B012,2025-10-16,Classic,1
C03607,Noura Alsubaie,0599003607,noura.alsubaie3607@example.com,Jeddah,B022,2026-01-24,Gold,1
C03608,Maha Alfaraj,0599003608,maha.alfaraj3608@example.com,Al Ahsa,B026,2022-11-27,Silver,1
C03609,Ghada Alotaibi,0599003609,ghada.alotaibi3609@example.com,Tabuk,B037,2023-06-16,Classic,1
C03610,Omar Alsaeed,0599003610,omar.alsaeed3610@example.com,Al Kharj,B011,2025-05-17,Classic,0
C03611,Ahmed Albalawi,0599003611,ahmed.albalawi3611@example.com,Khobar,B029,2021-01-11,Silver,1
C03612,Mohammed Almutairi,0599003612,mohammed.almutairi3612@example.com,Riyadh,B012,2022-06-18,Classic,1
C03613,Saud Alfaraj,0599003613,saud.alfaraj3613@example.com,Tabuk,B040,2026-04-01,Classic,1
C03614,Faisal Alharbi,0599003614,faisal.alharbi3614@example.com,Khamis Mushait,B032,2025-12-10,Silver,0
C03615,Ghada Aljohani,0599003615,ghada.aljohani3615@example.com,Riyadh,B006,2022-04-05,Classic,1
C03616,Omar Alfaraj,0599003616,omar.alfaraj3616@example.com,Riyadh,B005,2021-02-20,Classic,1
C03617,Atheer Alyami,0599003617,atheer.alyami3617@example.com,Hail,B038,2024-12-23,Classic,1
C03618,Shahad Alenezi,0599003618,shahad.alenezi3618@example.com,Riyadh,B001,2023-12-17,Classic,0
C03619,Amal Alyami,0599003619,amal.alyami3619@example.com,Riyadh,B002,2021-07-20,Classic,1
C03620,Faisal Alhajri,0599003620,faisal.alhajri3620@example.com,Riyadh,B007,2026-05-09,Classic,1
C03621,Noura Aldawsari,0599003621,noura.aldawsari3621@example.com,Al Kharj,B011,2024-12-22,Classic,1
C03622,Ahmed Alfaraj,0599003622,ahmed.alfaraj3622@example.com,Hail,B038,2025-06-17,Classic,1
C03623,Ahmed Alzahrani,0599003623,ahmed.alzahrani3623@example.com,Al Ahsa,B026,2025-03-22,Silver,0
C03624,Sultan Alamri,0599003624,sultan.alamri3624@example.com,Al Kharj,B011,2025-02-03,Classic,1
C03625,Shahad Alghamdi,0599003625,shahad.alghamdi3625@example.com,Jeddah,B015,2025-05-03,Classic,1
C03626,Hessa Almutairi,0599003626,hessa.almutairi3626@example.com,Jeddah,B021,2024-02-11,Gold,
C03627,Saud Alsubaie,0599003627,saud.alsubaie3627@example.com,Riyadh,B007,2026-02-21,Silver,1
C03628,Omar Alhajri,0599003628,omar.alhajri3628@example.com,Abha,B031,2021-11-16,Classic,0
C03629,Rakan Alkhaldi,0599003629,rakan.alkhaldi3629@example.com,Khobar,B024,2024-11-17,Gold,1
C03630,Lama Almutairi,0599003630,lama.almutairi3630@example.com,Riyadh,B012,2026-04-30,Classic,1
C03631,Faisal Alenezi,0599003631,faisal.alenezi3631@example.com,Riyadh,B009,2022-04-28,Classic,
C03632,Shahad Aldawsari,0599003632,shahad.aldawsari3632@example.com,Makkah,B018,2021-06-14,Classic,1
C03633,Rakan Alanazi,0599003633,rakan.alanazi3633@example.com,Taif,B020,2023-07-08,Classic,1
C03634,Haya Alamri,0599003634,haya.alamri3634@example.com,Qassim,B010,2025-02-25,Silver,1
C03635,Hessa Alqahtani,0599003635,hessa.alqahtani3635@example.com,Jeddah,B016,2026-02-06,Classic,0
C03636,Hessa Alshehri,0599003636,hessa.alshehri3636@example.com,Al Kharj,B011,2021-10-23,Classic,0
C03637,Ahmed Alsubaie,0599003637,ahmed.alsubaie3637@example.com,Jeddah,B013,2026-04-18,Classic,1
C03638,Rakan Alrashidi,0599003638,rakan.alrashidi3638@example.com,Riyadh,B004,2024-03-03,Classic,0
C03639,Faisal Alshehri,0599003639,faisal.alshehri3639@example.com,Jeddah,B017,2024-08-07,Classic,1
C03640,Atheer Alsaeed,0599003640,atheer.alsaeed3640@example.com,Taif,B020,2022-07-11,Gold,0
C03641,Ziyad Alotaibi,0599003641,ziyad.alotaibi3641@example.com,Jazan,B033,2021-12-13,Silver,0
C03642,Amal Alnaimi,0599003642,amal.alnaimi3642@example.com,Jazan,B033,2023-07-31,Silver,0
C03643,Mona Alharbi,0599003643,mona.alharbi3643@example.com,Riyadh,B008,2021-07-27,Classic,1
C03644,Mohammed Alfaraj,0599003644,mohammed.alfaraj3644@example.com,Riyadh,B002,2025-03-18,Silver,1
C03645,Maha Alhajri,0599003645,maha.alhajri3645@example.com,Jazan,B033,2026-02-26,Gold,1
C03646,Shahad Almalki,0599003646,shahad.almalki3646@example.com,Tabuk,B037,2021-06-11,Classic,
C03647,Khalid Almutairi,0599003647,khalid.almutairi3647@example.com,Jeddah,B016,2021-05-08,Platinum,1
C03648,Hessa Alharbi,0599003648,hessa.alharbi3648@example.com,Jeddah,B022,2021-11-10,Classic,1
C03649,Turki Alamri,0599003649,turki.alamri3649@example.com,Dhahran,B025,2022-04-16,Gold,0
C03650,Yousef Alamri,0599003650,yousef.alamri3650@example.com,Al Jouf,B039,2026-03-29,Classic,1
C03651,Atheer Aljohani,0599003651,atheer.aljohani3651@example.com,Qassim,B010,2025-10-09,Classic,1
C03652,Mona Alsubaie,0599003652,mona.alsubaie3652@example.com,Jeddah,B021,2025-05-13,Classic,0
C03653,Noura Alsubaie,0599003653,noura.alsubaie3653@example.com,Dhahran,B030,2025-10-26,Silver,1
C03654,Omar Alsubaie,0599003654,omar.alsubaie3654@example.com,Dammam,B028,2025-05-11,Silver,0
C03655,Hind Alghamdi,0599003655,hind.alghamdi3655@example.com,Khobar,B024,2025-04-29,Classic,1
C03656,Hind Alsubaie,0599003656,hind.alsubaie3656@example.com,Abha,B035,2025-08-10,Silver,1
C03657,Atheer Alshammari,0599003657,atheer.alshammari3657@example.com,Riyadh,B004,2024-04-19,Platinum,
C03658,Lulwa Alqahtani,0599003658,lulwa.alqahtani3658@example.com,Abha,B035,2022-11-12,Classic,
C03659,Hind Alsaeed,0599003659,hind.alsaeed3659@example.com,Riyadh,B002,2025-03-31,Silver,1
C03660,Rawan Alharbi,0599003660,rawan.alharbi3660@example.com,Jeddah,B014,2024-10-23,Classic,1
C03661,Dana Alsaeed,0599003661,dana.alsaeed3661@example.com,Riyadh,B008,2022-06-15,Classic,0
C03662,Saud Aldawsari,0599003662,saud.aldawsari3662@example.com,Khobar,B029,2026-01-12,Classic,1
C03663,Khalid Alsubaie,0599003663,khalid.alsubaie3663@example.com,Khamis Mushait,B032,2023-09-30,Classic,0
C03664,Hind Alhajri,0599003664,hind.alhajri3664@example.com,Najran,B034,2022-07-13,Classic,0
C03665,Ali Alotaibi,0599003665,ali.alotaibi3665@example.com,Riyadh,B005,2022-02-27,Silver,1
C03666,Fahad Alfaraj,0599003666,fahad.alfaraj3666@example.com,Riyadh,B006,2025-10-25,Classic,1
C03667,Dana Aljohani,0599003667,dana.aljohani3667@example.com,Dammam,B023,2023-09-21,Gold,1
C03668,Hind Almalki,0599003668,hind.almalki3668@example.com,Abha,B031,2022-08-26,Classic,0
C03669,Maha Almalki,0599003669,maha.almalki3669@example.com,Hail,B038,2022-11-25,Classic,1
C03670,Hessa Alshammari,0599003670,hessa.alshammari3670@example.com,Taif,B020,2025-01-08,Classic,1
C03671,Noura Alnaimi,0599003671,noura.alnaimi3671@example.com,Riyadh,B002,2024-03-12,Classic,1
C03672,Nasser Alotaibi,0599003672,nasser.alotaibi3672@example.com,Jeddah,B016,2021-08-12,Classic,1
C03673,Mona Alrashidi,0599003673,mona.alrashidi3673@example.com,Dhahran,B030,2025-12-20,Classic,1
C03674,Rakan Alsubaie,0599003674,rakan.alsubaie3674@example.com,Taif,B020,2021-12-04,Classic,0
C03675,Shahad Alharbi,0599003675,shahad.alharbi3675@example.com,Jubail,B027,2026-03-24,Classic,
C03676,Hessa Aldossary,0599003676,hessa.aldossary3676@example.com,Khamis Mushait,B032,2022-03-31,Gold,0
C03677,Maha Aldossary,0599003677,maha.aldossary3677@example.com,Jeddah,B015,2023-08-18,Classic,1
C03678,Majed Alnaimi,0599003678,majed.alnaimi3678@example.com,Riyadh,B012,2026-03-01,Classic,0
C03679,Sara Alshehri,0599003679,sara.alshehri3679@example.com,Jeddah,B017,2023-07-13,Classic,0
C03680,Reem Alamri,0599003680,reem.alamri3680@example.com,Jeddah,B022,2021-12-07,Classic,1
C03681,Amal Alshehri,0599003681,amal.alshehri3681@example.com,Dammam,B028,2022-03-28,Classic,1
C03682,Ali Alqahtani,0599003682,ali.alqahtani3682@example.com,Jeddah,B021,2025-08-19,Silver,1
C03683,Atheer Aldawsari,0599003683,atheer.aldawsari3683@example.com,Riyadh,B012,2023-01-27,Classic,1
C03684,Noura Alotaibi,0599003684,noura.alotaibi3684@example.com,Abha,B035,2023-07-19,Classic,0
C03685,Ghada Aldossary,0599003685,ghada.aldossary3685@example.com,Al Jouf,B039,2025-08-10,Gold,1
C03686,Nasser Alsubaie,0599003686,nasser.alsubaie3686@example.com,Riyadh,B012,2024-12-08,Classic,0
C03687,Hessa Alshehri,0599003687,hessa.alshehri3687@example.com,Al Kharj,B011,2025-04-26,Classic,1
C03688,Dana Alghamdi,0599003688,dana.alghamdi3688@example.com,Jeddah,B015,2023-04-12,Silver,1
C03689,Fahad Aldawsari,0599003689,fahad.aldawsari3689@example.com,Jeddah,B016,2024-07-12,Classic,1
C03690,Hessa Aljohani,0599003690,hessa.aljohani3690@example.com,Khamis Mushait,B032,2021-12-28,Classic,1
C03691,Turki Alsubaie,0599003691,turki.alsubaie3691@example.com,Dhahran,B025,2022-01-27,Classic,1
C03692,Lulwa Almalki,05X1234567,lulwa.almalki3692@example.com,Jeddah,B016,2021-02-15,Platinum,1
C03693,Rawan Alshehri,0599003693,rawan.alshehri3693@example.com,Makkah,B018,2026-01-10,Gold,0
C03694,Noura Aldossary,0599003694,noura.aldossary3694@example.com,Qassim,B010,2025-03-14,Classic,1
C03695,Amal Alotaibi,0599003695,amal.alotaibi3695@example.com,Jubail,B027,2023-05-07,Gold,0
C03696,Yousef Alenezi,0599003696,yousef.alenezi3696@example.com,Riyadh,B007,2024-12-22,Silver,1
C03697,Majed Alshehri,0599003697,majed.alshehri3697@example.com,Riyadh,B008,2024-01-27,Classic,0
C03698,Nasser Aldawsari,0599003698,nasser.aldawsari3698@example.com,Jeddah,B017,2023-01-21,Classic,0
C03699,Dana Alrashidi,0599003699,dana.alrashidi3699@example.com,Jazan,B033,2025-01-18,Platinum,0
C03700,Ghada Alkhaldi,0599003700,ghada.alkhaldi3700@example.com,Riyadh,B004,2026-04-18,Classic,1
C03701,Rakan Almalki,0599003701,rakan.almalki3701@example.com,Jeddah,B022,2026-05-11,Silver,0
C03702,Mohammed Alzahrani,0599003702,mohammed.alzahrani3702@example.com,Abha,B035,2025-07-07,Gold,0
C03703,Sara Alshehri,0599003703,sara.alshehri3703@example.com,Dhahran,B025,2025-05-27,Silver,1
C03704,Khalid Alotaibi,N/A,khalid.alotaibi3704@example.com,Riyadh,B012,2022-10-15,Classic,1
C03705,Ali Albalawi,0599003705,ali.albalawi3705@example.com,Riyadh,B001,2023-06-01,Classic,0
C03706,Sara Alkhaldi,0599003706,sara.alkhaldi3706@example.com,Jeddah,B022,2021-08-27,Silver,0
C03707,Amal Aldawsari,0599003707,amal.aldawsari3707@example.com,Riyadh,B006,2026-04-10,Gold,0
C03708,Amal Alshammari,0599003708,amal.alshammari3708@example.com,Dhahran,B030,2025-09-12,Classic,1
C03709,Nasser Alanazi,0599003709,nasser.alanazi3709@example.com,Abha,B035,2021-01-20,Gold,1
C03710,Shahad Almutairi,0599003710,shahad.almutairi3710@example.com,Riyadh,B008,2025-12-24,Platinum,1
C03711,Khalid Alshammari,0599003711,khalid.alshammari3711@example.com,Dammam,B023,2025-01-20,Classic,0
C03712,Khalid Alenezi,0599003712,khalid.alenezi3712@example.com,Najran,B034,2025-07-21,Classic,1
C03713,Ali Alenezi,0599003713,ali.alenezi3713@example.com,Abha,B031,2024-06-28,Classic,1
C03714,Atheer Alyami,0599003714,atheer.alyami3714@example.com,Jubail,B027,2023-09-11,Classic,
C03715,Rakan Almalki,0599003715,rakan.almalki3715@example.com,Riyadh,B005,2024-02-05,Classic,1
C03716,Khalid Alzahrani,0599003716,khalid.alzahrani3716@example.com,Dhahran,B025,2022-01-14,Silver,0
C03717,Mona Alyami,0599003717,mona.alyami3717@example.com,Riyadh,B007,2026-05-14,Classic,1
C03718,Rawan Alnaimi,0599003718,rawan.alnaimi3718@example.com,Riyadh,B012,2026-05-16,Classic,1
C03719,Yousef Alshammari,0599003719,yousef.alshammari3719@example.com,Jeddah,B013,2026-05-03,Gold,0
C03720,Atheer Alzahrani,0599003720,atheer.alzahrani3720@example.com,Jeddah,B015,2022-05-18,Classic,1
C03721,Fahad Alrashidi,0599003721,fahad.alrashidi3721@example.com,Al Kharj,B011,2022-03-18,Classic,1
C03722,Sara Alotaibi,0599003722,sara.alotaibi3722@example.com,Khobar,B029,2024-02-05,Silver,1
C03723,Faisal Aldossary,0599003723,faisal.aldossary3723@example.com,Jeddah,B013,2023-04-01,Silver,1
C03724,Mohammed Alanazi,0599003724,mohammed.alanazi3724@example.com,Dhahran,B025,2025-01-10,Classic,1
C03725,Ahmed Alenezi,0599003725,ahmed.alenezi3725@example.com,Riyadh,B005,2025-07-29,Silver,1
C03726,Saud Alfaraj,0599003726,saud.alfaraj3726@example.com,Abha,B035,2025-04-18,Gold,1
C03727,Lulwa Alkhaldi,0599003727,lulwa.alkhaldi3727@example.com,Riyadh,B009,2024-12-20,Gold,1
C03728,Majed Alghamdi,0599003728,majed.alghamdi3728@example.com,Al Jouf,B039,2023-01-10,Classic,1
C03729,Turki Alzahrani,0599003729,turki.alzahrani3729@example.com,Al Kharj,B011,2025-01-23,Classic,1
C03730,Maha Almalki,0599003730,maha.almalki3730@example.com,Riyadh,B003,2024-08-10,Classic,
C03731,Khalid Alfaraj,0599003731,khalid.alfaraj3731@example.com,Riyadh,B006,2026-02-15,Silver,0
C03732,Fahad Alqahtani,5512345678,fahad.alqahtani3732@example.com,Qassim,B010,2026-06-02,Gold,0
C03733,Maha Alrashidi,0599003733,maha.alrashidi3733@example.com,Riyadh,B006,2024-07-21,Classic,1
C03734,Omar Alsubaie,0599003734,omar.alsubaie3734@example.com,Al Ahsa,B026,2026-04-02,Silver,1
C03735,Turki Alharbi,0599003735,turki.alharbi3735@example.com,Al Ahsa,B026,2024-04-05,Silver,0
C03736,Ahmed Alharbi,0599003736,ahmed.alharbi3736@example.com,Jeddah,B013,2022-10-14,Classic,1
C03737,Haya Alrashidi,0599003737,haya.alrashidi3737@example.com,Tabuk,B037,2022-12-13,Platinum,1
C03738,Khalid Alenezi,0599003738,khalid.alenezi3738@example.com,Jeddah,B014,2025-11-26,Classic,1
C03739,Nasser Alfaraj,0599003739,nasser.alfaraj3739@example.com,Al Ahsa,B026,2025-05-01,Silver,1
C03740,Ahmed Alzahrani,0599003740,ahmed.alzahrani3740@example.com,Riyadh,B006,2026-03-04,Silver,0
C03741,Mona Alshehri,0599003741,mona.alshehri3741@example.com,Al Ahsa,B026,2025-06-30,Classic,0
C03742,Maha Almalki,0599003742,maha.almalki3742@example.com,Qassim,B010,2025-01-06,Gold,0
C03743,Faisal Alanazi,0599003743,faisal.alanazi3743@example.com,Riyadh,B007,2024-02-25,Silver,1
C03744,Hessa Alanazi,0599003744,hessa.alanazi3744@example.com,Khobar,B024,2025-09-02,Silver,1
C03745,Ali Alghamdi,0599003745,ali.alghamdi3745@example.com,Riyadh,B004,2021-04-11,Classic,1
C03746,Saud Alshehri,0599003746,saud.alshehri3746@example.com,Riyadh,B003,2025-01-14,Classic,1
C03747,Noura Alanazi,0599003747,noura.alanazi3747@example.com,Riyadh,B012,2021-08-11,Silver,1
C03748,Ali Alkhaldi,0599003748,ali.alkhaldi3748@example.com,Khobar,B029,2025-07-05,Silver,1
C03749,Sara Alqahtani,0599003749,sara.alqahtani3749@example.com,Al Ahsa,B026,2025-02-22,Classic,1
C03750,Khalid Alamri,0599003750,khalid.alamri3750@example.com,Khamis Mushait,B032,2026-01-01,Silver,1
C03751,Maha Alghamdi,0599003751,maha.alghamdi3751@example.com,Dhahran,B030,2025-03-31,Classic,0
C03752,Sara Alshehri,0599003752,sara.alshehri3752@example.com,Riyadh,B005,2022-12-25,Silver,1
C03753,Nasser Alqahtani,0599003753,nasser.alqahtani3753@example.com,Al Ahsa,B026,2021-11-30,Classic,1
C03754,Sara Alghamdi,0599003754,sara.alghamdi3754@example.com,Riyadh,B003,2021-11-19,Silver,0
C03755,Shahad Alotaibi,0599003755,shahad.alotaibi3755@example.com,Jeddah,B015,2022-02-05,Classic,0
C03756,Faisal Aljohani,0599003756,faisal.aljohani3756@example.com,Jeddah,B022,2025-01-29,Classic,1
C03757,Ahmed Almutairi,0599003757,ahmed.almutairi3757@example.com,Jeddah,B016,2025-01-22,Gold,0
C03758,Turki Alshammari,0599003758,turki.alshammari3758@example.com,Riyadh,B001,2024-04-19,Gold,1
C03759,Mohammed Alotaibi,0599003759,mohammed.alotaibi3759@example.com,Jeddah,B015,2026-01-04,Classic,1
C03760,Fahad Alsubaie,0599003760,fahad.alsubaie3760@example.com,Jazan,B033,2021-05-20,Platinum,1
C03761,Hind Almalki,0599003761,hind.almalki3761@example.com,Hail,B038,2021-07-04,Platinum,1
C03762,Sara Almutairi,0599003762,sara.almutairi3762@example.com,Madinah,B019,2025-03-01,Silver,0
C03763,Dana Alharbi,0599003763,dana.alharbi3763@example.com,Riyadh,B006,2025-08-07,Classic,1
C03764,Abdullah Alshehri,0599003764,abdullah.alshehri3764@example.com,Makkah,B018,2022-05-03,Classic,0
C03765,Mohammed Aldawsari,0599003765,mohammed.aldawsari3765@example.com,Riyadh,B004,2022-05-16,Classic,1
C03766,Mona Aljohani,0599003766,mona.aljohani3766@example.com,Qassim,B010,2025-11-10,Classic,1
C03767,Lama Alamri,0599003767,lama.alamri3767@example.com,Riyadh,B005,2021-06-08,Platinum,1
C03768,Ahmed Alyami,0599003768,ahmed.alyami3768@example.com,Khamis Mushait,B036,2024-12-23,Classic,1
C03769,Amal Albalawi,0599003769,amal.albalawi3769@example.com,Dammam,B028,2022-06-08,Classic,1
C03770,Shahad Alanazi,0599003770,shahad.alanazi3770@example.com,Hail,B038,2025-07-11,Silver,1
C03771,Maha Alfaraj,0599003771,maha.alfaraj3771@example.com,Makkah,B018,2025-12-01,Platinum,1
C03772,Sultan Almutairi,0599003772,sultan.almutairi3772@example.com,Abha,B031,2026-05-09,Silver,1
C03773,Hind Alnaimi,0599003773,hind.alnaimi3773@example.com,Taif,B020,2025-07-05,Classic,1
C03774,Haya Almutairi,0599003774,haya.almutairi3774@example.com,Jeddah,B013,2025-08-29,Silver,1
C03775,Atheer Alhajri,0599003775,atheer.alhajri3775@example.com,Riyadh,B005,2026-05-26,Silver,0
C03776,Shahad Alnaimi,0599003776,shahad.alnaimi3776@example.com,Riyadh,B012,2025-03-12,Classic,0
C03777,Mohammed Aldawsari,0599003777,mohammed.aldawsari3777@example.com,Riyadh,B007,2023-08-23,Classic,
C03778,Hessa Alamri,0599003778,hessa.alamri3778@example.com,Riyadh,B008,2022-09-11,Classic,1
C03779,Ghada Alanazi,0599003779,ghada.alanazi3779@example.com,Khamis Mushait,B032,2025-04-30,Classic,
C03780,Abdullah Alrashidi,0599003780,abdullah.alrashidi3780@example.com,Riyadh,B004,2021-01-20,Classic,1
C03781,Majed Alshammari,0599003781,majed.alshammari3781@example.com,Dhahran,B030,2023-03-04,Classic,1
C03782,Ghada Alanazi,0599003782,ghada.alanazi3782@example.com,Abha,B031,2022-07-12,Classic,0
C03783,Yousef Alotaibi,0599003783,yousef.alotaibi3783@example.com,Al Kharj,B011,2021-01-31,Classic,1
C03784,Shahad Alfaraj,123456,shahad.alfaraj3784@example.com,Jeddah,B015,2025-08-03,Classic,1
C03785,Haya Alamri,0599003785,haya.alamri3785@example.com,Riyadh,B001,2025-04-04,Silver,0
C03786,Noura Alqahtani,0599003786,noura.alqahtani3786@example.com,Makkah,B018,2023-05-23,Classic,1
C03787,Majed Alenezi,0599003787,majed.alenezi3787@example.com,Al Ahsa,B026,2022-03-12,Classic,1
C03788,Noura Almutairi,0599003788,noura.almutairi3788@example.com,Dhahran,B025,2021-07-07,Gold,1
C03789,Haya Alshammari,0599003789,haya.alshammari3789@example.com,Jazan,B033,2023-11-07,Classic,1
C03790,Atheer Alfaraj,0599003790,atheer.alfaraj3790@example.com,Dhahran,B030,2023-09-25,Silver,1
C03791,Lulwa Alshammari,0599003791,lulwa.alshammari3791@example.com,Riyadh,B007,2026-02-03,Silver,0
C03792,Khalid Alanazi,0599003792,khalid.alanazi3792@example.com,Al Jouf,B039,2026-05-29,Classic,1
C03793,Jawaher Alfaraj,0599003793,jawaher.alfaraj3793@example.com,Taif,B020,2021-06-21,Silver,1
C03794,Jawaher Alnaimi,0599003794,jawaher.alnaimi3794@example.com,Riyadh,B008,2021-06-04,Gold,0
C03795,Noura Alkhaldi,0599003795,noura.alkhaldi3795@example.com,Jeddah,B014,2024-01-26,Silver,1
C03796,Lulwa Alshammari,0599003796,lulwa.alshammari3796@example.com,Taif,B020,2026-03-25,Gold,1
C03797,Abdullah Alsaeed,0599003797,abdullah.alsaeed3797@example.com,Tabuk,B040,2026-03-16,Classic,0
C03798,Noura Alqahtani,0599003798,noura.alqahtani3798@example.com,Riyadh,B007,2022-06-21,Silver,1
C03799,Hessa Alqahtani,0599003799,hessa.alqahtani3799@example.com,Jeddah,B014,2026-02-23,Classic,1
C03800,Fahad Alsaeed,0599003800,fahad.alsaeed3800@example.com,Jazan,B033,2021-08-22,Classic,1
C03801,Haya Aljohani,0599003801,haya.aljohani3801@example.com,Al Jouf,B039,2023-06-16,Classic,0
C03802,Turki Albalawi,0599003802,turki.albalawi3802@example.com,Riyadh,B009,2026-04-05,Silver,
C03803,Fahad Alshammari,0599003803,fahad.alshammari3803@example.com,Qassim,B010,2025-07-08,Classic,0
C03804,Rawan Aldawsari,0599003804,rawan.aldawsari3804@example.com,Khobar,B029,2025-03-08,Classic,1
C03805,Jawaher Alanazi,0599003805,jawaher.alanazi3805@example.com,Riyadh,B007,2026-02-06,Classic,1
C03806,Hind Alkhaldi,0599003806,hind.alkhaldi3806@example.com,Madinah,B019,2025-10-29,Classic,1
C03807,Rakan Alsaeed,0599003807,rakan.alsaeed3807@example.com,Jeddah,B014,2021-09-21,Classic,1
C03808,Abdullah Alshammari,0599003808,abdullah.alshammari3808@example.com,Tabuk,B040,2025-01-15,Gold,1
C03809,Jawaher Alnaimi,0599003809,jawaher.alnaimi3809@example.com,Khamis Mushait,B032,2026-01-10,Silver,0
C03810,Ahmed Albalawi,0599003810,ahmed.albalawi3810@example.com,Taif,B020,2025-01-04,Gold,1
C03811,Majed Alzahrani,0599003811,majed.alzahrani3811@example.com,Tabuk,B040,2025-07-02,Classic,0
C03812,Faisal Alghamdi,0599003812,faisal.alghamdi3812@example.com,Riyadh,B004,2026-04-08,Classic,0
C03813,Atheer Alfaraj,0599003813,atheer.alfaraj3813@example.com,Dammam,B028,2026-02-04,Platinum,0
C03814,Maha Aldossary,0599003814,maha.aldossary3814@example.com,Madinah,B019,2025-01-02,Silver,1
C03815,Reem Alsaeed,0599003815,reem.alsaeed3815@example.com,Riyadh,B006,2026-06-04,Classic,1
C03816,Mona Alhajri,0599003816,mona.alhajri3816@example.com,Riyadh,B012,2024-09-14,Classic,1
C03817,Ziyad Alenezi,0599003817,ziyad.alenezi3817@example.com,Riyadh,B007,2024-02-17,Silver,1
C03818,Ahmed Aldossary,0599003818,ahmed.aldossary3818@example.com,Jubail,B027,2022-04-04,Classic,1
C03819,Lulwa Alharbi,0599003819,lulwa.alharbi3819@example.com,Al Kharj,B011,2024-12-02,Gold,1
C03820,Yousef Alsaeed,0599003820,yousef.alsaeed3820@example.com,Tabuk,B040,2026-01-25,Classic,1
C03821,Dana Alenezi,0599003821,dana.alenezi3821@example.com,Dammam,B023,2025-03-11,Classic,1
C03822,Atheer Alqahtani,0599003822,atheer.alqahtani3822@example.com,Riyadh,B001,2026-04-18,Classic,1
C03823,Abdullah Alamri,0599003823,abdullah.alamri3823@example.com,Al Kharj,B011,2024-01-04,Classic,0
C03824,Yousef Almutairi,0599003824,yousef.almutairi3824@example.com,Abha,B031,2024-08-14,Classic,1
C03825,Lulwa Almutairi,0599003825,lulwa.almutairi3825@example.com,Khobar,B024,2026-02-08,Classic,1
C03826,Nasser Alharbi,0599003826,nasser.alharbi3826@example.com,Khobar,B024,2026-03-07,Silver,0
C03827,Saud Almutairi,0599003827,saud.almutairi3827@example.com,Riyadh,B005,2025-03-12,Silver,
C03828,Amal Alanazi,0599003828,amal.alanazi3828@example.com,Riyadh,B009,2024-06-13,Silver,0
C03829,Fahad Alqahtani,0599003829,fahad.alqahtani3829@example.com,Al Jouf,B039,2022-01-16,Classic,0
C03830,Ghada Albalawi,0599003830,ghada.albalawi3830@example.com,Riyadh,B007,2025-06-24,Classic,0
C03831,Noura Almutairi,0599003831,noura.almutairi3831@example.com,Khobar,B024,2021-09-18,Silver,1
C03832,Mona Albalawi,0599003832,mona.albalawi3832@example.com,Jeddah,B014,2024-01-27,Gold,1
C03833,Hind Alkhaldi,0599003833,hind.alkhaldi3833@example.com,Riyadh,B001,2021-06-12,Gold,0
C03834,Saud Alotaibi,0599003834,saud.alotaibi3834@example.com,Riyadh,B007,2022-04-01,Gold,1
C03835,Abdullah Alyami,0599003835,abdullah.alyami3835@example.com,Khobar,B024,2025-12-09,Platinum,1
C03836,Haya Alenezi,0599003836,haya.alenezi3836@example.com,Riyadh,B001,2023-10-04,Classic,0
C03837,Ziyad Alghamdi,0599003837,ziyad.alghamdi3837@example.com,Jeddah,B014,2021-10-18,Gold,1
C03838,Ali Alghamdi,0599003838,ali.alghamdi3838@example.com,Dammam,B023,2023-04-23,Gold,1
C03839,Sultan Alyami,0599003839,sultan.alyami3839@example.com,Jeddah,B014,2025-07-22,Classic,1
C03840,Yousef Aldossary,0599003840,yousef.aldossary3840@example.com,Riyadh,B012,2022-05-17,Platinum,0
C03841,Saud Alharbi,0599003841,saud.alharbi3841@example.com,Riyadh,B005,2024-04-06,Platinum,1
C03842,Shahad Aljohani,0599003842,shahad.aljohani3842@example.com,Dammam,B028,2023-09-22,Silver,
C03843,Ahmed Alrashidi,0599003843,ahmed.alrashidi3843@example.com,Al Kharj,B011,2024-08-31,Silver,0
C03844,Mohammed Alshehri,0599003844,mohammed.alshehri3844@example.com,Riyadh,B006,2023-11-17,Classic,1
C03845,Jawaher Almalki,0599003845,jawaher.almalki3845@example.com,Dhahran,B025,2024-03-16,Classic,1
C03846,Bandar Alnaimi,0599003846,bandar.alnaimi3846@example.com,Al Ahsa,B026,2022-02-19,Classic,1
C03847,Rawan Aldossary,0599003847,rawan.aldossary3847@example.com,Al Ahsa,B026,2025-01-22,Classic,1
C03848,Mohammed Alghamdi,0599003848,mohammed.alghamdi3848@example.com,Jeddah,B013,2025-10-27,Classic,0
C03849,Mona Alqahtani,0599003849,mona.alqahtani3849@example.com,Riyadh,B006,2023-02-08,Classic,1
C03850,Ali Alyami,0599003850,ali.alyami3850@example.com,Najran,B034,2025-10-17,Classic,1
C03851,Bandar Albalawi,0599003851,bandar.albalawi3851@example.com,Riyadh,B008,2021-12-04,Classic,1
C03852,Reem Alkhaldi,0599003852,reem.alkhaldi3852@example.com,Riyadh,B012,2022-03-07,Gold,1
C03853,Ziyad Alqahtani,0599003853,ziyad.alqahtani3853@example.com,Riyadh,B006,2024-03-01,Classic,0
C03854,Sultan Alfaraj,0599003854,sultan.alfaraj3854@example.com,Riyadh,B001,2025-02-21,Classic,1
C03855,Mohammed Alenezi,0599003855,mohammed.alenezi3855@example.com,Madinah,B019,2025-12-18,Classic,1
C03856,Maha Alzahrani,966,maha.alzahrani3856@example.com,Al Jouf,B039,2024-01-09,Classic,1
C03857,Saud Alsubaie,0599003857,saud.alsubaie3857@example.com,Hail,B038,2024-06-05,Silver,1
C03858,Reem Alenezi,0599003858,reem.alenezi3858@example.com,Tabuk,B040,2024-02-20,Gold,1
C03859,Ahmed Alhajri,0599003859,ahmed.alhajri3859@example.com,Al Kharj,B011,2023-01-02,Classic,0
C03860,Bandar Almutairi,0599003860,bandar.almutairi3860@example.com,Riyadh,B001,2025-09-23,Gold,1
C03861,Amal Alshehri,0599003861,amal.alshehri3861@example.com,Jazan,B033,2024-06-16,Gold,1
C03862,Jawaher Alhajri,0599003862,jawaher.alhajri3862@example.com,Jeddah,B013,2023-09-02,Silver,0
C03863,Atheer Aldawsari,0599003863,atheer.aldawsari3863@example.com,Abha,B031,2025-10-30,Classic,1
C03864,Sultan Aldossary,0599003864,sultan.aldossary3864@example.com,Jeddah,B013,2026-05-23,Classic,1
C03865,Reem Alghamdi,0599003865,reem.alghamdi3865@example.com,Dhahran,B025,2023-11-11,Classic,0
C03866,Noura Alamri,0599003866,noura.alamri3866@example.com,Al Kharj,B011,2023-06-16,Classic,1
C03867,Shahad Alkhaldi,0599003867,shahad.alkhaldi3867@example.com,Jeddah,B015,2024-09-25,Classic,1
C03868,Ahmed Aljohani,0599003868,ahmed.aljohani3868@example.com,Al Ahsa,B026,2026-01-02,Classic,0
C03869,Sultan Almalki,0599003869,sultan.almalki3869@example.com,Al Ahsa,B026,2021-04-19,Silver,1
C03870,Shahad Alharbi,0599003870,shahad.alharbi3870@example.com,Madinah,B019,2024-07-03,Classic,1
C03871,Amal Alnaimi,0599003871,amal.alnaimi3871@example.com,Riyadh,B008,2022-07-03,Classic,1
C03872,Nasser Alyami,0599003872,nasser.alyami3872@example.com,Makkah,B018,2026-03-05,Classic,1
C03873,Haya Alshehri,0599003873,haya.alshehri3873@example.com,Najran,B034,2021-12-26,Classic,1
C03874,Nasser Alfaraj,0599003874,nasser.alfaraj3874@example.com,Dhahran,B025,2023-02-28,Classic,1
C03875,Khalid Alamri,0599003875,khalid.alamri3875@example.com,Najran,B034,2025-05-14,Classic,1
C03876,Khalid Alsubaie,0599003876,khalid.alsubaie3876@example.com,Jeddah,B016,2024-08-10,Silver,1
C03877,Mohammed Alnaimi,0599003877,mohammed.alnaimi3877@example.com,Jeddah,B015,2022-04-25,Silver,1
C03878,Jawaher Alhajri,0599003878,jawaher.alhajri3878@example.com,Jeddah,B014,2025-01-07,Silver,0
C03879,Dana Aldossary,0599003879,dana.aldossary3879@example.com,Riyadh,B003,2025-04-10,Platinum,1
C03880,Noura Almutairi,0599003880,noura.almutairi3880@example.com,Madinah,B019,2024-07-11,Silver,1
C03881,Atheer Alghamdi,0599003881,atheer.alghamdi3881@example.com,Khobar,B029,2023-08-08,Gold,0
C03882,Dana Alzahrani,0599003882,dana.alzahrani3882@example.com,Dammam,B023,2021-09-27,Classic,1
C03883,Mohammed Aldawsari,0599003883,mohammed.aldawsari3883@example.com,Jeddah,B015,2022-03-27,Platinum,1
C03884,Ghada Alsubaie,0599003884,ghada.alsubaie3884@example.com,Najran,B034,2024-09-27,Classic,1
C03885,Lama Albalawi,0599003885,lama.albalawi3885@example.com,Dammam,B028,2024-05-20,Silver,1
C03886,Saud Alghamdi,0599003886,saud.alghamdi3886@example.com,Riyadh,B009,2026-01-29,Classic,1
C03887,Ghada Alghamdi,0599003887,ghada.alghamdi3887@example.com,Riyadh,B012,2025-01-27,Classic,0
C03888,Mohammed Alharbi,0599003888,mohammed.alharbi3888@example.com,Riyadh,B007,2025-02-17,Classic,1
C03889,Turki Alenezi,0599003889,turki.alenezi3889@example.com,Najran,B034,2024-12-11,Silver,1
C03890,Mohammed Alshehri,0599003890,mohammed.alshehri3890@example.com,Jeddah,B014,2025-07-16,Classic,1
C03891,Nasser Alrashidi,0599003891,nasser.alrashidi3891@example.com,Khobar,B029,2021-07-06,Classic,0
C03892,Faisal Albalawi,0599003892,faisal.albalawi3892@example.com,Riyadh,B002,2026-03-29,Classic,0
C03893,Ali Alhajri,0599003893,ali.alhajri3893@example.com,Riyadh,B007,2023-04-24,Classic,1
C03894,Jawaher Alzahrani,0599003894,jawaher.alzahrani3894@example.com,Jubail,B027,2021-07-02,Gold,1
C03895,Ahmed Alharbi,0599003895,ahmed.alharbi3895@example.com,Riyadh,B006,2024-07-27,Classic,0
C03896,Haya Alenezi,0599003896,haya.alenezi3896@example.com,Al Ahsa,B026,2024-12-17,Classic,1
C03897,Majed Alshammari,0599003897,majed.alshammari3897@example.com,Jeddah,B015,2024-04-13,Gold,1
C03898,Yousef Alkhaldi,0599003898,yousef.alkhaldi3898@example.com,Jeddah,B015,2025-01-25,Classic,1
C03899,Mohammed Alshehri,0599003899,mohammed.alshehri3899@example.com,Riyadh,B012,2022-04-15,Classic,1
C03900,Bandar Alrashidi,0599003900,bandar.alrashidi3900@example.com,Jubail,B027,2022-12-28,Classic,1
C03901,Sara Alsubaie,0599003901,sara.alsubaie3901@example.com,Makkah,B018,2025-05-18,Classic,0
C03902,Abdullah Almutairi,0599003902,abdullah.almutairi3902@example.com,Dammam,B028,2025-09-03,Silver,0
C03903,Hessa Aljohani,0599003903,hessa.aljohani3903@example.com,Jeddah,B022,2023-10-13,Classic,1
C03904,Rawan Alshammari,0599003904,rawan.alshammari3904@example.com,Khobar,B024,2026-02-21,Classic,1
C03905,Sultan Alsaeed,0599003905,sultan.alsaeed3905@example.com,Khobar,B024,2024-11-16,Silver,0
C03906,Sultan Aldawsari,0599003906,sultan.aldawsari3906@example.com,Khamis Mushait,B036,2026-06-01,Silver,0
C03907,Turki Alghamdi,0599003907,turki.alghamdi3907@example.com,Riyadh,B012,2022-03-08,Classic,0
C03908,Faisal Aljohani,0599003908,faisal.aljohani3908@example.com,Qassim,B010,2025-12-20,Silver,0
C03909,Ahmed Alamri,0599003909,ahmed.alamri3909@example.com,Jeddah,B022,2026-03-26,Silver,1
C03910,Ghada Alsaeed,0599003910,ghada.alsaeed3910@example.com,Riyadh,B006,2022-11-06,Silver,1
C03911,Haya Alyami,0599003911,haya.alyami3911@example.com,Tabuk,B040,2021-09-03,Classic,1
C03912,Faisal Alsaeed,0599003912,faisal.alsaeed3912@example.com,Qassim,B010,2023-05-07,Classic,
C03913,Abdullah Alharbi,0599003913,abdullah.alharbi3913@example.com,Riyadh,B005,2025-05-05,Gold,1
C03914,Rakan Almalki,0599003914,rakan.almalki3914@example.com,Qassim,B010,2025-05-01,Classic,1
C03915,Abdullah Albalawi,0599003915,abdullah.albalawi3915@example.com,Riyadh,B009,2022-12-28,Silver,0
C03916,Saud Alharbi,0599003916,saud.alharbi3916@example.com,Riyadh,B003,2023-04-29,Silver,0
C03917,Faisal Alqahtani,0599003917,faisal.alqahtani3917@example.com,Jeddah,B017,2023-05-01,Silver,1
C03918,Shahad Alnaimi,0599003918,shahad.alnaimi3918@example.com,Jeddah,B015,2026-03-19,Classic,1
C03919,Reem Alqahtani,0599003919,reem.alqahtani3919@example.com,Riyadh,B003,2026-04-11,Gold,1
C03920,Shahad Alenezi,0599003920,shahad.alenezi3920@example.com,Jeddah,B017,2024-04-06,Classic,0
C03921,Atheer Alghamdi,0599003921,atheer.alghamdi3921@example.com,Riyadh,B003,2022-01-16,Platinum,1
C03922,Lulwa Alkhaldi,0599003922,lulwa.alkhaldi3922@example.com,Khamis Mushait,B032,2026-04-17,Classic,0
C03923,Ahmed Alsaeed,0599003923,ahmed.alsaeed3923@example.com,Riyadh,B009,2025-12-20,Classic,1
C03924,Shahad Alghamdi,0599003924,shahad.alghamdi3924@example.com,Najran,B034,2026-02-13,Silver,1
C03925,Omar Alfaraj,0599003925,omar.alfaraj3925@example.com,Al Kharj,B011,2022-11-19,Silver,1
C03926,Fahad Alsaeed,0599003926,fahad.alsaeed3926@example.com,Hail,B038,2024-11-15,Classic,0
C03927,Jawaher Aldossary,0599003927,jawaher.aldossary3927@example.com,Dhahran,B025,2026-03-16,Silver,1
C03928,Khalid Almalki,0599003928,khalid.almalki3928@example.com,Khamis Mushait,B036,2024-07-05,Classic,0
C03929,Amal Alyami,0599003929,amal.alyami3929@example.com,Khamis Mushait,B036,2024-05-12,Silver,1
C03930,Mohammed Alzahrani,0599003930,mohammed.alzahrani3930@example.com,Riyadh,B004,2025-12-03,Silver,1
C03931,Nasser Alzahrani,0599003931,nasser.alzahrani3931@example.com,Dhahran,B025,2023-06-16,Gold,1
C03932,Sultan Alghamdi,0599003932,sultan.alghamdi3932@example.com,Riyadh,B001,2022-02-25,Silver,0
C03933,Ahmed Alanazi,0599003933,ahmed.alanazi3933@example.com,Al Jouf,B039,2025-05-08,Silver,1
C03934,Reem Aldawsari,0599003934,reem.aldawsari3934@example.com,Al Ahsa,B026,2025-10-28,Classic,0
C03935,Faisal Alqahtani,0599003935,faisal.alqahtani3935@example.com,Madinah,B019,2025-01-28,Classic,1
C03936,Reem Aldawsari,0599003936,reem.aldawsari3936@example.com,Riyadh,B006,2025-08-06,Gold,1
C03937,Ziyad Alrashidi,0599003937,ziyad.alrashidi3937@example.com,Riyadh,B001,2021-11-24,Silver,1
C03938,Atheer Alfaraj,0599003938,atheer.alfaraj3938@example.com,Tabuk,B040,2024-11-20,Silver,1
C03939,Abdullah Alharbi,0599003939,abdullah.alharbi3939@example.com,Dammam,B023,2024-09-26,Classic,0
C03940,Fahad Alnaimi,0599003940,fahad.alnaimi3940@example.com,Dhahran,B030,2025-06-19,Silver,1
C03941,Bandar Alhajri,0599003941,bandar.alhajri3941@example.com,Riyadh,B004,2022-10-27,Classic,1
C03942,Hind Albalawi,0599003942,hind.albalawi3942@example.com,Riyadh,B002,2025-05-28,Classic,1
C03943,Maha Alshehri,0599003943,maha.alshehri3943@example.com,Jeddah,B017,2021-07-12,Platinum,1
C03944,Abdullah Alanazi,0599003944,abdullah.alanazi3944@example.com,Khamis Mushait,B036,2023-11-27,Gold,1
C03945,Khalid Almalki,0599003945,khalid.almalki3945@example.com,Dhahran,B030,2025-11-04,Classic,1
C03946,Noura Alamri,0599003946,noura.alamri3946@example.com,Jeddah,B014,2024-09-27,Classic,1
C03947,Bandar Alamri,0599003947,bandar.alamri3947@example.com,Al Kharj,B011,2021-07-03,Gold,0
C03948,Omar Alhajri,0599003948,omar.alhajri3948@example.com,Jeddah,B013,2025-04-16,Classic,1
C03949,Lama Aldawsari,0599003949,lama.aldawsari3949@example.com,Jeddah,B016,2021-05-27,Silver,1
C03950,Lama Alshammari,0599003950,lama.alshammari3950@example.com,Jeddah,B017,2023-02-02,Silver,1
C03951,Haya Almalki,0599003951,haya.almalki3951@example.com,Riyadh,B005,2024-02-17,Gold,1
C03952,Sultan Alshehri,0599003952,sultan.alshehri3952@example.com,Tabuk,B040,2022-07-19,Platinum,
C03953,Jawaher Alfaraj,0599003953,jawaher.alfaraj3953@example.com,Riyadh,B003,2025-10-28,Silver,0
C03954,Lulwa Alenezi,0599003954,lulwa.alenezi3954@example.com,Madinah,B019,2022-06-20,Classic,0
C03955,Lulwa Alsaeed,0599003955,lulwa.alsaeed3955@example.com,Jeddah,B022,2025-09-25,Silver,1
C03956,Mohammed Almalki,0599003956,mohammed.almalki3956@example.com,Jazan,B033,2026-01-22,Silver,0
C03957,Bandar Alshehri,0599003957,bandar.alshehri3957@example.com,Jeddah,B017,2025-08-23,Classic,0
C03958,Sultan Alrashidi,0599003958,sultan.alrashidi3958@example.com,Khobar,B029,2022-01-28,Gold,1
C03959,Mona Alfaraj,0599003959,mona.alfaraj3959@example.com,Dhahran,B030,2025-10-26,Classic,1
C03960,Atheer Alnaimi,0599003960,atheer.alnaimi3960@example.com,Jazan,B033,2021-09-19,Classic,1
C03961,Khalid Alenezi,0599003961,khalid.alenezi3961@example.com,Jeddah,B014,2023-12-05,Classic,1
C03962,Sultan Alqahtani,0599003962,sultan.alqahtani3962@example.com,Taif,B020,2024-08-17,Classic,1
C03963,Sultan Aljohani,0599003963,sultan.aljohani3963@example.com,Khamis Mushait,B036,2026-05-21,Classic,0
C03964,Hind Almutairi,0599003964,hind.almutairi3964@example.com,Riyadh,B001,2022-01-06,Silver,1
C03965,Bandar Alfaraj,0599003965,bandar.alfaraj3965@example.com,Jazan,B033,2022-10-04,Classic,1
C03966,Hessa Alnaimi,0599003966,hessa.alnaimi3966@example.com,Riyadh,B009,2021-02-27,Classic,1
C03967,Omar Alzahrani,0599003967,omar.alzahrani3967@example.com,Jeddah,B016,2025-08-07,Silver,1
C03968,Yousef Alhajri,0599003968,yousef.alhajri3968@example.com,Jeddah,B016,2022-12-20,Classic,1
C03969,Khalid Alotaibi,0599003969,khalid.alotaibi3969@example.com,Najran,B034,2021-06-01,Silver,0
C03970,Ahmed Aljohani,0599003970,ahmed.aljohani3970@example.com,Al Kharj,B011,2026-05-22,Gold,1
C03971,Majed Alotaibi,0599003971,majed.alotaibi3971@example.com,Al Kharj,B011,2021-09-23,Classic,1
C03972,Khalid Almalki,0599003972,khalid.almalki3972@example.com,Abha,B031,2022-07-20,Gold,0
C03973,Mona Alnaimi,0599003973,mona.alnaimi3973@example.com,Jeddah,B013,2025-08-07,Classic,1
C03974,Jawaher Alanazi,0599003974,jawaher.alanazi3974@example.com,Jeddah,B022,2021-03-19,Silver,0
C03975,Faisal Alghamdi,0599003975,faisal.alghamdi3975@example.com,Jeddah,B022,2021-07-26,Silver,
C03976,Rakan Alshehri,0599003976,rakan.alshehri3976@example.com,Najran,B034,2025-03-29,Classic,1
C03977,Faisal Alzahrani,0599003977,faisal.alzahrani3977@example.com,Riyadh,B003,2025-04-08,Classic,1
C03978,Fahad Alamri,0599003978,fahad.alamri3978@example.com,Riyadh,B002,2026-02-28,Silver,1
C03979,Dana Alhajri,0599003979,dana.alhajri3979@example.com,Jeddah,B014,2023-12-17,Silver,0
C03980,Lulwa Alzahrani,0599003980,lulwa.alzahrani3980@example.com,Dammam,B023,2026-01-15,Platinum,1
C03981,Jawaher Alsubaie,0599003981,jawaher.alsubaie3981@example.com,Riyadh,B006,2025-10-09,Classic,0
C03982,Mohammed Almutairi,0599003982,mohammed.almutairi3982@example.com,Riyadh,B007,2022-03-26,Classic,0
C03983,Ali Alshehri,0599003983,ali.alshehri3983@example.com,Jeddah,B015,2025-10-15,Classic,1
C03984,Rakan Alnaimi,0599003984,rakan.alnaimi3984@example.com,Riyadh,B005,2025-11-22,Platinum,1
C03985,Lulwa Alghamdi,0599003985,lulwa.alghamdi3985@example.com,Dhahran,B025,2023-08-08,Classic,1
C03986,Sara Almutairi,0599003986,sara.almutairi3986@example.com,Hail,B038,2025-03-07,Classic,1
C03987,Omar Alnaimi,0599003987,omar.alnaimi3987@example.com,Dammam,B023,2022-03-17,Classic,0
C03988,Haya Alkhaldi,0599003988,haya.alkhaldi3988@example.com,Riyadh,B003,2023-03-13,Silver,1
C03989,Abdullah Aljohani,0599003989,abdullah.aljohani3989@example.com,Khamis Mushait,B032,2021-10-15,Silver,1
C03990,Ghada Alshehri,0599003990,ghada.alshehri3990@example.com,Jeddah,B022,2025-07-21,Classic,0
C03991,Majed Alnaimi,0599003991,majed.alnaimi3991@example.com,Riyadh,B004,2025-02-11,Classic,0
C03992,Sultan Alnaimi,0599003992,sultan.alnaimi3992@example.com,Abha,B035,2024-07-02,Silver,0
C03993,Jawaher Alyami,0599003993,jawaher.alyami3993@example.com,Khobar,B024,2024-07-02,Classic,1
C03994,Lama Almalki,0599003994,lama.almalki3994@example.com,Riyadh,B003,2025-06-16,Platinum,
C03995,Jawaher Alghamdi,0599003995,jawaher.alghamdi3995@example.com,Jeddah,B021,2023-04-15,Silver,1
C03996,Rakan Alnaimi,0599003996,rakan.alnaimi3996@example.com,Riyadh,B005,2022-08-27,Classic,1
C03997,Jawaher Alshehri,0599003997,jawaher.alshehri3997@example.com,Dhahran,B030,2021-01-22,Gold,1
C03998,Hind Aldawsari,0599003998,hind.aldawsari3998@example.com,Khamis Mushait,B032,2025-12-07,Platinum,1
C03999,Maha Alamri,0599003999,maha.alamri3999@example.com,Riyadh,B001,2025-03-19,Classic,0
C04000,Hind Alotaibi,0599004000,hind.alotaibi4000@example.com,Makkah,B018,2021-09-10,Silver,1
C04001,Nasser Alotaibi,0599004001,nasser.alotaibi4001@example.com,Jeddah,B015,2025-10-07,Silver,1
C04002,Yousef Alharbi,0599004002,yousef.alharbi4002@example.com,Jeddah,B022,2025-04-17,Classic,0
C04003,Majed Alanazi,0599004003,majed.alanazi4003@example.com,Jazan,B033,2022-03-29,Classic,1
C04004,Sultan Alzahrani,0599004004,sultan.alzahrani4004@example.com,Riyadh,B006,2025-11-15,Gold,1
C04005,Fahad Alenezi,0599004005,fahad.alenezi4005@example.com,Al Kharj,B011,2026-02-15,Classic,1
C04006,Maha Aljohani,0599004006,maha.aljohani4006@example.com,Makkah,B018,2024-02-13,Classic,1
C04007,Lama Aljohani,0599004007,lama.aljohani4007@example.com,Jeddah,B016,2024-07-05,Classic,1
C04008,Faisal Almalki,0599004008,faisal.almalki4008@example.com,Riyadh,B002,2025-04-17,Silver,1
C04009,Dana Alshehri,0599004009,dana.alshehri4009@example.com,Riyadh,B008,2025-05-17,Classic,1
C04010,Omar Alqahtani,0599004010,omar.alqahtani4010@example.com,Al Ahsa,B026,2021-04-07,Classic,0
C04011,Mona Alotaibi,0599004011,mona.alotaibi4011@example.com,Dammam,B023,2022-10-29,Classic,1
C04012,Ziyad Alfaraj,0599004012,ziyad.alfaraj4012@example.com,Abha,B031,2024-03-26,Classic,1
C04013,Rawan Alenezi,0599004013,rawan.alenezi4013@example.com,Al Ahsa,B026,2025-08-08,Classic,0
C04014,Yousef Alrashidi,0599004014,yousef.alrashidi4014@example.com,Riyadh,B005,2023-05-02,Silver,1
C04015,Sara Alanazi,0599004015,sara.alanazi4015@example.com,Dhahran,B025,2021-08-04,Gold,1
C04016,Lulwa Alsaeed,0599004016,lulwa.alsaeed4016@example.com,Abha,B035,2022-05-07,Classic,1
C04017,Ziyad Almutairi,0599004017,ziyad.almutairi4017@example.com,Jeddah,B022,2022-09-04,Classic,1
C04018,Haya Alshammari,0599004018,haya.alshammari4018@example.com,Tabuk,B040,2021-10-05,Platinum,1
C04019,Ahmed Alyami,0599004019,ahmed.alyami4019@example.com,Riyadh,B008,2023-06-13,Gold,1
C04020,Noura Aldossary,0599004020,noura.aldossary4020@example.com,Al Ahsa,B026,2023-04-07,Gold,0
C04021,Rawan Alshammari,0599004021,rawan.alshammari4021@example.com,Dhahran,B030,2024-08-18,Classic,1
C04022,Ali Alqahtani,0599004022,ali.alqahtani4022@example.com,Hail,B038,2024-09-15,Classic,1
C04023,Maha Alnaimi,0599004023,maha.alnaimi4023@example.com,Dhahran,B030,2025-06-21,Classic,0
C04024,Amal Alrashidi,0599004024,amal.alrashidi4024@example.com,Riyadh,B002,2025-10-07,Classic,1
C04025,Rawan Almutairi,0599004025,rawan.almutairi4025@example.com,Riyadh,B009,2026-03-11,Classic,0
C04026,Jawaher Albalawi,0599004026,jawaher.albalawi4026@example.com,Khamis Mushait,B032,2025-05-05,Gold,0
C04027,Lulwa Alsaeed,0599004027,lulwa.alsaeed4027@example.com,Jubail,B027,2026-05-08,Classic,0
C04028,Dana Alrashidi,0599004028,dana.alrashidi4028@example.com,Riyadh,B006,2022-02-23,Classic,1
C04029,Omar Alshammari,0599004029,omar.alshammari4029@example.com,Qassim,B010,2023-09-21,Classic,0
C04030,Noura Alyami,0599004030,noura.alyami4030@example.com,Riyadh,B009,2022-10-17,Classic,0
C04031,Ghada Alrashidi,0599004031,ghada.alrashidi4031@example.com,Riyadh,B007,2024-05-14,Silver,0
C04032,Fahad Alenezi,0599004032,fahad.alenezi4032@example.com,Jeddah,B014,2022-05-15,Silver,1
C04033,Majed Alshehri,0599004033,majed.alshehri4033@example.com,Jeddah,B014,2026-01-15,Silver,1
C04034,Reem Almutairi,0599004034,reem.almutairi4034@example.com,Riyadh,B005,2022-08-26,Classic,1
C04035,Rawan Aljohani,0599004035,rawan.aljohani4035@example.com,Jeddah,B017,2023-12-31,Classic,1
C04036,Mona Alsaeed,0599004036,mona.alsaeed4036@example.com,Al Jouf,B039,2023-11-09,Silver,1
C04037,Ali Alenezi,0599004037,ali.alenezi4037@example.com,Riyadh,B002,2025-02-28,Classic,0
C04038,Lama Almutairi,0599004038,lama.almutairi4038@example.com,Riyadh,B007,2021-04-16,Silver,1
C04039,Amal Alzahrani,0599004039,amal.alzahrani4039@example.com,Jazan,B033,2023-10-20,Platinum,
C04040,Ghada Alyami,0599004040,ghada.alyami4040@example.com,Riyadh,B002,2025-02-20,Silver,1
C04041,Ziyad Alotaibi,0599004041,ziyad.alotaibi4041@example.com,Najran,B034,2025-02-08,Gold,1
C04042,Rawan Almalki,0599004042,rawan.almalki4042@example.com,Riyadh,B012,2026-02-23,Silver,1
C04043,Noura Alanazi,0599004043,noura.alanazi4043@example.com,Riyadh,B012,2025-10-11,Platinum,1
C04044,Fahad Alharbi,0599004044,fahad.alharbi4044@example.com,Dammam,B023,2025-12-04,Classic,1
C04045,Ahmed Almalki,0599004045,ahmed.almalki4045@example.com,Riyadh,B002,2024-09-13,Classic,1
C04046,Atheer Alrashidi,0599004046,atheer.alrashidi4046@example.com,Al Kharj,B011,2023-12-09,Classic,1
C04047,Ghada Alhajri,0599004047,ghada.alhajri4047@example.com,Khamis Mushait,B032,2024-05-03,Classic,1
C04048,Lulwa Alsaeed,0599004048,lulwa.alsaeed4048@example.com,Dhahran,B030,2021-06-10,Classic,1
C04049,Lama Alqahtani,0599004049,lama.alqahtani4049@example.com,Makkah,B018,2023-04-17,Platinum,1
C04050,Abdullah Alnaimi,0599004050,abdullah.alnaimi4050@example.com,Madinah,B019,2026-05-02,Classic,1
C04051,Khalid Alenezi,0599004051,khalid.alenezi4051@example.com,Taif,B020,2025-08-22,Classic,1
C04052,Sara Alamri,0599004052,sara.alamri4052@example.com,Khobar,B024,2025-08-02,Classic,1
C04053,Lama Alghamdi,0599004053,lama.alghamdi4053@example.com,Riyadh,B001,2024-05-19,Classic,1
C04054,Omar Almutairi,0599004054,omar.almutairi4054@example.com,Najran,B034,2022-06-21,Classic,0
C04055,Haya Alqahtani,0599004055,haya.alqahtani4055@example.com,Najran,B034,2025-02-23,Gold,1
C04056,Haya Alhajri,0599004056,haya.alhajri4056@example.com,Jazan,B033,2025-01-23,Platinum,0
C04057,Ahmed Alotaibi,0599004057,ahmed.alotaibi4057@example.com,Riyadh,B005,2024-05-04,Platinum,1
C04058,Omar Alhajri,0599004058,omar.alhajri4058@example.com,Al Jouf,B039,2025-09-03,Silver,0
C04059,Majed Almalki,0599004059,majed.almalki4059@example.com,Jeddah,B014,2025-08-24,Classic,1
C04060,Dana Alotaibi,0599004060,dana.alotaibi4060@example.com,Khobar,B024,2025-04-09,Classic,0
C04061,Maha Alenezi,0599004061,maha.alenezi4061@example.com,Jeddah,B016,2025-03-11,Silver,1
C04062,Omar Aljohani,0599004062,omar.aljohani4062@example.com,Riyadh,B007,2021-10-26,Gold,1
C04063,Bandar Alrashidi,0599004063,bandar.alrashidi4063@example.com,Jeddah,B016,2026-05-05,Gold,1
C04064,Ghada Alfaraj,0599004064,ghada.alfaraj4064@example.com,Riyadh,B006,2021-12-16,Silver,0
C04065,Ahmed Alshammari,0599004065,ahmed.alshammari4065@example.com,Madinah,B019,2023-01-14,Classic,1
C04066,Shahad Almutairi,0599004066,shahad.almutairi4066@example.com,Dammam,B028,2021-11-30,Platinum,1
C04067,Hind Alsubaie,0599004067,hind.alsubaie4067@example.com,Riyadh,B006,2025-02-02,Classic,1
C04068,Hind Alsaeed,0599004068,hind.alsaeed4068@example.com,Al Ahsa,B026,2025-09-29,Silver,
C04069,Abdullah Alghamdi,0599004069,abdullah.alghamdi4069@example.com,Al Jouf,B039,2022-07-11,Silver,0
C04070,Hind Alkhaldi,0599004070,hind.alkhaldi4070@example.com,Dhahran,B025,2022-07-22,Silver,0
C04071,Ahmed Alsaeed,0599004071,ahmed.alsaeed4071@example.com,Riyadh,B001,2026-02-09,Classic,0
C04072,Dana Alhajri,0599004072,dana.alhajri4072@example.com,Riyadh,B004,2024-09-17,Silver,1
C04073,Omar Alfaraj,0599004073,omar.alfaraj4073@example.com,Jeddah,B013,2021-04-07,Silver,1
C04074,Rawan Almutairi,0599004074,rawan.almutairi4074@example.com,Abha,B035,2021-02-05,Gold,1
C04075,Mona Alanazi,0599004075,mona.alanazi4075@example.com,Riyadh,B006,2023-03-17,Silver,1
C04076,Ziyad Alsaeed,0599004076,ziyad.alsaeed4076@example.com,Khamis Mushait,B032,2021-10-20,Classic,0
C04077,Turki Alghamdi,0599004077,turki.alghamdi4077@example.com,Hail,B038,2025-03-09,Classic,1
C04078,Mona Alanazi,0599004078,mona.alanazi4078@example.com,Riyadh,B005,2024-02-10,Classic,1
C04079,Shahad Alshehri,0599004079,shahad.alshehri4079@example.com,Al Jouf,B039,2022-05-20,Gold,1
C04080,Ziyad Alshammari,0599004080,ziyad.alshammari4080@example.com,Riyadh,B008,2022-04-16,Classic,
C04081,Jawaher Alyami,0599004081,jawaher.alyami4081@example.com,Riyadh,B005,2021-05-01,Classic,0
C04082,Rakan Alghamdi,0599004082,rakan.alghamdi4082@example.com,Taif,B020,2024-05-17,Silver,1
C04083,Sara Alfaraj,0599004083,sara.alfaraj4083@example.com,Riyadh,B007,2023-02-20,Silver,0
C04084,Mohammed Alzahrani,0599004084,mohammed.alzahrani4084@example.com,Jeddah,B014,2025-10-27,Platinum,1
C04085,Khalid Alotaibi,0599004085,khalid.alotaibi4085@example.com,Riyadh,B007,2023-09-19,Classic,1
C04086,Sara Albalawi,0599004086,sara.albalawi4086@example.com,Khobar,B024,2024-04-18,Silver,0
C04087,Lulwa Alsubaie,0599004087,lulwa.alsubaie4087@example.com,Riyadh,B008,2024-08-05,Classic,1
C04088,Ziyad Alghamdi,0599004088,ziyad.alghamdi4088@example.com,Hail,B038,2023-03-16,Classic,1
C04089,Jawaher Alqahtani,0599004089,jawaher.alqahtani4089@example.com,Riyadh,B004,2024-03-19,Classic,0
C04090,Turki Almalki,0599004090,turki.almalki4090@example.com,Jeddah,B016,2021-12-13,Gold,1
C04091,Jawaher Alyami,0599004091,jawaher.alyami4091@example.com,Tabuk,B037,2026-04-09,Classic,0
C04092,Sultan Alamri,0599004092,sultan.alamri4092@example.com,Tabuk,B037,2024-02-17,Classic,1
C04093,Lulwa Alsubaie,0599004093,lulwa.alsubaie4093@example.com,Riyadh,B006,2024-12-28,Classic,1
C04094,Ali Alnaimi,0599004094,ali.alnaimi4094@example.com,Abha,B035,2025-03-06,Classic,1
C04095,Haya Alamri,0599004095,haya.alamri4095@example.com,Al Jouf,B039,2022-02-05,Silver,1
C04096,Fahad Alfaraj,0599004096,fahad.alfaraj4096@example.com,Makkah,B018,2022-12-13,Silver,1
C04097,Yousef Alqahtani,0599004097,yousef.alqahtani4097@example.com,Riyadh,B007,2021-04-16,Classic,0
C04098,Abdullah Alzahrani,0599004098,abdullah.alzahrani4098@example.com,Makkah,B018,2024-10-09,Silver,1
C04099,Noura Alenezi,0599004099,noura.alenezi4099@example.com,Jubail,B027,2021-02-05,Classic,0
C04100,Bandar Albalawi,0599004100,bandar.albalawi4100@example.com,Khamis Mushait,B036,2025-05-07,Classic,1
C04101,Turki Alshehri,0599004101,turki.alshehri4101@example.com,Taif,B020,2023-07-06,Classic,1
C04102,Fahad Alghamdi,0599004102,fahad.alghamdi4102@example.com,Tabuk,B037,2025-09-06,Silver,0
C04103,Nasser Alamri,0599004103,nasser.alamri4103@example.com,Al Ahsa,B026,2021-08-19,Classic,1
C04104,Reem Alyami,0599004104,reem.alyami4104@example.com,Riyadh,B006,2025-04-14,Silver,0
C04105,Rawan Alyami,0599004105,rawan.alyami4105@example.com,Khobar,B029,2024-11-03,Classic,1
C04106,Majed Alotaibi,0599004106,majed.alotaibi4106@example.com,Dammam,B023,2026-01-04,Silver,1
C04107,Amal Alharbi,0599004107,amal.alharbi4107@example.com,Khobar,B024,2022-08-11,Classic,1
C04108,Nasser Alrashidi,0599004108,nasser.alrashidi4108@example.com,Khobar,B029,2024-09-06,Classic,1
C04109,Nasser Alkhaldi,0599004109,nasser.alkhaldi4109@example.com,Jeddah,B014,2021-06-13,Classic,0
C04110,Rawan Alkhaldi,0599004110,rawan.alkhaldi4110@example.com,Riyadh,B008,2026-03-26,Gold,0
C04111,Reem Alzahrani,0599004111,reem.alzahrani4111@example.com,Riyadh,B003,2025-01-20,Silver,1
C04112,Jawaher Alamri,0599004112,jawaher.alamri4112@example.com,Abha,B035,2025-09-24,Classic,1
C04113,Hind Aldawsari,0599004113,hind.aldawsari4113@example.com,Makkah,B018,2025-07-28,Platinum,1
C04114,Rawan Alamri,0599004114,rawan.alamri4114@example.com,Jeddah,B015,2023-08-06,Silver,0
C04115,Sultan Alqahtani,0599004115,sultan.alqahtani4115@example.com,Al Ahsa,B026,2026-05-14,Classic,1
C04116,Bandar Alzahrani,0599004116,bandar.alzahrani4116@example.com,Riyadh,B004,2025-04-18,Classic,0
C04117,Mohammed Alfaraj,0599004117,mohammed.alfaraj4117@example.com,Al Ahsa,B026,2022-02-03,Classic,0
C04118,Sultan Alenezi,0599004118,sultan.alenezi4118@example.com,Dhahran,B025,2023-04-02,Gold,1
C04119,Nasser Aljohani,0599004119,nasser.aljohani4119@example.com,Jeddah,B017,2023-05-17,Classic,1
C04120,Saud Alfaraj,0599004120,saud.alfaraj4120@example.com,Dhahran,B025,2025-06-12,Classic,0
C04121,Atheer Alhajri,0599004121,atheer.alhajri4121@example.com,Taif,B020,2024-07-14,Classic,1
C04122,Shahad Albalawi,0599004122,shahad.albalawi4122@example.com,Riyadh,B008,2025-04-12,Silver,1
C04123,Mona Alzahrani,0599004123,mona.alzahrani4123@example.com,Dammam,B028,2025-12-05,Gold,0
C04124,Nasser Alenezi,0599004124,nasser.alenezi4124@example.com,Khobar,B024,2022-06-28,Gold,0
C04125,Maha Alfaraj,0599004125,maha.alfaraj4125@example.com,Dhahran,B025,2021-07-31,Classic,1
C04126,Hessa Alzahrani,0599004126,hessa.alzahrani4126@example.com,Jeddah,B022,2023-01-26,Classic,1
C04127,Lulwa Alamri,0599004127,lulwa.alamri4127@example.com,Al Kharj,B011,2026-05-11,Classic,1
C04128,Sara Alhajri,0599004128,sara.alhajri4128@example.com,Jeddah,B021,2023-07-02,Silver,1
C04129,Hind Alsubaie,0599004129,hind.alsubaie4129@example.com,Dhahran,B025,2022-04-12,Classic,0
C04130,Abdullah Alkhaldi,0599004130,abdullah.alkhaldi4130@example.com,Al Ahsa,B026,2022-10-15,Classic,1
C04131,Haya Aldawsari,0599004131,haya.aldawsari4131@example.com,Jeddah,B014,2024-02-12,Classic,0
C04132,Haya Aljohani,0599004132,haya.aljohani4132@example.com,Qassim,B010,2022-01-30,Classic,1
C04133,Haya Alfaraj,0599004133,haya.alfaraj4133@example.com,Jeddah,B017,2023-02-22,Silver,0
C04134,Hessa Alamri,0599004134,hessa.alamri4134@example.com,Riyadh,B007,2025-12-10,Silver,0
C04135,Mohammed Alsaeed,0599004135,mohammed.alsaeed4135@example.com,Jeddah,B013,2025-05-26,Classic,
C04136,Atheer Alhajri,0599004136,atheer.alhajri4136@example.com,Riyadh,B005,2022-10-22,Gold,0
C04137,Jawaher Albalawi,0599004137,jawaher.albalawi4137@example.com,Riyadh,B001,2025-06-07,Classic,1
C04138,Ali Almutairi,0599004138,ali.almutairi4138@example.com,Riyadh,B003,2022-02-02,Classic,1
C04139,Ali Aljohani,0599004139,ali.aljohani4139@example.com,Jeddah,B014,2022-09-26,Classic,1
C04140,Mohammed Alanazi,0599004140,mohammed.alanazi4140@example.com,Jeddah,B022,2025-08-04,Gold,0
C04141,Ali Alsubaie,0599004141,ali.alsubaie4141@example.com,Al Kharj,B011,2023-11-19,Gold,1
C04142,Amal Alrashidi,0599004142,amal.alrashidi4142@example.com,Al Kharj,B011,2022-05-11,Classic,1
C04143,Lama Aldossary,0599004143,lama.aldossary4143@example.com,Jeddah,B014,2024-05-24,Classic,0
C04144,Ahmed Almalki,0599004144,ahmed.almalki4144@example.com,Jazan,B033,2021-01-27,Classic,1
C04145,Ghada Aldawsari,0599004145,ghada.aldawsari4145@example.com,Riyadh,B007,2024-12-02,Silver,1
C04146,Lulwa Alshammari,0599004146,lulwa.alshammari4146@example.com,Jeddah,B015,2022-03-11,Gold,0
C04147,Jawaher Alrashidi,0599004147,jawaher.alrashidi4147@example.com,Makkah,B018,2025-07-23,Classic,1
C04148,Noura Alkhaldi,0599004148,noura.alkhaldi4148@example.com,Khamis Mushait,B032,2025-11-20,Gold,0
C04149,Sara Alanazi,0599004149,sara.alanazi4149@example.com,Dhahran,B030,2023-04-25,Silver,1
C04150,Mona Alsaeed,0599004150,mona.alsaeed4150@example.com,Makkah,B018,2024-04-14,Classic,1
C04151,Ziyad Alhajri,0599004151,ziyad.alhajri4151@example.com,Dhahran,B030,2023-08-05,Classic,0
C04152,Sara Alsaeed,0599004152,sara.alsaeed4152@example.com,Riyadh,B005,2023-06-06,Gold,1
C04153,Rakan Aldossary,0599004153,rakan.aldossary4153@example.com,Al Ahsa,B026,2026-05-24,Gold,0
C04154,Abdullah Alharbi,0599004154,abdullah.alharbi4154@example.com,Riyadh,B008,2023-09-07,Classic,1
C04155,Saud Alqahtani,0599004155,saud.alqahtani4155@example.com,Dhahran,B030,2024-04-23,Silver,1
C04156,Reem Alshehri,0599004156,reem.alshehri4156@example.com,Al Ahsa,B026,2025-10-08,Gold,1
C04157,Yousef Albalawi,0599004157,yousef.albalawi4157@example.com,Al Ahsa,B026,2023-04-18,Classic,1
C04158,Hessa Alenezi,0599004158,hessa.alenezi4158@example.com,Riyadh,B007,2022-06-25,Classic,0
C04159,Khalid Albalawi,0599004159,khalid.albalawi4159@example.com,Jeddah,B017,2025-09-18,Classic,0
C04160,Atheer Aljohani,0599004160,atheer.aljohani4160@example.com,Makkah,B018,2025-05-29,Classic,1
C04161,Sultan Alghamdi,0599004161,sultan.alghamdi4161@example.com,Madinah,B019,2026-02-11,Classic,0
C04162,Noura Alenezi,0599004162,noura.alenezi4162@example.com,Tabuk,B040,2025-12-17,Platinum,1
C04163,Atheer Almalki,0599004163,atheer.almalki4163@example.com,Jeddah,B013,2021-12-17,Platinum,1
C04164,Atheer Alghamdi,0599004164,atheer.alghamdi4164@example.com,Jazan,B033,2025-04-03,Gold,1
C04165,Saud Albalawi,0599004165,saud.albalawi4165@example.com,Dammam,B023,2023-04-16,Classic,1
C04166,Ziyad Alsubaie,0599004166,ziyad.alsubaie4166@example.com,Najran,B034,2025-06-22,Classic,1
C04167,Haya Alenezi,0599004167,haya.alenezi4167@example.com,Dammam,B023,2024-07-10,Silver,1
C04168,Rawan Aldossary,0599004168,rawan.aldossary4168@example.com,Dhahran,B030,2025-12-22,Silver,1
C04169,Ziyad Alsubaie,0599004169,ziyad.alsubaie4169@example.com,Riyadh,B003,2021-06-24,Platinum,1
C04170,Mona Alsubaie,0599004170,mona.alsubaie4170@example.com,Khobar,B024,2025-02-08,Classic,1
C04171,Sara Alshehri,0599004171,sara.alshehri4171@example.com,Dhahran,B025,2021-09-01,Classic,0
C04172,Sultan Alenezi,0599004172,sultan.alenezi4172@example.com,Dhahran,B030,2022-12-06,Classic,0
C04173,Hind Alshammari,0599004173,hind.alshammari4173@example.com,Riyadh,B008,2025-06-06,Gold,1
C04174,Rakan Alzahrani,0599004174,rakan.alzahrani4174@example.com,Khobar,B029,2024-06-05,Silver,0
C04175,Mona Alkhaldi,0599004175,mona.alkhaldi4175@example.com,Jeddah,B014,2025-01-13,Classic,1
C04176,Rakan Aldossary,0599004176,rakan.aldossary4176@example.com,Riyadh,B006,2026-02-23,Classic,0
C04177,Amal Alrashidi,0599004177,amal.alrashidi4177@example.com,Jeddah,B013,2021-03-17,Classic,0
C04178,Atheer Alnaimi,0599004178,atheer.alnaimi4178@example.com,Dammam,B028,2023-06-03,Silver,0
C04179,Yousef Alqahtani,0599004179,yousef.alqahtani4179@example.com,Jeddah,B015,2026-04-17,Silver,1
C04180,Yousef Alotaibi,0599004180,yousef.alotaibi4180@example.com,Jeddah,B016,2025-11-26,Silver,0
C04181,Yousef Alenezi,0599004181,yousef.alenezi4181@example.com,Jeddah,B017,2025-01-22,Classic,0
C04182,Turki Alsaeed,0599004182,turki.alsaeed4182@example.com,Najran,B034,2026-03-03,Silver,1
C04183,Rakan Alzahrani,0599004183,rakan.alzahrani4183@example.com,Najran,B034,2025-12-11,Classic,1
C04184,Fahad Alnaimi,0599004184,fahad.alnaimi4184@example.com,Jeddah,B015,2021-05-09,Silver,1
C04185,Rawan Alrashidi,0599004185,rawan.alrashidi4185@example.com,Riyadh,B012,2025-06-09,Silver,0
C04186,Yousef Aljohani,0599004186,yousef.aljohani4186@example.com,Tabuk,B040,2021-02-21,Classic,1
C04187,Mona Alzahrani,0599004187,mona.alzahrani4187@example.com,Dhahran,B025,2025-04-28,Classic,1
C04188,Hessa Alkhaldi,0599004188,hessa.alkhaldi4188@example.com,Riyadh,B004,2024-05-08,Platinum,0
C04189,Reem Alotaibi,0599004189,reem.alotaibi4189@example.com,Dhahran,B030,2026-03-20,Silver,1
C04190,Majed Alshammari,0599004190,majed.alshammari4190@example.com,Al Ahsa,B026,2024-07-26,Silver,0
C04191,Jawaher Almutairi,0599004191,jawaher.almutairi4191@example.com,Riyadh,B004,2024-11-18,Classic,1
C04192,Atheer Alshehri,0599004192,atheer.alshehri4192@example.com,Abha,B035,2026-02-06,Classic,1
C04193,Abdullah Alsubaie,0599004193,abdullah.alsubaie4193@example.com,Madinah,B019,2022-10-17,Classic,1
C04194,Turki Alfaraj,0599004194,turki.alfaraj4194@example.com,Jeddah,B017,2023-08-04,Classic,1
C04195,Sultan Alsubaie,0599004195,sultan.alsubaie4195@example.com,Dhahran,B030,2021-04-17,Silver,1
C04196,Lama Almutairi,0599004196,lama.almutairi4196@example.com,Madinah,B019,2023-03-16,Silver,0
C04197,Reem Aldossary,0599004197,reem.aldossary4197@example.com,Hail,B038,2025-04-01,Classic,1
C04198,Amal Alhajri,0599004198,amal.alhajri4198@example.com,Riyadh,B012,2025-12-08,Silver,1
C04199,Khalid Alghamdi,0599004199,khalid.alghamdi4199@example.com,Riyadh,B006,2023-04-22,Classic,1
C04200,Haya Aljohani,0599004200,haya.aljohani4200@example.com,Makkah,B018,2023-07-29,Gold,0
C04201,Reem Aldossary,0599004201,reem.aldossary4201@example.com,Riyadh,B007,2022-10-23,Classic,1
C04202,Mohammed Albalawi,0599004202,mohammed.albalawi4202@example.com,Jeddah,B022,2021-05-21,Silver,1
C04203,Yousef Alshehri,0599004203,yousef.alshehri4203@example.com,Riyadh,B003,2025-12-10,Platinum,1
C04204,Lulwa Alnaimi,0599004204,lulwa.alnaimi4204@example.com,Qassim,B010,2022-09-22,Silver,1
C04205,Omar Alnaimi,0599004205,omar.alnaimi4205@example.com,Jubail,B027,2026-04-01,Platinum,1
C04206,Shahad Alnaimi,0599004206,shahad.alnaimi4206@example.com,Taif,B020,2025-12-17,Silver,0
C04207,Ali Alsubaie,0599004207,ali.alsubaie4207@example.com,Riyadh,B007,2025-08-08,Classic,1
C04208,Sara Alnaimi,0599004208,sara.alnaimi4208@example.com,Riyadh,B009,2025-09-06,Classic,1
C04209,Ali Alotaibi,0599004209,ali.alotaibi4209@example.com,Khamis Mushait,B032,2023-07-13,Classic,1
C04210,Atheer Alsubaie,0599004210,atheer.alsubaie4210@example.com,Jeddah,B013,2025-01-19,Silver,1
C04211,Shahad Alzahrani,0599004211,shahad.alzahrani4211@example.com,Dhahran,B025,2025-03-17,Classic,1
C04212,Bandar Alshehri,0599004212,bandar.alshehri4212@example.com,Jeddah,B022,2025-05-10,Gold,1
C04213,Shahad Alrashidi,0599004213,shahad.alrashidi4213@example.com,Madinah,B019,2025-03-11,Silver,1
C04214,Omar Alenezi,0599004214,omar.alenezi4214@example.com,Taif,B020,2026-01-31,Silver,1
C04215,Saud Alsubaie,0599004215,saud.alsubaie4215@example.com,Najran,B034,2022-12-24,Classic,1
C04216,Amal Aljohani,0599004216,amal.aljohani4216@example.com,Riyadh,B005,2021-11-29,Classic,0
C04217,Atheer Alamri,0599004217,atheer.alamri4217@example.com,Dammam,B023,2022-05-20,Silver,1
C04218,Mona Alenezi,0599004218,mona.alenezi4218@example.com,Khobar,B029,2025-10-14,Silver,1
C04219,Turki Alghamdi,0599004219,turki.alghamdi4219@example.com,Jubail,B027,2023-10-07,Platinum,1
C04220,Rawan Alamri,0599004220,rawan.alamri4220@example.com,Riyadh,B007,2023-06-23,Classic,1
C04221,Nasser Alharbi,0599004221,nasser.alharbi4221@example.com,Dhahran,B030,2025-03-20,Classic,1
C04222,Maha Alqahtani,0599004222,maha.alqahtani4222@example.com,Dammam,B023,2025-05-24,Classic,0
C04223,Hind Alnaimi,0599004223,hind.alnaimi4223@example.com,Al Ahsa,B026,2025-12-05,Silver,
C04224,Haya Alsaeed,0599004224,haya.alsaeed4224@example.com,Qassim,B010,2021-09-20,Classic,1
C04225,Ahmed Albalawi,0599004225,ahmed.albalawi4225@example.com,Madinah,B019,2025-01-11,Silver,1
C04226,Nasser Alanazi,0599004226,nasser.alanazi4226@example.com,Qassim,B010,2026-03-23,Classic,1
C04227,Ghada Alrashidi,0599004227,ghada.alrashidi4227@example.com,Jazan,B033,2025-07-08,Classic,1
C04228,Reem Alyami,0599004228,reem.alyami4228@example.com,Jeddah,B016,2026-02-24,Platinum,1
C04229,Abdullah Almutairi,0599004229,abdullah.almutairi4229@example.com,Dammam,B028,2022-12-26,Classic,1
C04230,Khalid Alyami,0599004230,khalid.alyami4230@example.com,Dhahran,B030,2022-10-03,Gold,1
C04231,Khalid Alqahtani,0599004231,khalid.alqahtani4231@example.com,Jubail,B027,2026-02-20,Classic,1
C04232,Noura Aldossary,0599004232,noura.aldossary4232@example.com,Khobar,B024,2025-07-17,Classic,0
C04233,Mohammed Alshammari,0599004233,mohammed.alshammari4233@example.com,Jazan,B033,2025-12-09,Silver,1
C04234,Jawaher Alamri,0599004234,jawaher.alamri4234@example.com,Riyadh,B009,2024-06-16,Gold,1
C04235,Haya Alharbi,0599004235,haya.alharbi4235@example.com,Riyadh,B002,2024-05-18,Classic,1
C04236,Yousef Alzahrani,0599004236,yousef.alzahrani4236@example.com,Khobar,B029,2023-01-21,Silver,0
C04237,Lulwa Alqahtani,0599004237,lulwa.alqahtani4237@example.com,Dhahran,B030,2024-08-21,Classic,1
C04238,Fahad Alenezi,0599004238,fahad.alenezi4238@example.com,Madinah,B019,2024-09-30,Classic,1
C04239,Rawan Alyami,0599004239,rawan.alyami4239@example.com,Jeddah,B013,2024-12-23,Classic,1
C04240,Sultan Alenezi,0599004240,sultan.alenezi4240@example.com,Tabuk,B040,2022-07-01,Classic,1
C04241,Reem Alzahrani,0599004241,reem.alzahrani4241@example.com,Jeddah,B021,2021-07-19,Classic,1
C04242,Haya Alanazi,0599004242,haya.alanazi4242@example.com,Al Ahsa,B026,2026-04-11,Gold,0
C04243,Mona Alyami,0599004243,mona.alyami4243@example.com,Khobar,B029,2024-04-06,Classic,1
C04244,Atheer Aljohani,0599004244,atheer.aljohani4244@example.com,Riyadh,B006,2025-08-31,Platinum,1
C04245,Saud Alenezi,0599004245,saud.alenezi4245@example.com,Al Ahsa,B026,2025-12-09,Silver,1
C04246,Saud Alghamdi,0599004246,saud.alghamdi4246@example.com,Riyadh,B007,2021-06-15,Classic,0
C04247,Ahmed Alsaeed,0599004247,ahmed.alsaeed4247@example.com,Riyadh,B012,2025-01-12,Gold,1
C04248,Dana Alamri,0599004248,dana.alamri4248@example.com,Riyadh,B005,2024-06-12,Classic,1
C04249,Ali Alotaibi,0599004249,ali.alotaibi4249@example.com,Jeddah,B016,2025-10-06,Gold,1
C04250,Rawan Alamri,0599004250,rawan.alamri4250@example.com,Abha,B031,2025-03-17,Gold,1
C04251,Lama Alghamdi,0599004251,lama.alghamdi4251@example.com,Riyadh,B002,2023-11-01,Gold,0
C04252,Ghada Alotaibi,0599004252,ghada.alotaibi4252@example.com,Qassim,B010,2021-08-02,Classic,0
C04253,Noura Alzahrani,0599004253,noura.alzahrani4253@example.com,Abha,B031,2021-01-12,Silver,0
C04254,Rakan Aldawsari,0599004254,rakan.aldawsari4254@example.com,Jeddah,B015,2025-08-25,Silver,0
C04255,Bandar Alharbi,0599004255,bandar.alharbi4255@example.com,Dhahran,B030,2021-12-01,Platinum,0
C04256,Fahad Alenezi,0599004256,fahad.alenezi4256@example.com,Riyadh,B012,2024-09-20,Platinum,1
C04257,Maha Alshammari,0599004257,maha.alshammari4257@example.com,Jubail,B027,2023-10-18,Classic,1
C04258,Rawan Alrashidi,0599004258,rawan.alrashidi4258@example.com,Dammam,B028,2025-09-04,Silver,1
C04259,Nasser Aljohani,0599004259,nasser.aljohani4259@example.com,Abha,B031,2023-11-23,Classic,1
C04260,Maha Alharbi,0599004260,maha.alharbi4260@example.com,Riyadh,B009,2021-06-17,Silver,0
C04261,Lulwa Alamri,0599004261,lulwa.alamri4261@example.com,Khobar,B029,2023-05-10,Gold,1
C04262,Hessa Alkhaldi,0599004262,hessa.alkhaldi4262@example.com,Jeddah,B016,2022-09-04,Silver,1
C04263,Yousef Alfaraj,0599004263,yousef.alfaraj4263@example.com,Abha,B035,2025-01-30,Classic,1
C04264,Fahad Alsubaie,0599004264,fahad.alsubaie4264@example.com,Riyadh,B008,2021-08-29,Classic,1
C04265,Mona Alnaimi,0599004265,mona.alnaimi4265@example.com,Riyadh,B005,2023-02-18,Classic,0
C04266,Sara Almutairi,0599004266,sara.almutairi4266@example.com,Riyadh,B002,2023-06-01,Classic,1
C04267,Saud Alamri,0599004267,saud.alamri4267@example.com,Al Ahsa,B026,2021-07-25,Gold,1
C04268,Lama Albalawi,0599004268,lama.albalawi4268@example.com,Dammam,B028,2022-06-12,Silver,0
C04269,Jawaher Alshehri,0599004269,jawaher.alshehri4269@example.com,Jeddah,B013,2023-12-23,Classic,1
C04270,Nasser Alghamdi,0599004270,nasser.alghamdi4270@example.com,Jeddah,B016,2025-05-02,Classic,1
C04271,Mona Alhajri,0599004271,mona.alhajri4271@example.com,Abha,B035,2023-08-03,Classic,0
C04272,Sultan Alrashidi,0599004272,sultan.alrashidi4272@example.com,Dhahran,B030,2024-09-10,Silver,1
C04273,Amal Alzahrani,0599004273,amal.alzahrani4273@example.com,Abha,B031,2026-01-15,Classic,1
C04274,Turki Alyami,0599004274,turki.alyami4274@example.com,Khobar,B029,2023-10-16,Classic,1
C04275,Shahad Alamri,0599004275,shahad.alamri4275@example.com,Madinah,B019,2024-06-19,Classic,1
C04276,Saud Alkhaldi,0599004276,saud.alkhaldi4276@example.com,Riyadh,B002,2026-01-14,Classic,1
C04277,Mohammed Almutairi,0599004277,mohammed.almutairi4277@example.com,Jubail,B027,2022-02-07,Classic,1
C04278,Rawan Alanazi,0599004278,rawan.alanazi4278@example.com,Abha,B035,2025-12-15,Classic,1
C04279,Haya Aldawsari,0599004279,haya.aldawsari4279@example.com,Khamis Mushait,B036,2025-05-18,Classic,1
C04280,Hessa Alsubaie,0599004280,hessa.alsubaie4280@example.com,Makkah,B018,2026-03-09,Silver,0
C04281,Sara Alnaimi,0599004281,sara.alnaimi4281@example.com,Najran,B034,2026-03-24,Silver,0
C04282,Turki Aljohani,0599004282,turki.aljohani4282@example.com,Jeddah,B014,2026-03-22,Classic,0
C04283,Hind Aldawsari,0599004283,hind.aldawsari4283@example.com,Jubail,B027,2024-12-07,Classic,1
C04284,Ali Alqahtani,0599004284,ali.alqahtani4284@example.com,Taif,B020,2025-02-21,Gold,1
C04285,Mohammed Alhajri,0599004285,mohammed.alhajri4285@example.com,Jubail,B027,2024-03-04,Classic,1
C04286,Bandar Alrashidi,0599004286,bandar.alrashidi4286@example.com,Riyadh,B005,2025-07-22,Classic,1
C04287,Rakan Alshehri,0599004287,rakan.alshehri4287@example.com,Tabuk,B037,2023-05-22,Silver,1
C04288,Lulwa Alqahtani,0599004288,lulwa.alqahtani4288@example.com,Tabuk,B040,2023-11-04,Platinum,0
C04289,Nasser Aldossary,0599004289,nasser.aldossary4289@example.com,Riyadh,B004,2022-04-15,Classic,0
C04290,Atheer Alshehri,0599004290,atheer.alshehri4290@example.com,Riyadh,B002,2025-07-25,Classic,1
C04291,Ziyad Almalki,0599004291,ziyad.almalki4291@example.com,Jeddah,B016,2022-07-04,Gold,1
C04292,Ziyad Alfaraj,0599004292,ziyad.alfaraj4292@example.com,Jeddah,B022,2021-10-13,Classic,1
C04293,Shahad Alshammari,0599004293,shahad.alshammari4293@example.com,Jeddah,B016,2025-12-18,Silver,1
C04294,Yousef Alyami,0599004294,yousef.alyami4294@example.com,Makkah,B018,2025-01-30,Silver,1
C04295,Lama Almalki,0599004295,lama.almalki4295@example.com,Madinah,B019,2021-10-26,Silver,0
C04296,Mona Alharbi,0599004296,mona.alharbi4296@example.com,Al Kharj,B011,2022-08-14,Classic,1
C04297,Sultan Almalki,0599004297,sultan.almalki4297@example.com,Jeddah,B022,2022-06-27,Silver,1
C04298,Jawaher Alnaimi,0599004298,jawaher.alnaimi4298@example.com,Jeddah,B021,2025-12-14,Silver,1
C04299,Nasser Alenezi,0599004299,nasser.alenezi4299@example.com,Dammam,B028,2023-01-04,Classic,1
C04300,Shahad Alenezi,0599004300,shahad.alenezi4300@example.com,Riyadh,B007,2025-01-26,Gold,1
C04301,Lama Aldossary,0599004301,lama.aldossary4301@example.com,Dammam,B028,2022-05-04,Classic,1
C04302,Turki Alzahrani,0599004302,turki.alzahrani4302@example.com,Jeddah,B013,2026-05-09,Gold,1
C04303,Ziyad Almutairi,0599004303,ziyad.almutairi4303@example.com,Riyadh,B008,2025-04-06,Classic,
C04304,Faisal Almalki,0599004304,faisal.almalki4304@example.com,Riyadh,B012,2025-02-28,Classic,1
C04305,Yousef Alotaibi,0599004305,yousef.alotaibi4305@example.com,Al Ahsa,B026,2025-12-03,Silver,1
C04306,Sultan Alqahtani,0599004306,sultan.alqahtani4306@example.com,Jeddah,B022,2025-04-15,Classic,0
C04307,Mona Alghamdi,0599004307,mona.alghamdi4307@example.com,Jeddah,B022,2023-04-08,Silver,
C04308,Faisal Alenezi,0599004308,faisal.alenezi4308@example.com,Qassim,B010,2021-07-01,Silver,1
C04309,Ghada Alghamdi,0599004309,ghada.alghamdi4309@example.com,Riyadh,B001,2022-09-10,Classic,1
C04310,Sultan Alshammari,0599004310,sultan.alshammari4310@example.com,Tabuk,B040,2026-04-17,Platinum,1
C04311,Bandar Alqahtani,0599004311,bandar.alqahtani4311@example.com,Khobar,B024,2024-09-17,Classic,1
C04312,Fahad Alghamdi,0599004312,fahad.alghamdi4312@example.com,Riyadh,B001,2025-04-16,Classic,1
C04313,Turki Alghamdi,0599004313,turki.alghamdi4313@example.com,Qassim,B010,2022-04-30,Classic,1
C04314,Rakan Alnaimi,0599004314,rakan.alnaimi4314@example.com,Madinah,B019,2025-12-11,Silver,1
C04315,Ziyad Almutairi,0599004315,ziyad.almutairi4315@example.com,Riyadh,B008,2025-03-12,Classic,0
C04316,Atheer Alghamdi,0599004316,atheer.alghamdi4316@example.com,Dammam,B023,2021-12-13,Silver,1
C04317,Shahad Alqahtani,0599004317,shahad.alqahtani4317@example.com,Jeddah,B017,2025-10-21,Silver,0
C04318,Amal Alghamdi,0599004318,amal.alghamdi4318@example.com,Riyadh,B004,2022-05-17,Classic,0
C04319,Omar Albalawi,0599004319,omar.albalawi4319@example.com,Khobar,B024,2022-07-16,Silver,1
C04320,Faisal Alsaeed,0599004320,faisal.alsaeed4320@example.com,Riyadh,B008,2023-03-29,Classic,1
C04321,Khalid Alnaimi,0599004321,khalid.alnaimi4321@example.com,Dhahran,B030,2021-08-30,Silver,0
C04322,Maha Almalki,0599004322,maha.almalki4322@example.com,Dammam,B028,2021-09-28,Classic,0
C04323,Jawaher Alamri,0599004323,jawaher.alamri4323@example.com,Taif,B020,2021-12-25,Classic,1
C04324,Maha Alkhaldi,0599004324,maha.alkhaldi4324@example.com,Al Kharj,B011,2024-06-27,Platinum,
C04325,Amal Alharbi,0599004325,amal.alharbi4325@example.com,Taif,B020,2026-01-16,Gold,1
C04326,Rakan Alrashidi,0599004326,rakan.alrashidi4326@example.com,Dhahran,B030,2025-02-11,Classic,1
C04327,Saud Almutairi,0599004327,saud.almutairi4327@example.com,Taif,B020,2026-04-24,Classic,0
C04328,Ghada Alenezi,N/A,ghada.alenezi4328@example.com,Dammam,B028,2022-04-25,Classic,1
C04329,Faisal Aldawsari,0599004329,faisal.aldawsari4329@example.com,Al Ahsa,B026,2021-04-08,Classic,0
C04330,Omar Alshammari,0599004330,omar.alshammari4330@example.com,Riyadh,B002,2024-03-10,Classic,0
C04331,Maha Alsubaie,0599004331,maha.alsubaie4331@example.com,Dhahran,B030,2023-05-29,Platinum,1
C04332,Dana Alnaimi,0599004332,dana.alnaimi4332@example.com,Dammam,B028,2021-01-03,Silver,0
C04333,Maha Alotaibi,0599004333,maha.alotaibi4333@example.com,Khobar,B024,2025-06-30,Gold,1
C04334,Haya Almalki,0599004334,haya.almalki4334@example.com,Dhahran,B025,2026-01-07,Classic,1
C04335,Ghada Alzahrani,0599004335,ghada.alzahrani4335@example.com,Riyadh,B012,2021-09-07,Classic,1
C04336,Rawan Alamri,0599004336,rawan.alamri4336@example.com,Riyadh,B008,2021-05-10,Silver,1
C04337,Khalid Aljohani,0599004337,khalid.aljohani4337@example.com,Hail,B038,2025-06-15,Classic,1
C04338,Haya Aldawsari,0599004338,haya.aldawsari4338@example.com,Madinah,B019,2022-06-08,Classic,1
C04339,Bandar Aljohani,0599004339,bandar.aljohani4339@example.com,Al Kharj,B011,2025-08-29,Classic,0
C04340,Reem Aldawsari,0599004340,reem.aldawsari4340@example.com,Riyadh,B003,2022-07-24,Classic,1
C04341,Ghada Alnaimi,0599004341,ghada.alnaimi4341@example.com,Khamis Mushait,B036,2023-11-29,Silver,1
C04342,Ahmed Alshammari,0599004342,ahmed.alshammari4342@example.com,Riyadh,B003,2021-06-27,Silver,1
C04343,Mona Alamri,0599004343,mona.alamri4343@example.com,Riyadh,B004,2026-01-10,Classic,1
C04344,Abdullah Alqahtani,0599004344,abdullah.alqahtani4344@example.com,Jeddah,B016,2024-12-29,Classic,
C04345,Ghada Alanazi,0599004345,ghada.alanazi4345@example.com,Dammam,B023,2022-10-28,Classic,1
C04346,Haya Alfaraj,0599004346,haya.alfaraj4346@example.com,Khobar,B024,2022-01-07,Classic,1
C04347,Rawan Almalki,0599004347,rawan.almalki4347@example.com,Khobar,B029,2026-03-02,Gold,1
C04348,Sara Alsubaie,0599004348,sara.alsubaie4348@example.com,Jubail,B027,2025-02-17,Gold,0
C04349,Lulwa Aljohani,0599004349,lulwa.aljohani4349@example.com,Riyadh,B003,2023-02-04,Classic,1
C04350,Fahad Alanazi,0599004350,fahad.alanazi4350@example.com,Jeddah,B016,2024-11-15,Classic,1
C04351,Sultan Alfaraj,0599004351,sultan.alfaraj4351@example.com,Jeddah,B013,2025-03-23,Silver,0
C04352,Lulwa Alyami,0599004352,lulwa.alyami4352@example.com,Qassim,B010,2022-07-24,Classic,1
C04353,Omar Alshammari,0599004353,omar.alshammari4353@example.com,Riyadh,B012,2021-06-27,Silver,0
C04354,Sara Albalawi,0599004354,sara.albalawi4354@example.com,Al Jouf,B039,2025-06-23,Gold,0
C04355,Reem Alkhaldi,0599004355,reem.alkhaldi4355@example.com,Jeddah,B015,2025-02-21,Silver,1
C04356,Maha Alenezi,0599004356,maha.alenezi4356@example.com,Al Jouf,B039,2021-05-07,Silver,1
C04357,Bandar Alanazi,0599004357,bandar.alanazi4357@example.com,Riyadh,B007,2023-08-26,Classic,1
C04358,Atheer Alqahtani,0599004358,atheer.alqahtani4358@example.com,Dammam,B023,2023-06-10,Classic,1
C04359,Ali Alghamdi,0599004359,ali.alghamdi4359@example.com,Jeddah,B022,2023-08-21,Silver,0
C04360,Haya Alharbi,0599004360,haya.alharbi4360@example.com,Hail,B038,2025-09-08,Classic,1
C04361,Abdullah Alsubaie,0599004361,abdullah.alsubaie4361@example.com,Khamis Mushait,B036,2025-11-29,Classic,1
C04362,Hind Alfaraj,0599004362,hind.alfaraj4362@example.com,Riyadh,B002,2023-11-20,Classic,0
C04363,Lama Aldawsari,0599004363,lama.aldawsari4363@example.com,Makkah,B018,2025-08-19,Gold,1
C04364,Mona Alzahrani,0599004364,mona.alzahrani4364@example.com,Riyadh,B006,2025-02-09,Classic,0
C04365,Turki Alzahrani,0599004365,turki.alzahrani4365@example.com,Dammam,B028,2024-05-12,Gold,1
C04366,Shahad Alrashidi,0599004366,shahad.alrashidi4366@example.com,Hail,B038,2024-09-18,Classic,1
C04367,Ahmed Alamri,0599004367,ahmed.alamri4367@example.com,Taif,B020,2026-01-17,Silver,1
C04368,Shahad Alanazi,0599004368,shahad.alanazi4368@example.com,Tabuk,B040,2026-03-29,Silver,1
C04369,Majed Alsaeed,0599004369,majed.alsaeed4369@example.com,Dammam,B028,2026-01-23,Silver,0
C04370,Hessa Albalawi,0599004370,hessa.albalawi4370@example.com,Khobar,B024,2021-05-26,Gold,1
C04371,Lama Alanazi,0599004371,lama.alanazi4371@example.com,Jazan,B033,2024-11-20,Classic,
C04372,Lama Alharbi,0599004372,lama.alharbi4372@example.com,Tabuk,B040,2025-01-12,Classic,0
C04373,Bandar Aljohani,0599004373,bandar.aljohani4373@example.com,Riyadh,B007,2026-02-26,Classic,1
C04374,Faisal Almutairi,0599004374,faisal.almutairi4374@example.com,Qassim,B010,2023-06-24,Classic,1
C04375,Lama Alshehri,0599004375,lama.alshehri4375@example.com,Riyadh,B003,2025-06-21,Silver,1
C04376,Jawaher Alrashidi,0599004376,jawaher.alrashidi4376@example.com,Khobar,B029,2021-06-21,Classic,0
C04377,Faisal Alsaeed,0599004377,faisal.alsaeed4377@example.com,Jazan,B033,2023-05-31,Classic,1
C04378,Dana Aldawsari,0599004378,dana.aldawsari4378@example.com,Jeddah,B016,2023-05-05,Silver,0
C04379,Atheer Alenezi,0599004379,atheer.alenezi4379@example.com,Khobar,B029,2023-03-14,Silver,1
C04380,Ziyad Alyami,0599004380,ziyad.alyami4380@example.com,Al Kharj,B011,2025-04-02,Classic,1
C04381,Maha Alfaraj,0599004381,maha.alfaraj4381@example.com,Riyadh,B002,2021-12-07,Classic,1
C04382,Noura Alrashidi,0599004382,noura.alrashidi4382@example.com,Tabuk,B037,2023-02-28,Silver,1
C04383,Hind Aljohani,0599004383,hind.aljohani4383@example.com,Khamis Mushait,B032,2023-07-09,Silver,0
C04384,Fahad Alrashidi,0599004384,fahad.alrashidi4384@example.com,Dhahran,B030,2025-07-15,Platinum,0
C04385,Khalid Alsaeed,0599004385,khalid.alsaeed4385@example.com,Al Ahsa,B026,2022-06-08,Classic,1
C04386,Hind Alenezi,0599004386,hind.alenezi4386@example.com,Jeddah,B017,2021-05-10,Silver,1
C04387,Sultan Alsubaie,0599004387,sultan.alsubaie4387@example.com,Taif,B020,2025-02-28,Classic,1
C04388,Reem Alghamdi,0599004388,reem.alghamdi4388@example.com,Jeddah,B021,2026-04-29,Platinum,1
C04389,Ali Alhajri,0599004389,ali.alhajri4389@example.com,Riyadh,B001,2021-09-04,Silver,1
C04390,Ghada Alenezi,0599004390,ghada.alenezi4390@example.com,Khamis Mushait,B032,2025-01-18,Classic,1
C04391,Khalid Alenezi,0599004391,khalid.alenezi4391@example.com,Hail,B038,2025-12-23,Classic,1
C04392,Sultan Almalki,0599004392,sultan.almalki4392@example.com,Riyadh,B003,2025-10-09,Gold,0
C04393,Bandar Alrashidi,0599004393,bandar.alrashidi4393@example.com,Jeddah,B013,2025-03-13,Classic,1
C04394,Mohammed Alenezi,0599004394,mohammed.alenezi4394@example.com,Jeddah,B014,2025-05-07,Classic,0
C04395,Abdullah Alenezi,0599004395,abdullah.alenezi4395@example.com,Khamis Mushait,B032,2026-03-21,Silver,1
C04396,Omar Alshehri,0599004396,omar.alshehri4396@example.com,Jeddah,B022,2025-03-10,Classic,0
C04397,Nasser Alghamdi,0599004397,nasser.alghamdi4397@example.com,Riyadh,B007,2026-05-13,Silver,1
C04398,Fahad Alenezi,0599004398,fahad.alenezi4398@example.com,Khobar,B024,2023-04-11,Silver,0
C04399,Sultan Albalawi,0599004399,sultan.albalawi4399@example.com,Dammam,B028,2023-01-10,Classic,1
C04400,Amal Alqahtani,0599004400,amal.alqahtani4400@example.com,Jeddah,B014,2022-09-14,Classic,0
C04401,Hind Alanazi,0599004401,hind.alanazi4401@example.com,Najran,B034,2025-12-11,Classic,0
C04402,Reem Alsubaie,0599004402,reem.alsubaie4402@example.com,Riyadh,B003,2024-11-24,Classic,0
C04403,Majed Alshammari,0599004403,majed.alshammari4403@example.com,Jeddah,B014,2023-11-29,Gold,1
C04404,Saud Alshammari,0599004404,saud.alshammari4404@example.com,Riyadh,B009,2024-03-30,Silver,0
C04405,Bandar Alamri,0599004405,bandar.alamri4405@example.com,Jeddah,B015,2025-04-27,Classic,1
C04406,Omar Almutairi,0599004406,omar.almutairi4406@example.com,Abha,B035,2026-02-25,Classic,1
C04407,Rawan Alqahtani,0599004407,rawan.alqahtani4407@example.com,Dhahran,B025,2023-01-01,Silver,1
C04408,Rakan Alshehri,0599004408,rakan.alshehri4408@example.com,Tabuk,B037,2021-11-03,Silver,
C04409,Turki Alamri,0599004409,turki.alamri4409@example.com,Khobar,B029,2023-08-06,Classic,1
C04410,Shahad Albalawi,0599004410,shahad.albalawi4410@example.com,Khobar,B024,2021-10-28,Classic,0
C04411,Sultan Alfaraj,0599004411,sultan.alfaraj4411@example.com,Riyadh,B006,2021-05-05,Classic,0
C04412,Khalid Alkhaldi,0599004412,khalid.alkhaldi4412@example.com,Riyadh,B002,2025-03-06,Gold,0
C04413,Noura Alamri,0599004413,noura.alamri4413@example.com,Riyadh,B012,2026-01-07,Classic,1
C04414,Hessa Alyami,0599004414,hessa.alyami4414@example.com,Khamis Mushait,B032,2024-01-13,Silver,
C04415,Sara Alsubaie,0599004415,sara.alsubaie4415@example.com,Taif,B020,2025-03-09,Classic,1
C04416,Amal Alenezi,0599004416,amal.alenezi4416@example.com,Riyadh,B009,2023-08-13,Classic,1
C04417,Yousef Aljohani,0599004417,yousef.aljohani4417@example.com,Khobar,B029,2023-07-24,Classic,1
C04418,Lama Alharbi,0599004418,lama.alharbi4418@example.com,Riyadh,B003,2022-04-21,Classic,1
C04419,Shahad Almutairi,0599004419,shahad.almutairi4419@example.com,Al Ahsa,B026,2025-05-13,Gold,0
C04420,Yousef Alotaibi,0599004420,yousef.alotaibi4420@example.com,Najran,B034,2024-08-06,Classic,1
C04421,Turki Alamri,0599004421,turki.alamri4421@example.com,Riyadh,B005,2025-01-09,Classic,1
C04422,Abdullah Alharbi,0599004422,abdullah.alharbi4422@example.com,Khobar,B024,2026-02-06,Classic,0
C04423,Lama Alqahtani,0599004423,lama.alqahtani4423@example.com,Riyadh,B003,2025-04-15,Classic,1
C04424,Amal Alfaraj,0599004424,amal.alfaraj4424@example.com,Jeddah,B015,2025-09-11,Classic,1
C04425,Mona Alanazi,0599004425,mona.alanazi4425@example.com,Jeddah,B014,2025-06-25,Classic,1
C04426,Saud Almutairi,0599004426,saud.almutairi4426@example.com,Tabuk,B037,2026-02-04,Silver,1
C04427,Sara Alotaibi,0599004427,sara.alotaibi4427@example.com,Riyadh,B005,2021-09-23,Silver,1
C04428,Reem Alshehri,0599004428,reem.alshehri4428@example.com,Riyadh,B003,2026-01-27,Classic,1
C04429,Rakan Alnaimi,0599004429,rakan.alnaimi4429@example.com,Abha,B031,2026-01-27,Classic,1
C04430,Lulwa Almalki,0599004430,lulwa.almalki4430@example.com,Abha,B035,2023-09-11,Platinum,1
C04431,Lulwa Almutairi,0599004431,lulwa.almutairi4431@example.com,Jeddah,B014,2025-06-04,Platinum,1
C04432,Ahmed Alzahrani,0599004432,ahmed.alzahrani4432@example.com,Jubail,B027,2021-12-28,Classic,1
C04433,Yousef Alharbi,0599004433,yousef.alharbi4433@example.com,Riyadh,B003,2022-01-14,Silver,1
C04434,Nasser Aldawsari,0599004434,nasser.aldawsari4434@example.com,Jeddah,B013,2022-08-04,Gold,1
C04435,Maha Alanazi,0599004435,maha.alanazi4435@example.com,Jeddah,B021,2026-06-08,Classic,1
C04436,Jawaher Alenezi,0599004436,jawaher.alenezi4436@example.com,Jeddah,B014,2021-12-17,Classic,1
C04437,Khalid Almalki,0599004437,khalid.almalki4437@example.com,Khobar,B024,2021-07-28,Classic,1
C04438,Ali Alkhaldi,0599004438,ali.alkhaldi4438@example.com,Dammam,B028,2023-12-08,Classic,1
C04439,Sara Almutairi,0599004439,sara.almutairi4439@example.com,Riyadh,B012,2023-06-28,Gold,1
C04440,Shahad Alkhaldi,0599004440,shahad.alkhaldi4440@example.com,Khobar,B024,2025-02-20,Gold,0
C04441,Sultan Alshehri,0599004441,sultan.alshehri4441@example.com,Abha,B035,2022-11-24,Platinum,1
C04442,Majed Alyami,0599004442,majed.alyami4442@example.com,Jazan,B033,2026-03-14,Gold,1
C04443,Shahad Alyami,0599004443,shahad.alyami4443@example.com,Al Jouf,B039,2026-01-07,Classic,
C04444,Fahad Almutairi,0599004444,fahad.almutairi4444@example.com,Al Ahsa,B026,2025-12-04,Classic,1
C04445,Majed Alamri,0599004445,majed.alamri4445@example.com,Tabuk,B040,2023-12-17,Platinum,1
C04446,Nasser Alharbi,0599004446,nasser.alharbi4446@example.com,Dhahran,B030,2022-03-23,Classic,1
C04447,Mona Alshehri,0599004447,mona.alshehri4447@example.com,Khobar,B024,2021-01-13,Classic,1
C04448,Haya Alanazi,0599004448,haya.alanazi4448@example.com,Al Jouf,B039,2022-10-26,Gold,0
C04449,Lulwa Alanazi,0599004449,lulwa.alanazi4449@example.com,Qassim,B010,2025-03-18,Silver,1
C04450,Khalid Alsaeed,0599004450,khalid.alsaeed4450@example.com,Al Jouf,B039,2025-09-05,Gold,0
C04451,Hessa Aldossary,0599004451,hessa.aldossary4451@example.com,Jeddah,B021,2025-03-01,Classic,0
C04452,Dana Alyami,0599004452,dana.alyami4452@example.com,Riyadh,B003,2025-02-05,Gold,1
C04453,Faisal Aldossary,0599004453,faisal.aldossary4453@example.com,Riyadh,B012,2021-07-05,Classic,0
C04454,Lulwa Alenezi,0599004454,lulwa.alenezi4454@example.com,Dhahran,B025,2022-12-18,Gold,1
C04455,Shahad Albalawi,0599004455,shahad.albalawi4455@example.com,Abha,B035,2025-12-02,Gold,1
C04456,Noura Alyami,0599004456,noura.alyami4456@example.com,Riyadh,B005,2025-05-21,Silver,1
C04457,Hind Alshehri,0599004457,hind.alshehri4457@example.com,Dhahran,B025,2022-09-03,Classic,0
C04458,Ali Alharbi,0599004458,ali.alharbi4458@example.com,Dammam,B028,2025-07-03,Classic,1
C04459,Reem Alshehri,0599004459,reem.alshehri4459@example.com,Riyadh,B003,2023-08-31,Classic,0
C04460,Faisal Alqahtani,0599004460,faisal.alqahtani4460@example.com,Riyadh,B012,2025-07-24,Classic,0
C04461,Faisal Alharbi,0599004461,faisal.alharbi4461@example.com,Dhahran,B030,2025-10-18,Gold,0
C04462,Mohammed Alsubaie,0599004462,mohammed.alsubaie4462@example.com,Khobar,B024,2021-02-01,Classic,1
C04463,Khalid Aldawsari,0599004463,khalid.aldawsari4463@example.com,Riyadh,B008,2021-07-04,Classic,1
C04464,Jawaher Albalawi,0599004464,jawaher.albalawi4464@example.com,Dammam,B023,2023-07-16,Silver,1
C04465,Shahad Alotaibi,0599004465,shahad.alotaibi4465@example.com,Najran,B034,2024-05-07,Classic,0
C04466,Lama Alsubaie,0599004466,lama.alsubaie4466@example.com,Riyadh,B007,2026-05-13,Classic,0
C04467,Lulwa Alkhaldi,0599004467,lulwa.alkhaldi4467@example.com,Taif,B020,2021-11-25,Classic,1
C04468,Bandar Alenezi,0599004468,bandar.alenezi4468@example.com,Najran,B034,2022-09-03,Classic,1
C04469,Bandar Aljohani,0599004469,bandar.aljohani4469@example.com,Jeddah,B015,2024-10-15,Classic,0
C04470,Ali Almalki,0599004470,ali.almalki4470@example.com,Dhahran,B025,2025-07-15,Gold,1
C04471,Saud Alanazi,0599004471,saud.alanazi4471@example.com,Riyadh,B012,2026-04-20,Silver,0
C04472,Majed Aljohani,0599004472,majed.aljohani4472@example.com,Khamis Mushait,B036,2024-01-14,Classic,1
C04473,Abdullah Alanazi,0599004473,abdullah.alanazi4473@example.com,Khobar,B029,2025-08-07,Classic,1
C04474,Reem Alsubaie,0599004474,reem.alsubaie4474@example.com,Al Jouf,B039,2023-12-24,Gold,
C04475,Hind Alzahrani,0599004475,hind.alzahrani4475@example.com,Jeddah,B015,2025-06-19,Classic,1
C04476,Noura Alhajri,0000000000,noura.alhajri4476@example.com,Jeddah,B016,2025-07-20,Silver,0
C04477,Abdullah Alqahtani,0599004477,abdullah.alqahtani4477@example.com,Jeddah,B022,2024-09-24,Gold,1
C04478,Lama Albalawi,0599004478,lama.albalawi4478@example.com,Madinah,B019,2026-06-05,Classic,1
C04479,Jawaher Aldawsari,0599004479,jawaher.aldawsari4479@example.com,Jeddah,B017,2025-03-11,Silver,1
C04480,Rakan Aljohani,0599004480,rakan.aljohani4480@example.com,Riyadh,B002,2021-11-15,Silver,1
C04481,Fahad Alsubaie,0599004481,fahad.alsubaie4481@example.com,Riyadh,B004,2022-09-28,Classic,0
C04482,Reem Alsaeed,0599004482,reem.alsaeed4482@example.com,Khobar,B029,2024-10-08,Classic,0
C04483,Sultan Alhajri,0599004483,sultan.alhajri4483@example.com,Dhahran,B030,2025-04-24,Classic,0
C04484,Hessa Alzahrani,0599004484,hessa.alzahrani4484@example.com,Dhahran,B030,2025-11-08,Silver,1
C04485,Rakan Alamri,0599004485,rakan.alamri4485@example.com,Jazan,B033,2021-12-09,Classic,1
C04486,Jawaher Alotaibi,0599004486,jawaher.alotaibi4486@example.com,Khobar,B024,2025-01-20,Gold,0
C04487,Noura Alotaibi,0599004487,noura.alotaibi4487@example.com,Qassim,B010,2022-05-05,Classic,0
C04488,Sara Alsubaie,0599004488,sara.alsubaie4488@example.com,Jeddah,B017,2024-02-03,Silver,1
C04489,Maha Albalawi,0599004489,maha.albalawi4489@example.com,Khobar,B024,2024-08-11,Classic,1
C04490,Ghada Alghamdi,0599004490,ghada.alghamdi4490@example.com,Jubail,B027,2023-12-07,Platinum,1
C04491,Abdullah Alsaeed,0599004491,abdullah.alsaeed4491@example.com,Dhahran,B025,2024-04-21,Silver,1
C04492,Haya Alsubaie,0599004492,haya.alsubaie4492@example.com,Riyadh,B004,2025-04-15,Gold,1
C04493,Lama Alotaibi,0599004493,lama.alotaibi4493@example.com,Abha,B035,2026-04-28,Classic,1
C04494,Mona Alshammari,0599004494,mona.alshammari4494@example.com,Riyadh,B002,2024-10-06,Silver,
C04495,Khalid Alshammari,0599004495,khalid.alshammari4495@example.com,Dammam,B028,2022-08-02,Gold,1
C04496,Lama Almutairi,0599004496,lama.almutairi4496@example.com,Khamis Mushait,B036,2024-11-08,Gold,1
C04497,Fahad Alkhaldi,0599004497,fahad.alkhaldi4497@example.com,Jazan,B033,2022-07-14,Silver,1
C04498,Reem Alamri,0599004498,reem.alamri4498@example.com,Abha,B035,2025-11-25,Silver,0
C04499,Ali Alzahrani,0599004499,ali.alzahrani4499@example.com,Qassim,B010,2021-03-25,Platinum,0
C04500,Turki Alhajri,0599004500,turki.alhajri4500@example.com,Abha,B035,2025-07-11,Classic,1
C04501,Mona Alhajri,0599004501,mona.alhajri4501@example.com,Jeddah,B016,2024-04-23,Classic,0
C04502,Sara Alharbi,0599004502,sara.alharbi4502@example.com,Riyadh,B008,2026-03-03,Classic,1
C04503,Lama Albalawi,0599004503,lama.albalawi4503@example.com,Dammam,B023,2024-08-09,Gold,1
C04504,Yousef Alharbi,0599004504,yousef.alharbi4504@example.com,Dhahran,B025,2023-07-02,Classic,1
C04505,Atheer Alsaeed,0599004505,atheer.alsaeed4505@example.com,Jeddah,B013,2022-09-05,Classic,1
C04506,Khalid Alkhaldi,0599004506,khalid.alkhaldi4506@example.com,Jeddah,B022,2021-10-01,Platinum,1
C04507,Noura Alamri,0599004507,noura.alamri4507@example.com,Riyadh,B006,2022-01-01,Gold,1
C04508,Bandar Alshammari,0599004508,bandar.alshammari4508@example.com,Riyadh,B007,2023-05-03,Silver,0
C04509,Hessa Alharbi,0599004509,hessa.alharbi4509@example.com,Dammam,B028,2024-01-28,Classic,1
C04510,Rakan Alrashidi,0599004510,rakan.alrashidi4510@example.com,Dammam,B028,2026-01-19,Classic,0
C04511,Mona Almalki,0599004511,mona.almalki4511@example.com,Jubail,B027,2025-06-23,Classic,1
C04512,Jawaher Alrashidi,0599004512,jawaher.alrashidi4512@example.com,Khobar,B029,2025-08-30,Gold,1
C04513,Rawan Alenezi,0599004513,rawan.alenezi4513@example.com,Dhahran,B025,2025-09-11,Silver,1
C04514,Mona Aljohani,0599004514,mona.aljohani4514@example.com,Najran,B034,2025-09-29,Silver,1
C04515,Maha Alharbi,0599004515,maha.alharbi4515@example.com,Riyadh,B006,2021-11-06,Silver,1
C04516,Yousef Aldawsari,0599004516,yousef.aldawsari4516@example.com,Jeddah,B016,2024-09-02,Classic,1
C04517,Nasser Albalawi,0599004517,nasser.albalawi4517@example.com,Khamis Mushait,B036,2024-03-24,Classic,1
C04518,Abdullah Almalki,0599004518,abdullah.almalki4518@example.com,Riyadh,B001,2023-01-05,Classic,0
C04519,Rawan Alsaeed,0599004519,rawan.alsaeed4519@example.com,Jeddah,B014,2025-06-27,Classic,1
C04520,Lulwa Alsubaie,0599004520,lulwa.alsubaie4520@example.com,Jeddah,B022,2022-04-28,Classic,1
C04521,Nasser Alotaibi,0599004521,nasser.alotaibi4521@example.com,Khobar,B029,2026-02-28,Classic,1
C04522,Nasser Aljohani,0599004522,nasser.aljohani4522@example.com,Khobar,B029,2021-01-25,Gold,1
C04523,Rakan Alkhaldi,0599004523,rakan.alkhaldi4523@example.com,Madinah,B019,2025-02-15,Classic,1
C04524,Amal Alyami,0599004524,amal.alyami4524@example.com,Khamis Mushait,B032,2025-04-22,Classic,0
C04525,Majed Aldawsari,0599004525,majed.aldawsari4525@example.com,Hail,B038,2026-04-06,Gold,1
C04526,Ahmed Aldossary,0599004526,ahmed.aldossary4526@example.com,Dhahran,B030,2024-06-22,Gold,1
C04527,Abdullah Alenezi,05123456789,abdullah.alenezi4527@example.com,Al Jouf,B039,2023-01-26,Silver,1
C04528,Saud Almalki,0599004528,saud.almalki4528@example.com,Riyadh,B002,2024-06-23,Gold,1
C04529,Maha Alkhaldi,0599004529,maha.alkhaldi4529@example.com,Jeddah,B013,2021-06-25,Gold,1
C04530,Ghada Alenezi,0599004530,ghada.alenezi4530@example.com,Riyadh,B004,2025-05-16,Silver,1
C04531,Amal Alsaeed,0599004531,amal.alsaeed4531@example.com,Al Kharj,B011,2023-10-14,Platinum,0
C04532,Ahmed Alzahrani,0599004532,ahmed.alzahrani4532@example.com,Dammam,B023,2025-02-11,Classic,1
C04533,Ziyad Alshehri,0599004533,ziyad.alshehri4533@example.com,Dhahran,B030,2023-12-23,Classic,0
C04534,Hind Aljohani,0599004534,hind.aljohani4534@example.com,Jeddah,B014,2024-07-13,Silver,1
C04535,Sultan Alsubaie,0599004535,sultan.alsubaie4535@example.com,Jeddah,B017,2022-05-28,Gold,1
C04536,Ahmed Aldossary,0599004536,ahmed.aldossary4536@example.com,Madinah,B019,2025-08-20,Gold,0
C04537,Faisal Alkhaldi,0599004537,faisal.alkhaldi4537@example.com,Tabuk,B040,2023-09-29,Classic,0
C04538,Abdullah Alenezi,0599004538,abdullah.alenezi4538@example.com,Madinah,B019,2026-05-19,Silver,1
C04539,Rakan Alfaraj,0599004539,rakan.alfaraj4539@example.com,Abha,B031,2024-04-16,Classic,0
C04540,Rakan Alkhaldi,0599004540,rakan.alkhaldi4540@example.com,Jeddah,B016,2023-12-07,Silver,1
C04541,Hind Alanazi,0599004541,hind.alanazi4541@example.com,Al Ahsa,B026,2024-05-21,Classic,0
C04542,Sara Alenezi,0599004542,sara.alenezi4542@example.com,Qassim,B010,2022-08-22,Classic,1
C04543,Rakan Alqahtani,0599004543,rakan.alqahtani4543@example.com,Jeddah,B021,2022-04-12,Silver,1
C04544,Ziyad Alrashidi,0599004544,ziyad.alrashidi4544@example.com,Riyadh,B012,2026-05-07,Classic,0
C04545,Shahad Aldawsari,0599004545,shahad.aldawsari4545@example.com,Riyadh,B004,2025-11-01,Silver,1
C04546,Sultan Almutairi,0599004546,sultan.almutairi4546@example.com,Dammam,B023,2024-08-01,Classic,1
C04547,Dana Almalki,0599004547,dana.almalki4547@example.com,Taif,B020,2024-10-02,Classic,0
C04548,Amal Albalawi,0599004548,amal.albalawi4548@example.com,Jeddah,B016,2024-10-18,Classic,1
C04549,Jawaher Alenezi,0599004549,jawaher.alenezi4549@example.com,Taif,B020,2024-08-14,Silver,1
C04550,Majed Alsaeed,0599004550,majed.alsaeed4550@example.com,Riyadh,B007,2024-07-21,Silver,0
C04551,Sara Alhajri,0599004551,sara.alhajri4551@example.com,Riyadh,B007,2022-06-02,Classic,1
C04552,Noura Alshammari,0599004552,noura.alshammari4552@example.com,Abha,B035,2024-06-13,Classic,1
C04553,Hessa Alshammari,0599004553,hessa.alshammari4553@example.com,Khamis Mushait,B036,2024-11-11,Classic,0
C04554,Dana Alshehri,0599004554,dana.alshehri4554@example.com,Riyadh,B008,2026-02-01,Classic,0
C04555,Atheer Alharbi,0599004555,atheer.alharbi4555@example.com,Dammam,B023,2025-04-08,Classic,0
C04556,Nasser Alharbi,0599004556,nasser.alharbi4556@example.com,Jubail,B027,2025-10-23,Classic,1
C04557,Jawaher Alanazi,0599004557,jawaher.alanazi4557@example.com,Khamis Mushait,B032,2022-03-24,Classic,1
C04558,Yousef Alzahrani,0599004558,yousef.alzahrani4558@example.com,Riyadh,B007,2024-07-24,Classic,0
C04559,Nasser Alhajri,0599004559,nasser.alhajri4559@example.com,Riyadh,B005,2022-02-17,Silver,0
C04560,Mona Aldawsari,0599004560,mona.aldawsari4560@example.com,Riyadh,B007,2024-01-16,Gold,1
C04561,Jawaher Aldossary,0599004561,jawaher.aldossary4561@example.com,Dhahran,B030,2025-08-14,Silver,1
C04562,Lulwa Alfaraj,0599004562,lulwa.alfaraj4562@example.com,Riyadh,B006,2025-07-20,Gold,1
C04563,Shahad Alhajri,0599004563,shahad.alhajri4563@example.com,Al Kharj,B011,2022-11-07,Classic,1
C04564,Noura Alanazi,0599004564,noura.alanazi4564@example.com,Jazan,B033,2022-10-14,Classic,1
C04565,Lama Alnaimi,0599004565,lama.alnaimi4565@example.com,Taif,B020,2025-05-18,Silver,0
C04566,Jawaher Alghamdi,0599004566,jawaher.alghamdi4566@example.com,Makkah,B018,2021-09-15,Classic,1
C04567,Dana Aldossary,0599004567,dana.aldossary4567@example.com,Riyadh,B009,2026-02-18,Classic,1
C04568,Ali Alamri,0599004568,ali.alamri4568@example.com,Najran,B034,2022-07-11,Silver,1
C04569,Lulwa Alenezi,0599004569,lulwa.alenezi4569@example.com,Riyadh,B007,2023-10-22,Silver,1
C04570,Mona Alenezi,0599004570,mona.alenezi4570@example.com,Najran,B034,2024-01-04,Classic,0
C04571,Ali Alghamdi,5512345678,ali.alghamdi4571@example.com,Abha,B035,2024-12-30,Classic,0
C04572,Amal Alyami,0599004572,amal.alyami4572@example.com,Abha,B035,2023-11-24,Classic,0
C04573,Ghada Alsaeed,0599004573,ghada.alsaeed4573@example.com,Jubail,B027,2021-02-15,Classic,1
C04574,Jawaher Albalawi,0599004574,jawaher.albalawi4574@example.com,Abha,B031,2026-05-23,Silver,1
C04575,Rawan Alzahrani,0599004575,rawan.alzahrani4575@example.com,Riyadh,B002,2021-10-12,Silver,0
C04576,Majed Almalki,0599004576,majed.almalki4576@example.com,Khamis Mushait,B032,2026-05-28,Classic,1
C04577,Reem Alsaeed,0599004577,reem.alsaeed4577@example.com,Al Kharj,B011,2021-08-30,Classic,1
C04578,Lulwa Aljohani,0599004578,lulwa.aljohani4578@example.com,Dammam,B023,2022-03-31,Platinum,1
C04579,Reem Alzahrani,0599004579,reem.alzahrani4579@example.com,Tabuk,B037,2024-12-20,Classic,0
C04580,Shahad Alyami,0599004580,shahad.alyami4580@example.com,Jeddah,B013,2024-11-05,Gold,0
C04581,Yousef Alrashidi,0599004581,yousef.alrashidi4581@example.com,Jeddah,B017,2022-01-24,Gold,1
C04582,Maha Alkhaldi,0599004582,maha.alkhaldi4582@example.com,Khobar,B024,2023-01-23,Classic,1
C04583,Abdullah Alenezi,0599004583,abdullah.alenezi4583@example.com,Qassim,B010,2025-06-12,Gold,1
C04584,Jawaher Alqahtani,0599004584,jawaher.alqahtani4584@example.com,Khobar,B024,2024-05-10,Platinum,1
C04585,Haya Alrashidi,0599004585,haya.alrashidi4585@example.com,Khobar,B024,2023-01-23,Silver,1
C04586,Bandar Aljohani,0599004586,bandar.aljohani4586@example.com,Riyadh,B005,2022-08-22,Gold,1
C04587,Haya Alfaraj,0599004587,haya.alfaraj4587@example.com,Riyadh,B004,2024-06-21,Classic,0
C04588,Rawan Alotaibi,0599004588,rawan.alotaibi4588@example.com,Riyadh,B002,2025-04-30,Gold,
C04589,Ahmed Alfaraj,0599004589,ahmed.alfaraj4589@example.com,Jeddah,B014,2025-11-02,Silver,1
C04590,Ziyad Alshehri,0599004590,ziyad.alshehri4590@example.com,Dammam,B028,2025-05-11,Silver,1
C04591,Shahad Alshammari,0599004591,shahad.alshammari4591@example.com,Tabuk,B037,2023-02-03,Classic,1
C04592,Amal Alrashidi,0599004592,amal.alrashidi4592@example.com,Riyadh,B004,2024-08-18,Classic,1
C04593,Sultan Alamri,0599004593,sultan.alamri4593@example.com,Khamis Mushait,B036,2025-09-22,Silver,1
C04594,Reem Aljohani,0599004594,reem.aljohani4594@example.com,Dhahran,B030,2021-07-29,Classic,1
C04595,Reem Alfaraj,0599004595,reem.alfaraj4595@example.com,Riyadh,B002,2026-03-02,Silver,0
C04596,Yousef Alfaraj,0599004596,yousef.alfaraj4596@example.com,Jazan,B033,2025-07-28,Classic,1
C04597,Saud Alhajri,0599004597,saud.alhajri4597@example.com,Riyadh,B003,2025-10-04,Gold,1
C04598,Reem Aljohani,0599004598,reem.aljohani4598@example.com,Tabuk,B040,2026-03-19,Gold,1
C04599,Ziyad Aldawsari,0599004599,ziyad.aldawsari4599@example.com,Dammam,B023,2025-09-07,Classic,1
C04600,Saud Alfaraj,0599004600,saud.alfaraj4600@example.com,Dammam,B023,2021-03-03,Classic,1
C04601,Bandar Alshammari,0599004601,bandar.alshammari4601@example.com,Taif,B020,2021-02-18,Silver,1
C04602,Mona Alyami,0599004602,mona.alyami4602@example.com,Jeddah,B013,2024-09-19,Classic,1
C04603,Dana Alharbi,0599004603,dana.alharbi4603@example.com,Riyadh,B003,2023-01-13,Platinum,1
C04604,Reem Albalawi,0599004604,reem.albalawi4604@example.com,Jeddah,B015,2021-01-14,Gold,0
C04605,Ahmed Aljohani,0599004605,ahmed.aljohani4605@example.com,Jeddah,B016,2023-09-08,Classic,1
C04606,Majed Alotaibi,0599004606,majed.alotaibi4606@example.com,Hail,B038,2026-02-20,Classic,1
C04607,Lulwa Alkhaldi,0599004607,lulwa.alkhaldi4607@example.com,Jazan,B033,2022-08-19,Silver,0
C04608,Maha Alyami,0599004608,maha.alyami4608@example.com,Tabuk,B037,2023-11-15,Classic,1
C04609,Turki Aljohani,0599004609,turki.aljohani4609@example.com,Jubail,B027,2024-12-07,Silver,0
C04610,Omar Alanazi,0599004610,omar.alanazi4610@example.com,Hail,B038,2026-01-29,Silver,1
C04611,Omar Alharbi,0599004611,omar.alharbi4611@example.com,Hail,B038,2025-04-17,Classic,0
C04612,Ziyad Alshammari,0599004612,ziyad.alshammari4612@example.com,Riyadh,B007,2021-01-11,Classic,1
C04613,Rakan Alnaimi,0599004613,rakan.alnaimi4613@example.com,Riyadh,B008,2025-02-01,Classic,1
C04614,Ali Almutairi,0599004614,ali.almutairi4614@example.com,Riyadh,B002,2022-06-21,Silver,1
C04615,Atheer Alghamdi,0599004615,atheer.alghamdi4615@example.com,Khobar,B024,2021-02-23,Classic,1
C04616,Mona Alshammari,0599004616,mona.alshammari4616@example.com,Hail,B038,2023-08-21,Classic,0
C04617,Mohammed Alsubaie,0599004617,mohammed.alsubaie4617@example.com,Dhahran,B030,2023-08-10,Classic,1
C04618,Rakan Alharbi,0599004618,rakan.alharbi4618@example.com,Khamis Mushait,B036,2021-02-06,Classic,1
C04619,Maha Alzahrani,0599004619,maha.alzahrani4619@example.com,Madinah,B019,2024-01-06,Silver,1
C04620,Hind Alanazi,0599004620,hind.alanazi4620@example.com,Qassim,B010,2026-02-06,Classic,0
C04621,Rawan Aldawsari,0599004621,rawan.aldawsari4621@example.com,Riyadh,B003,2025-01-04,Classic,1
C04622,Atheer Alharbi,0599004622,atheer.alharbi4622@example.com,Riyadh,B004,2023-04-18,Classic,1
C04623,Omar Alrashidi,0599004623,omar.alrashidi4623@example.com,Dammam,B023,2024-01-18,Gold,0
C04624,Nasser Alyami,0599004624,nasser.alyami4624@example.com,Jeddah,B013,2023-07-02,Silver,1
C04625,Ghada Alanazi,0599004625,ghada.alanazi4625@example.com,Jeddah,B017,2023-04-04,Gold,1
C04626,Ghada Alenezi,0599004626,ghada.alenezi4626@example.com,Khobar,B024,2022-02-06,Classic,0
C04627,Ahmed Alrashidi,0599004627,ahmed.alrashidi4627@example.com,Dhahran,B025,2021-08-20,Silver,0
C04628,Mona Alsubaie,0599004628,mona.alsubaie4628@example.com,Jeddah,B013,2022-11-21,Classic,0
C04629,Haya Aldossary,0599004629,haya.aldossary4629@example.com,Riyadh,B008,2025-04-05,Gold,1
C04630,Dana Alanazi,0599004630,dana.alanazi4630@example.com,Riyadh,B007,2023-05-30,Classic,1
C04631,Rakan Almalki,0599004631,rakan.almalki4631@example.com,Riyadh,B007,2021-02-06,Gold,1
C04632,Khalid Alrashidi,0599004632,khalid.alrashidi4632@example.com,Jeddah,B021,2021-03-12,Classic,1
C04633,Sara Aldawsari,0599004633,sara.aldawsari4633@example.com,Riyadh,B003,2021-03-01,Silver,1
C04634,Lama Aljohani,0599004634,lama.aljohani4634@example.com,Riyadh,B006,2025-09-06,Silver,1
C04635,Mohammed Alkhaldi,0599004635,mohammed.alkhaldi4635@example.com,Riyadh,B005,2022-11-14,Silver,0
C04636,Rawan Albalawi,0599004636,rawan.albalawi4636@example.com,Khamis Mushait,B032,2025-01-09,Silver,1
C04637,Ahmed Alnaimi,0599004637,ahmed.alnaimi4637@example.com,Najran,B034,2022-12-16,Classic,1
C04638,Ahmed Alfaraj,0599004638,ahmed.alfaraj4638@example.com,Riyadh,B008,2023-01-22,Silver,1
C04639,Atheer Almutairi,0599004639,atheer.almutairi4639@example.com,Riyadh,B006,2022-06-05,Silver,0
C04640,Khalid Alqahtani,0599004640,khalid.alqahtani4640@example.com,Dhahran,B025,2021-06-02,Gold,
C04641,Majed Alshammari,0599004641,majed.alshammari4641@example.com,Al Kharj,B011,2025-06-28,Silver,1
C04642,Hessa Alyami,0599004642,hessa.alyami4642@example.com,Riyadh,B008,2025-10-01,Classic,1
C04643,Ghada Alyami,0599004643,ghada.alyami4643@example.com,Riyadh,B001,2026-06-08,Silver,1
C04644,Atheer Alshammari,0599004644,atheer.alshammari4644@example.com,Qassim,B010,2022-04-05,Gold,1
C04645,Ali Almutairi,0599004645,ali.almutairi4645@example.com,Riyadh,B009,2022-08-27,Classic,0
C04646,Haya Almalki,0599004646,haya.almalki4646@example.com,Al Jouf,B039,2026-01-03,Platinum,0
C04647,Ziyad Aljohani,0599004647,ziyad.aljohani4647@example.com,Jeddah,B022,2025-12-20,Classic,0
C04648,Amal Alsaeed,0599004648,amal.alsaeed4648@example.com,Riyadh,B012,2025-09-28,Silver,
C04649,Ghada Alshammari,0599004649,ghada.alshammari4649@example.com,Abha,B035,2021-04-01,Classic,1
C04650,Hessa Aldawsari,0599004650,hessa.aldawsari4650@example.com,Makkah,B018,2024-02-12,Classic,1
C04651,Reem Alzahrani,0599004651,reem.alzahrani4651@example.com,Khamis Mushait,B036,2022-03-29,Silver,1
C04652,Bandar Aljohani,0599004652,bandar.aljohani4652@example.com,Khobar,B024,2021-07-18,Silver,1
C04653,Fahad Aldawsari,0599004653,fahad.aldawsari4653@example.com,Riyadh,B005,2022-09-20,Silver,0
C04654,Ahmed Alhajri,0599004654,ahmed.alhajri4654@example.com,Tabuk,B040,2023-10-04,Classic,0
C04655,Ziyad Aldossary,0599004655,ziyad.aldossary4655@example.com,Tabuk,B037,2022-11-21,Silver,1
C04656,Atheer Almutairi,0599004656,atheer.almutairi4656@example.com,Qassim,B010,2026-02-06,Platinum,0
C04657,Amal Alzahrani,0599004657,amal.alzahrani4657@example.com,Abha,B031,2021-02-16,Classic,1
C04658,Jawaher Albalawi,0599004658,jawaher.albalawi4658@example.com,Taif,B020,2021-09-01,Classic,1
C04659,Turki Alamri,0599004659,turki.alamri4659@example.com,Khamis Mushait,B036,2026-05-18,Classic,1
C04660,Lulwa Alhajri,0599004660,lulwa.alhajri4660@example.com,Dhahran,B030,2022-11-07,Silver,1
C04661,Sara Alhajri,0599004661,sara.alhajri4661@example.com,Khobar,B024,2024-06-14,Classic,
C04662,Atheer Alhajri,0599004662,atheer.alhajri4662@example.com,Madinah,B019,2022-02-13,Classic,1
C04663,Ali Alzahrani,0599004663,ali.alzahrani4663@example.com,Riyadh,B002,2026-01-27,Silver,1
C04664,Shahad Alyami,0599004664,shahad.alyami4664@example.com,Jeddah,B021,2024-10-12,Classic,1
C04665,Hind Aldossary,0599004665,hind.aldossary4665@example.com,Jeddah,B017,2022-02-09,Classic,0
C04666,Saud Aldossary,0599004666,saud.aldossary4666@example.com,Al Ahsa,B026,2024-08-02,Classic,0
C04667,Bandar Alamri,0599004667,bandar.alamri4667@example.com,Dhahran,B030,2025-05-30,Silver,1
C04668,Lulwa Alshehri,0599004668,lulwa.alshehri4668@example.com,Tabuk,B040,2025-04-13,Classic,1
C04669,Khalid Alharbi,0599004669,khalid.alharbi4669@example.com,Riyadh,B003,2026-03-09,Silver,1
C04670,Abdullah Alghamdi,0599004670,abdullah.alghamdi4670@example.com,Riyadh,B001,2025-11-08,Gold,1
C04671,Lulwa Almalki,0599004671,lulwa.almalki4671@example.com,Jeddah,B017,2021-08-21,Gold,1
C04672,Lulwa Alfaraj,0599004672,lulwa.alfaraj4672@example.com,Al Ahsa,B026,2025-05-28,Classic,0
C04673,Saud Aljohani,0599004673,saud.aljohani4673@example.com,Riyadh,B009,2024-12-23,Classic,1
C04674,Amal Alkhaldi,0599004674,amal.alkhaldi4674@example.com,Al Kharj,B011,2021-07-01,Classic,1
C04675,Amal Alghamdi,0599004675,amal.alghamdi4675@example.com,Jeddah,B022,2026-04-01,Classic,0
C04676,Saud Alanazi,0599004676,saud.alanazi4676@example.com,Riyadh,B006,2024-05-17,Classic,1
C04677,Nasser Albalawi,0599004677,nasser.albalawi4677@example.com,Abha,B035,2025-09-27,Classic,0
C04678,Hessa Alfaraj,0599004678,hessa.alfaraj4678@example.com,Jubail,B027,2024-02-14,Silver,1
C04679,Saud Alhajri,0599004679,saud.alhajri4679@example.com,Jeddah,B015,2024-01-04,Classic,1
C04680,Ahmed Alnaimi,0599004680,ahmed.alnaimi4680@example.com,Khamis Mushait,B036,2025-09-15,Silver,0
C04681,Rawan Albalawi,0599004681,rawan.albalawi4681@example.com,Jeddah,B013,2022-04-22,Silver,0
C04682,Mohammed Alamri,0599004682,mohammed.alamri4682@example.com,Jeddah,B016,2022-05-09,Classic,1
C04683,Sara Alyami,0599004683,sara.alyami4683@example.com,Riyadh,B001,2024-02-05,Classic,1
C04684,Ahmed Alsaeed,0599004684,ahmed.alsaeed4684@example.com,Jeddah,B015,2026-03-23,Classic,1
C04685,Maha Alamri,0599004685,maha.alamri4685@example.com,Riyadh,B001,2023-04-22,Silver,0
C04686,Sultan Alshammari,0599004686,sultan.alshammari4686@example.com,Jeddah,B015,2022-01-29,Classic,0
C04687,Reem Alsubaie,0599004687,reem.alsubaie4687@example.com,Khamis Mushait,B032,2025-11-25,Classic,1
C04688,Rawan Alshammari,0599004688,rawan.alshammari4688@example.com,Tabuk,B037,2025-04-02,Classic,1
C04689,Ziyad Aldawsari,0599004689,ziyad.aldawsari4689@example.com,Dhahran,B030,2021-03-15,Classic,1
C04690,Hind Alfaraj,0599004690,hind.alfaraj4690@example.com,Tabuk,B037,2026-05-18,Silver,1
C04691,Noura Almutairi,0599004691,noura.almutairi4691@example.com,Abha,B031,2021-02-22,Classic,1
C04692,Ziyad Alghamdi,0599004692,ziyad.alghamdi4692@example.com,Madinah,B019,2025-03-19,Silver,1
C04693,Maha Alnaimi,0599004693,maha.alnaimi4693@example.com,Riyadh,B001,2025-07-26,Classic,0
C04694,Jawaher Alsubaie,0599004694,jawaher.alsubaie4694@example.com,Riyadh,B006,2025-08-28,Classic,1
C04695,Turki Alzahrani,0599004695,turki.alzahrani4695@example.com,Qassim,B010,2026-03-12,Classic,1
C04696,Ghada Alsubaie,0599004696,ghada.alsubaie4696@example.com,Al Kharj,B011,2022-04-25,Classic,1
C04697,Haya Alamri,0512345,haya.alamri4697@example.com,Riyadh,B002,2025-10-14,Silver,1
C04698,Haya Aldawsari,0599004698,haya.aldawsari4698@example.com,Tabuk,B037,2022-04-30,Gold,1
C04699,Hessa Alotaibi,0599004699,hessa.alotaibi4699@example.com,Riyadh,B005,2024-10-23,Platinum,1
C04700,Jawaher Alhajri,0599004700,jawaher.alhajri4700@example.com,Al Kharj,B011,2025-04-28,Classic,0
C04701,Mona Alshammari,0599004701,mona.alshammari4701@example.com,Najran,B034,2026-02-08,Classic,1
C04702,Sara Alqahtani,0599004702,sara.alqahtani4702@example.com,Al Kharj,B011,2024-08-17,Classic,1
C04703,Fahad Alenezi,0599004703,fahad.alenezi4703@example.com,Khobar,B029,2025-03-20,Gold,0
C04704,Lulwa Alzahrani,0599004704,lulwa.alzahrani4704@example.com,Khobar,B024,2024-07-11,Silver,1
C04705,Faisal Alkhaldi,0599004705,faisal.alkhaldi4705@example.com,Dhahran,B030,2025-05-30,Silver,1
C04706,Shahad Almalki,0599004706,shahad.almalki4706@example.com,Jeddah,B014,2025-01-11,Gold,0
C04707,Maha Alharbi,0599004707,maha.alharbi4707@example.com,Qassim,B010,2021-11-06,Classic,0
C04708,Noura Alyami,0599004708,noura.alyami4708@example.com,Jeddah,B016,2022-10-29,Classic,1
C04709,Amal Albalawi,0599004709,amal.albalawi4709@example.com,Jeddah,B017,2023-06-22,Classic,1
C04710,Ziyad Almutairi,0599004710,ziyad.almutairi4710@example.com,Dhahran,B025,2025-08-31,Gold,
C04711,Lulwa Alsaeed,0599004711,lulwa.alsaeed4711@example.com,Dammam,B023,2023-12-12,Silver,0
C04712,Sultan Alkhaldi,0599004712,sultan.alkhaldi4712@example.com,Makkah,B018,2025-03-23,Platinum,0
C04713,Ghada Alkhaldi,0599004713,ghada.alkhaldi4713@example.com,Tabuk,B040,2023-08-23,Platinum,1
C04714,Fahad Alanazi,0599004714,fahad.alanazi4714@example.com,Khobar,B024,2024-03-01,Gold,0
C04715,Jawaher Alharbi,0599004715,jawaher.alharbi4715@example.com,Dhahran,B025,2023-08-02,Silver,1
C04716,Sultan Alhajri,0599004716,sultan.alhajri4716@example.com,Najran,B034,2022-11-20,Silver,0
C04717,Majed Alamri,0599004717,majed.alamri4717@example.com,Riyadh,B005,2023-04-08,Platinum,0
C04718,Sultan Alanazi,0599004718,sultan.alanazi4718@example.com,Dammam,B023,2021-10-11,Classic,1
C04719,Haya Alghamdi,0599004719,haya.alghamdi4719@example.com,Riyadh,B002,2022-08-23,Classic,1
C04720,Yousef Alzahrani,0599004720,yousef.alzahrani4720@example.com,Dammam,B023,2022-11-19,Classic,0
C04721,Ziyad Alyami,5512345678,ziyad.alyami4721@example.com,Dhahran,B030,2024-03-13,Silver,1
C04722,Lama Alsaeed,0599004722,lama.alsaeed4722@example.com,Qassim,B010,2022-05-01,Classic,0
C04723,Majed Alamri,0599004723,majed.alamri4723@example.com,Qassim,B010,2023-06-27,Silver,1
C04724,Nasser Almutairi,0599004724,nasser.almutairi4724@example.com,Taif,B020,2025-05-21,Classic,1
C04725,Faisal Alhajri,0599004725,faisal.alhajri4725@example.com,Riyadh,B003,2023-10-01,Silver,0
C04726,Ziyad Alrashidi,0599004726,ziyad.alrashidi4726@example.com,Khobar,B029,2025-11-21,Silver,1
C04727,Rakan Alshehri,0599004727,rakan.alshehri4727@example.com,Jeddah,B013,2024-03-06,Classic,1
C04728,Shahad Alshammari,0599004728,shahad.alshammari4728@example.com,Riyadh,B006,2024-02-17,Gold,0
C04729,Khalid Alshehri,05123456789,khalid.alshehri4729@example.com,Riyadh,B012,2021-09-30,Silver,1
C04730,Saud Alsaeed,0599004730,saud.alsaeed4730@example.com,Riyadh,B001,2025-01-03,Classic,1
C04731,Turki Alnaimi,0599004731,turki.alnaimi4731@example.com,Jeddah,B022,2021-09-04,Silver,1
C04732,Sara Alshehri,0599004732,sara.alshehri4732@example.com,Tabuk,B037,2021-11-30,Classic,1
C04733,Saud Alharbi,0599004733,saud.alharbi4733@example.com,Abha,B031,2024-08-01,Classic,1
C04734,Khalid Alnaimi,0599004734,khalid.alnaimi4734@example.com,Dhahran,B025,2025-10-01,Silver,1
C04735,Reem Alzahrani,5512345678,reem.alzahrani4735@example.com,Qassim,B010,2023-10-22,Classic,0
C04736,Ghada Alharbi,0599004736,ghada.alharbi4736@example.com,Jeddah,B015,2025-03-23,Classic,0
C04737,Omar Albalawi,0599004737,omar.albalawi4737@example.com,Jazan,B033,2026-03-24,Classic,1
C04738,Ali Alshehri,0599004738,ali.alshehri4738@example.com,Dhahran,B025,2021-09-11,Silver,1
C04739,Fahad Alkhaldi,0599004739,fahad.alkhaldi4739@example.com,Riyadh,B007,2022-12-21,Classic,1
C04740,Ziyad Alghamdi,0599004740,ziyad.alghamdi4740@example.com,Dhahran,B030,2022-01-09,Classic,1
C04741,Noura Alfaraj,0599004741,noura.alfaraj4741@example.com,Jazan,B033,2025-08-09,Classic,0
C04742,Mohammed Alzahrani,0599004742,mohammed.alzahrani4742@example.com,Jubail,B027,2026-03-06,Classic,0
C04743,Yousef Alenezi,0599004743,yousef.alenezi4743@example.com,Khobar,B029,2025-08-11,Gold,1
C04744,Hind Alfaraj,0599004744,hind.alfaraj4744@example.com,Al Kharj,B011,2023-07-30,Classic,1
C04745,Rakan Alshehri,0599004745,rakan.alshehri4745@example.com,Jeddah,B013,2024-03-24,Classic,1
C04746,Abdullah Alnaimi,0599004746,abdullah.alnaimi4746@example.com,Al Jouf,B039,2024-11-06,Gold,0
C04747,Reem Albalawi,0599004747,reem.albalawi4747@example.com,Dhahran,B030,2024-11-09,Classic,1
C04748,Hessa Alkhaldi,0599004748,hessa.alkhaldi4748@example.com,Abha,B031,2025-09-05,Gold,0
C04749,Mohammed Almalki,0599004749,mohammed.almalki4749@example.com,Dhahran,B030,2021-09-28,Classic,1
C04750,Bandar Alshammari,0599004750,bandar.alshammari4750@example.com,Al Kharj,B011,2024-06-07,Classic,0
C04751,Mohammed Alsubaie,0599004751,mohammed.alsubaie4751@example.com,Jeddah,B013,2023-07-12,Silver,1
C04752,Khalid Aldawsari,0599004752,khalid.aldawsari4752@example.com,Dhahran,B025,2026-03-16,Classic,0
C04753,Saud Alkhaldi,0599004753,saud.alkhaldi4753@example.com,Khamis Mushait,B036,2022-05-19,Gold,0
C04754,Maha Albalawi,0599004754,maha.albalawi4754@example.com,Jeddah,B016,2021-07-06,Classic,1
C04755,Sultan Alenezi,0599004755,sultan.alenezi4755@example.com,Jeddah,B014,2023-06-23,Classic,1
C04756,Ghada Alharbi,0599004756,ghada.alharbi4756@example.com,Abha,B035,2025-08-15,Classic,0
C04757,Yousef Aldossary,0599004757,yousef.aldossary4757@example.com,Jeddah,B014,2025-06-16,Platinum,0
C04758,Haya Alyami,0599004758,haya.alyami4758@example.com,Riyadh,B003,2022-09-26,Classic,1
C04759,Atheer Alshammari,0599004759,atheer.alshammari4759@example.com,Khamis Mushait,B032,2022-09-11,Classic,0
C04760,Atheer Aldossary,0599004760,atheer.aldossary4760@example.com,Jeddah,B022,2025-12-20,Classic,0
C04761,Turki Alharbi,0599004761,turki.alharbi4761@example.com,Khobar,B024,2024-01-23,Classic,1
C04762,Rakan Albalawi,0599004762,rakan.albalawi4762@example.com,Madinah,B019,2025-04-01,Classic,0
C04763,Omar Alqahtani,0599004763,omar.alqahtani4763@example.com,Jeddah,B016,2024-11-01,Classic,0
C04764,Lama Alotaibi,0599004764,lama.alotaibi4764@example.com,Riyadh,B005,2022-03-14,Classic,1
C04765,Ziyad Alkhaldi,0599004765,ziyad.alkhaldi4765@example.com,Riyadh,B008,2021-06-17,Classic,0
C04766,Amal Alrashidi,0599004766,amal.alrashidi4766@example.com,Riyadh,B009,2023-08-27,Classic,1
C04767,Shahad Alshehri,0599004767,shahad.alshehri4767@example.com,Jeddah,B015,2022-02-02,Classic,1
C04768,Ghada Aldossary,0599004768,ghada.aldossary4768@example.com,Riyadh,B008,2025-02-14,Classic,1
C04769,Hind Alhajri,0599004769,hind.alhajri4769@example.com,Madinah,B019,2024-02-04,Classic,1
C04770,Nasser Alrashidi,0599004770,nasser.alrashidi4770@example.com,Madinah,B019,2022-08-28,Classic,1
C04771,Amal Almalki,0599004771,amal.almalki4771@example.com,Riyadh,B001,2025-09-19,Silver,1
C04772,Fahad Alsubaie,0599004772,fahad.alsubaie4772@example.com,Riyadh,B005,2026-03-01,Classic,0
C04773,Mohammed Alshammari,0599004773,mohammed.alshammari4773@example.com,Makkah,B018,2023-04-12,Classic,
C04774,Haya Alnaimi,0599004774,haya.alnaimi4774@example.com,Riyadh,B012,2024-07-21,Classic,1
C04775,Lulwa Alshammari,0599004775,lulwa.alshammari4775@example.com,Riyadh,B001,2022-07-23,Classic,1
C04776,Faisal Alhajri,0599004776,faisal.alhajri4776@example.com,Jeddah,B017,2026-01-08,Classic,0
C04777,Rakan Almutairi,0599004777,rakan.almutairi4777@example.com,Riyadh,B007,2022-12-27,Silver,1
C04778,Hessa Almalki,0599004778,hessa.almalki4778@example.com,Jazan,B033,2025-12-21,Classic,
C04779,Khalid Almalki,0599004779,khalid.almalki4779@example.com,Riyadh,B001,2025-03-05,Classic,1
C04780,Maha Alqahtani,0599004780,maha.alqahtani4780@example.com,Taif,B020,2021-04-03,Silver,1
C04781,Jawaher Alyami,0599004781,jawaher.alyami4781@example.com,Riyadh,B004,2024-02-04,Classic,1
C04782,Ziyad Alshehri,0599004782,ziyad.alshehri4782@example.com,Riyadh,B009,2025-08-15,Classic,1
C04783,Omar Alzahrani,0599004783,omar.alzahrani4783@example.com,Jeddah,B016,2021-02-19,Classic,1
C04784,Amal Almutairi,0599004784,amal.almutairi4784@example.com,Riyadh,B005,2023-03-26,Classic,1
C04785,Rakan Almalki,0599004785,rakan.almalki4785@example.com,Khamis Mushait,B036,2024-03-23,Silver,
C04786,Hessa Alsubaie,0599004786,hessa.alsubaie4786@example.com,Madinah,B019,2022-03-28,Classic,0
C04787,Ali Alsubaie,0599004787,ali.alsubaie4787@example.com,Riyadh,B002,2025-01-09,Classic,0
C04788,Dana Aljohani,0599004788,dana.aljohani4788@example.com,Jeddah,B022,2024-12-18,Gold,0
C04789,Ghada Alyami,0599004789,ghada.alyami4789@example.com,Jeddah,B017,2023-09-21,Classic,0
C04790,Hind Alhajri,0599004790,hind.alhajri4790@example.com,Jeddah,B013,2021-12-10,Classic,0
C04791,Rawan Alyami,0599004791,rawan.alyami4791@example.com,Jeddah,B022,2021-07-02,Classic,0
C04792,Sultan Alhajri,0599004792,sultan.alhajri4792@example.com,Makkah,B018,2026-05-16,Classic,1
C04793,Maha Alanazi,0599004793,maha.alanazi4793@example.com,Dhahran,B030,2024-01-15,Silver,1
C04794,Bandar Aldawsari,966,bandar.aldawsari4794@example.com,Al Jouf,B039,2021-02-16,Classic,0
C04795,Ghada Alharbi,0599004795,ghada.alharbi4795@example.com,Taif,B020,2023-03-10,Gold,1
C04796,Abdullah Alsubaie,0599004796,abdullah.alsubaie4796@example.com,Riyadh,B004,2023-10-15,Silver,0
C04797,Noura Alotaibi,0599004797,noura.alotaibi4797@example.com,Khobar,B029,2025-01-16,Silver,1
C04798,Reem Alrashidi,0599004798,reem.alrashidi4798@example.com,Riyadh,B003,2021-09-21,Gold,1
C04799,Turki Alharbi,0599004799,turki.alharbi4799@example.com,Dammam,B023,2024-07-21,Classic,
C04800,Rakan Aljohani,0599004800,rakan.aljohani4800@example.com,Makkah,B018,2022-09-05,Classic,1
C04801,Maha Alotaibi,0599004801,maha.alotaibi4801@example.com,Jeddah,B014,2024-05-24,Silver,1
C04802,Jawaher Alenezi,0599004802,jawaher.alenezi4802@example.com,Madinah,B019,2022-04-10,Silver,1
C04803,Noura Aljohani,0599004803,noura.aljohani4803@example.com,Riyadh,B012,2021-12-19,Classic,1
C04804,Saud Alotaibi,0599004804,saud.alotaibi4804@example.com,Khobar,B029,2025-01-05,Classic,1
C04805,Majed Aldossary,0599004805,majed.aldossary4805@example.com,Makkah,B018,2025-05-22,Classic,1
C04806,Omar Alotaibi,0599004806,omar.alotaibi4806@example.com,Riyadh,B002,2022-08-21,Classic,1
C04807,Lulwa Alenezi,0599004807,lulwa.alenezi4807@example.com,Riyadh,B009,2023-03-14,Silver,1
C04808,Lama Almutairi,0599004808,lama.almutairi4808@example.com,Madinah,B019,2025-02-17,Classic,1
C04809,Shahad Alshammari,0599004809,shahad.alshammari4809@example.com,Jeddah,B021,2021-03-29,Classic,1
C04810,Abdullah Aldawsari,0599004810,abdullah.aldawsari4810@example.com,Riyadh,B004,2025-12-10,Platinum,1
C04811,Majed Alsubaie,0599004811,majed.alsubaie4811@example.com,Jazan,B033,2021-08-08,Platinum,0
C04812,Sara Alyami,0599004812,sara.alyami4812@example.com,Jazan,B033,2024-02-25,Classic,1
C04813,Mona Alshehri,0599004813,mona.alshehri4813@example.com,Riyadh,B006,2025-01-22,Gold,1
C04814,Lulwa Alamri,0599004814,lulwa.alamri4814@example.com,Najran,B034,2021-08-23,Gold,1
C04815,Faisal Alnaimi,0599004815,faisal.alnaimi4815@example.com,Qassim,B010,2021-08-18,Gold,1
C04816,Abdullah Alnaimi,0599004816,abdullah.alnaimi4816@example.com,Jeddah,B013,2024-03-19,Silver,1
C04817,Ali Alqahtani,0599004817,ali.alqahtani4817@example.com,Dammam,B023,2026-05-20,Silver,1
C04818,Mona Alrashidi,0599004818,mona.alrashidi4818@example.com,Jeddah,B017,2023-11-04,Platinum,1
C04819,Dana Alotaibi,0599004819,dana.alotaibi4819@example.com,Najran,B034,2026-02-09,Classic,1
C04820,Yousef Alrashidi,0599004820,yousef.alrashidi4820@example.com,Jeddah,B014,2023-02-06,Silver,0
C04821,Lulwa Alshehri,0599004821,lulwa.alshehri4821@example.com,Khobar,B024,2022-02-16,Silver,1
C04822,Ahmed Alsubaie,0599004822,ahmed.alsubaie4822@example.com,Khamis Mushait,B032,2022-06-24,Silver,1
C04823,Hind Aljohani,0599004823,hind.aljohani4823@example.com,Khamis Mushait,B032,2025-04-23,Classic,1
C04824,Ghada Alkhaldi,0599004824,ghada.alkhaldi4824@example.com,Qassim,B010,2022-07-24,Classic,1
C04825,Mona Alsubaie,0599004825,mona.alsubaie4825@example.com,Hail,B038,2022-01-28,Classic,1
C04826,Bandar Alyami,0599004826,bandar.alyami4826@example.com,Riyadh,B008,2025-03-19,Silver,0
C04827,Maha Alanazi,0599004827,maha.alanazi4827@example.com,Najran,B034,2024-10-22,Silver,1
C04828,Fahad Alharbi,0599004828,fahad.alharbi4828@example.com,Riyadh,B001,2021-06-08,Classic,1
C04829,Dana Alqahtani,0599004829,dana.alqahtani4829@example.com,Khobar,B029,2025-06-13,Silver,0
C04830,Sara Alzahrani,0599004830,sara.alzahrani4830@example.com,Dammam,B028,2022-06-25,Silver,1
C04831,Atheer Alfaraj,0599004831,atheer.alfaraj4831@example.com,Taif,B020,2025-08-14,Silver,1
C04832,Abdullah Aldawsari,0599004832,abdullah.aldawsari4832@example.com,Khobar,B029,2026-01-05,Silver,1
C04833,Majed Alshehri,0599004833,majed.alshehri4833@example.com,Jeddah,B016,2023-10-28,Gold,0
C04834,Hind Aldawsari,0599004834,hind.aldawsari4834@example.com,Makkah,B018,2025-06-10,Gold,1
C04835,Faisal Alshehri,0599004835,faisal.alshehri4835@example.com,Jubail,B027,2025-11-01,Classic,1
C04836,Bandar Alsaeed,0599004836,bandar.alsaeed4836@example.com,Makkah,B018,2022-06-10,Classic,1
C04837,Omar Alghamdi,0599004837,omar.alghamdi4837@example.com,Abha,B031,2021-12-05,Silver,0
C04838,Atheer Alfaraj,0599004838,atheer.alfaraj4838@example.com,Riyadh,B001,2026-02-11,Classic,0
C04839,Jawaher Alharbi,0599004839,jawaher.alharbi4839@example.com,Riyadh,B012,2025-04-04,Silver,1
C04840,Yousef Aldawsari,0599004840,yousef.aldawsari4840@example.com,Khamis Mushait,B036,2025-10-20,Gold,0
C04841,Amal Alanazi,0599004841,amal.alanazi4841@example.com,Riyadh,B012,2021-07-16,Gold,1
C04842,Lama Alanazi,0599004842,lama.alanazi4842@example.com,Abha,B031,2025-09-17,Classic,1
C04843,Reem Alotaibi,0599004843,reem.alotaibi4843@example.com,Jeddah,B022,2026-05-02,Silver,1
C04844,Omar Alnaimi,0599004844,omar.alnaimi4844@example.com,Riyadh,B006,2026-03-11,Classic,1
C04845,Bandar Alshehri,0599004845,bandar.alshehri4845@example.com,Abha,B035,2021-09-20,Classic,0
C04846,Ahmed Aljohani,0599004846,ahmed.aljohani4846@example.com,Jeddah,B017,2023-07-22,Silver,0
C04847,Mona Aldawsari,0599004847,mona.aldawsari4847@example.com,Al Ahsa,B026,2023-08-25,Gold,1
C04848,Sultan Albalawi,0599004848,sultan.albalawi4848@example.com,Madinah,B019,2025-12-09,Silver,0
C04849,Noura Alhajri,0599004849,noura.alhajri4849@example.com,Riyadh,B008,2024-02-09,Silver,0
C04850,Hessa Alhajri,0599004850,hessa.alhajri4850@example.com,Khobar,B024,2023-08-17,Silver,1
C04851,Lulwa Alshehri,0599004851,lulwa.alshehri4851@example.com,Jeddah,B021,2022-01-22,Classic,1
C04852,Rawan Alkhaldi,0599004852,rawan.alkhaldi4852@example.com,Makkah,B018,2026-03-25,Classic,0
C04853,Lulwa Alshehri,0599004853,lulwa.alshehri4853@example.com,Jubail,B027,2021-09-30,Classic,1
C04854,Hessa Alzahrani,0599004854,hessa.alzahrani4854@example.com,Madinah,B019,2021-11-26,Gold,1
C04855,Sultan Alsaeed,0599004855,sultan.alsaeed4855@example.com,Riyadh,B004,2025-10-17,Classic,0
C04856,Atheer Albalawi,0599004856,atheer.albalawi4856@example.com,Madinah,B019,2022-08-20,Platinum,1
C04857,Turki Alnaimi,0599004857,turki.alnaimi4857@example.com,Riyadh,B007,2023-04-04,Classic,1
C04858,Ziyad Alharbi,0599004858,ziyad.alharbi4858@example.com,Jeddah,B021,2025-11-01,Classic,1
C04859,Majed Alrashidi,0599004859,majed.alrashidi4859@example.com,Jeddah,B014,2026-05-06,Silver,1
C04860,Lulwa Alharbi,0599004860,lulwa.alharbi4860@example.com,Riyadh,B008,2022-07-22,Silver,0
C04861,Rakan Alotaibi,0599004861,rakan.alotaibi4861@example.com,Taif,B020,2023-10-01,Gold,1
C04862,Amal Alamri,0599004862,amal.alamri4862@example.com,Riyadh,B006,2026-04-26,Classic,1
C04863,Yousef Alenezi,0599004863,yousef.alenezi4863@example.com,Dhahran,B025,2024-02-17,Platinum,0
C04864,Rawan Alzahrani,0599004864,rawan.alzahrani4864@example.com,Riyadh,B009,2026-01-11,Classic,1
C04865,Abdullah Aljohani,0599004865,abdullah.aljohani4865@example.com,Taif,B020,2025-12-26,Classic,1
C04866,Hind Aljohani,0599004866,hind.aljohani4866@example.com,Najran,B034,2021-10-15,Gold,0
C04867,Faisal Alanazi,0599004867,faisal.alanazi4867@example.com,Al Kharj,B011,2025-11-20,Classic,0
C04868,Ghada Alrashidi,0599004868,ghada.alrashidi4868@example.com,Jeddah,B014,2022-02-23,Gold,1
C04869,Majed Alsaeed,0599004869,majed.alsaeed4869@example.com,Riyadh,B005,2022-12-26,Silver,0
C04870,Shahad Alzahrani,0599004870,shahad.alzahrani4870@example.com,Madinah,B019,2024-09-04,Silver,1
C04871,Omar Alghamdi,0599004871,omar.alghamdi4871@example.com,Al Kharj,B011,2021-06-15,Classic,1
C04872,Yousef Albalawi,0599004872,yousef.albalawi4872@example.com,Taif,B020,2025-05-17,Gold,1
C04873,Rawan Alqahtani,0599004873,rawan.alqahtani4873@example.com,Jeddah,B014,2026-04-19,Classic,
C04874,Haya Almalki,0599004874,haya.almalki4874@example.com,Tabuk,B037,2021-10-15,Classic,1
C04875,Turki Alanazi,0599004875,turki.alanazi4875@example.com,Abha,B031,2026-02-20,Silver,0
C04876,Rakan Alyami,0599004876,rakan.alyami4876@example.com,Qassim,B010,2021-09-25,Gold,0
C04877,Mona Almalki,0599004877,mona.almalki4877@example.com,Jazan,B033,2026-01-19,Classic,0
C04878,Dana Alhajri,0599004878,dana.alhajri4878@example.com,Riyadh,B006,2026-04-29,Platinum,1
C04879,Omar Alnaimi,0599004879,omar.alnaimi4879@example.com,Riyadh,B002,2024-07-12,Platinum,1
C04880,Atheer Alghamdi,0599004880,atheer.alghamdi4880@example.com,Riyadh,B004,2026-01-23,Classic,0
C04881,Mona Almutairi,0599004881,mona.almutairi4881@example.com,Riyadh,B007,2022-08-08,Classic,1
C04882,Majed Alharbi,0599004882,majed.alharbi4882@example.com,Makkah,B018,2021-08-10,Silver,0
C04883,Shahad Alrashidi,0599004883,shahad.alrashidi4883@example.com,Jeddah,B021,2026-01-15,Classic,1
C04884,Jawaher Alnaimi,0599004884,jawaher.alnaimi4884@example.com,Qassim,B010,2022-06-14,Classic,0
C04885,Omar Albalawi,0599004885,omar.albalawi4885@example.com,Khobar,B029,2022-08-11,Classic,1
C04886,Ali Alqahtani,0599004886,ali.alqahtani4886@example.com,Khobar,B024,2026-04-07,Silver,0
C04887,Dana Aldossary,0599004887,dana.aldossary4887@example.com,Al Kharj,B011,2021-02-05,Classic,0
C04888,Ghada Alghamdi,0599004888,ghada.alghamdi4888@example.com,Jeddah,B015,2022-03-12,Silver,0
C04889,Ahmed Alamri,0599004889,ahmed.alamri4889@example.com,Jeddah,B013,2023-05-02,Silver,1
C04890,Mona Alshammari,0599004890,mona.alshammari4890@example.com,Riyadh,B001,2025-03-08,Silver,1
C04891,Maha Alamri,0599004891,maha.alamri4891@example.com,Hail,B038,2024-04-19,Classic,1
C04892,Jawaher Alrashidi,0599004892,jawaher.alrashidi4892@example.com,Jeddah,B017,2024-04-01,Classic,
C04893,Hessa Alsubaie,0599004893,hessa.alsubaie4893@example.com,Dhahran,B030,2025-10-30,Platinum,0
C04894,Sultan Alghamdi,0599004894,sultan.alghamdi4894@example.com,Riyadh,B007,2026-04-30,Silver,1
C04895,Sultan Alamri,0599004895,sultan.alamri4895@example.com,Riyadh,B003,2023-09-23,Silver,1
C04896,Turki Alqahtani,0599004896,turki.alqahtani4896@example.com,Hail,B038,2025-07-12,Classic,1
C04897,Sara Aljohani,0599004897,sara.aljohani4897@example.com,Jeddah,B015,2025-03-07,Silver,1
C04898,Faisal Alshehri,0599004898,faisal.alshehri4898@example.com,Riyadh,B001,2025-11-10,Silver,1
C04899,Majed Alrashidi,0599004899,majed.alrashidi4899@example.com,Riyadh,B003,2024-09-10,Classic,0
C04900,Reem Alhajri,0599004900,reem.alhajri4900@example.com,Al Jouf,B039,2025-12-28,Silver,1
C04901,Amal Alyami,0599004901,amal.alyami4901@example.com,Dhahran,B030,2021-01-07,Platinum,1
C04902,Yousef Alanazi,0599004902,yousef.alanazi4902@example.com,Riyadh,B006,2021-08-10,Gold,1
C04903,Jawaher Alfaraj,0599004903,jawaher.alfaraj4903@example.com,Riyadh,B003,2021-04-08,Silver,0
C04904,Amal Alamri,0599004904,amal.alamri4904@example.com,Jeddah,B021,2023-05-19,Silver,1
C04905,Majed Alsaeed,0599004905,majed.alsaeed4905@example.com,Abha,B031,2023-01-08,Classic,1
C04906,Abdullah Alenezi,0599004906,abdullah.alenezi4906@example.com,Riyadh,B003,2022-09-14,Classic,0
C04907,Lama Alharbi,0599004907,lama.alharbi4907@example.com,Jeddah,B015,2025-06-09,Platinum,1
C04908,Omar Alghamdi,0599004908,omar.alghamdi4908@example.com,Riyadh,B009,2024-04-20,Classic,1
C04909,Omar Alqahtani,0599004909,omar.alqahtani4909@example.com,Abha,B031,2025-08-09,Silver,1
C04910,Lulwa Alrashidi,0599004910,lulwa.alrashidi4910@example.com,Riyadh,B002,2024-09-20,Classic,1
C04911,Lulwa Alghamdi,0599004911,lulwa.alghamdi4911@example.com,Riyadh,B008,2022-06-12,Silver,1
C04912,Ali Alqahtani,0599004912,ali.alqahtani4912@example.com,Dhahran,B025,2025-08-04,Gold,1
C04913,Ahmed Alsubaie,0599004913,ahmed.alsubaie4913@example.com,Al Kharj,B011,2026-01-19,Classic,0
C04914,Majed Almalki,0599004914,majed.almalki4914@example.com,Khamis Mushait,B032,2025-08-17,Silver,0
C04915,Noura Alghamdi,0599004915,noura.alghamdi4915@example.com,Khamis Mushait,B032,2022-05-30,Gold,1
C04916,Hind Alsaeed,0599004916,hind.alsaeed4916@example.com,Riyadh,B007,2025-03-27,Classic,1
C04917,Amal Alfaraj,0599004917,amal.alfaraj4917@example.com,Riyadh,B012,2023-10-21,Classic,1
C04918,Lama Aldawsari,0599004918,lama.aldawsari4918@example.com,Jeddah,B014,2022-09-16,Silver,1
C04919,Ahmed Alrashidi,0599004919,ahmed.alrashidi4919@example.com,Dhahran,B025,2025-03-25,Classic,0
C04920,Hind Alsubaie,0599004920,hind.alsubaie4920@example.com,Riyadh,B006,2026-05-15,Classic,1
C04921,Lama Alanazi,0599004921,lama.alanazi4921@example.com,Riyadh,B008,2026-02-12,Classic,0
C04922,Sultan Alsubaie,0599004922,sultan.alsubaie4922@example.com,Riyadh,B009,2026-02-02,Classic,1
C04923,Lulwa Alenezi,0599004923,lulwa.alenezi4923@example.com,Khamis Mushait,B036,2024-02-02,Silver,0
C04924,Ziyad Alsaeed,0599004924,ziyad.alsaeed4924@example.com,Riyadh,B004,2026-04-29,Gold,0
C04925,Atheer Alhajri,0599004925,atheer.alhajri4925@example.com,Riyadh,B006,2024-01-29,Classic,1
C04926,Majed Alanazi,0599004926,majed.alanazi4926@example.com,Riyadh,B004,2022-09-07,Silver,0
C04927,Saud Alyami,0599004927,saud.alyami4927@example.com,Riyadh,B008,2026-05-11,Silver,1
C04928,Haya Alsaeed,0599004928,haya.alsaeed4928@example.com,Tabuk,B037,2022-10-18,Classic,0
C04929,Abdullah Alkhaldi,0000000000,abdullah.alkhaldi4929@example.com,Abha,B035,2023-08-01,Classic,0
C04930,Sultan Aldossary,0599004930,sultan.aldossary4930@example.com,Riyadh,B007,2023-05-11,Classic,1
C04931,Sara Alenezi,0599004931,sara.alenezi4931@example.com,Khamis Mushait,B036,2025-04-08,Gold,0
C04932,Majed Alenezi,0599004932,majed.alenezi4932@example.com,Jeddah,B015,2024-05-22,Silver,1
C04933,Nasser Alshehri,0599004933,nasser.alshehri4933@example.com,Riyadh,B007,2025-09-20,Silver,0
C04934,Dana Alnaimi,0599004934,dana.alnaimi4934@example.com,Jeddah,B021,2022-12-06,Silver,1
C04935,Hind Alamri,0599004935,hind.alamri4935@example.com,Jeddah,B016,2021-10-09,Gold,1
C04936,Turki Alamri,0599004936,turki.alamri4936@example.com,Riyadh,B003,2026-04-26,Platinum,1
C04937,Majed Alkhaldi,0599004937,majed.alkhaldi4937@example.com,Khamis Mushait,B032,2021-05-31,Silver,1
C04938,Omar Alghamdi,0599004938,omar.alghamdi4938@example.com,Najran,B034,2023-04-24,Classic,1
C04939,Lulwa Alanazi,0599004939,lulwa.alanazi4939@example.com,Jeddah,B017,2021-07-28,Classic,1
C04940,Sara Alsaeed,0599004940,sara.alsaeed4940@example.com,Jubail,B027,2021-07-01,Silver,1
C04941,Rawan Alsubaie,0599004941,rawan.alsubaie4941@example.com,Tabuk,B040,2025-03-14,Classic,1
C04942,Haya Alnaimi,0599004942,haya.alnaimi4942@example.com,Najran,B034,2025-01-13,Classic,1
C04943,Saud Alhajri,966,saud.alhajri4943@example.com,Jeddah,B017,2024-10-02,Gold,1
C04944,Ziyad Almutairi,0599004944,ziyad.almutairi4944@example.com,Jazan,B033,2025-05-22,Classic,1
C04945,Bandar Alhajri,0599004945,bandar.alhajri4945@example.com,Jazan,B033,2023-04-27,Classic,1
C04946,Shahad Alkhaldi,0599004946,shahad.alkhaldi4946@example.com,Jazan,B033,2021-12-22,Classic,0
C04947,Bandar Albalawi,0599004947,bandar.albalawi4947@example.com,Qassim,B010,2025-04-27,Classic,1
C04948,Amal Alsaeed,0599004948,amal.alsaeed4948@example.com,Riyadh,B004,2025-10-15,Classic,1
C04949,Abdullah Alkhaldi,0599004949,abdullah.alkhaldi4949@example.com,Riyadh,B009,2021-10-27,Classic,1
C04950,Hessa Alzahrani,0599004950,hessa.alzahrani4950@example.com,Jeddah,B015,2025-11-10,Silver,0
C04951,Bandar Alshehri,0599004951,bandar.alshehri4951@example.com,Khamis Mushait,B032,2025-02-28,Silver,1
C04952,Khalid Alfaraj,0599004952,khalid.alfaraj4952@example.com,Jubail,B027,2025-07-20,Classic,1
C04953,Sara Alqahtani,0599004953,sara.alqahtani4953@example.com,Riyadh,B002,2023-08-02,Gold,0
C04954,Jawaher Almutairi,0599004954,jawaher.almutairi4954@example.com,Jeddah,B013,2026-05-29,Classic,0
C04955,Lama Alnaimi,0599004955,lama.alnaimi4955@example.com,Khobar,B024,2022-04-06,Silver,0
C04956,Khalid Albalawi,0599004956,khalid.albalawi4956@example.com,Hail,B038,2025-03-24,Gold,
C04957,Yousef Almutairi,0599004957,yousef.almutairi4957@example.com,Riyadh,B004,2023-12-16,Silver,1
C04958,Ahmed Alshammari,0599004958,ahmed.alshammari4958@example.com,Al Kharj,B011,2025-09-05,Classic,1
C04959,Ziyad Almalki,0599004959,ziyad.almalki4959@example.com,Khamis Mushait,B032,2026-02-17,Classic,0
C04960,Omar Alsaeed,0599004960,omar.alsaeed4960@example.com,Jeddah,B016,2022-03-17,Classic,0
C04961,Noura Almalki,0599004961,noura.almalki4961@example.com,Riyadh,B003,2023-11-16,Silver,1
C04962,Lama Almutairi,0599004962,lama.almutairi4962@example.com,Riyadh,B009,2026-06-07,Classic,1
C04963,Noura Alyami,0599004963,noura.alyami4963@example.com,Riyadh,B009,2021-10-16,Classic,1
C04964,Majed Alqahtani,0599004964,majed.alqahtani4964@example.com,Riyadh,B009,2022-03-23,Classic,0
C04965,Hessa Alsaeed,0599004965,hessa.alsaeed4965@example.com,Riyadh,B012,2025-07-12,Silver,0
C04966,Ziyad Albalawi,0599004966,ziyad.albalawi4966@example.com,Taif,B020,2023-03-26,Gold,1
C04967,Sara Alshammari,0599004967,sara.alshammari4967@example.com,Riyadh,B012,2022-03-30,Silver,1
C04968,Maha Alfaraj,0599004968,maha.alfaraj4968@example.com,Madinah,B019,2022-04-17,Gold,1
C04969,Sara Alfaraj,0599004969,sara.alfaraj4969@example.com,Riyadh,B006,2021-01-17,Silver,1
C04970,Bandar Almutairi,0599004970,bandar.almutairi4970@example.com,Riyadh,B006,2021-09-13,Silver,1
C04971,Majed Alyami,0599004971,majed.alyami4971@example.com,Riyadh,B002,2025-09-25,Classic,0
C04972,Ali Aldossary,0599004972,ali.aldossary4972@example.com,Abha,B031,2023-02-10,Silver,1
C04973,Sara Alyami,0599004973,sara.alyami4973@example.com,Jeddah,B022,2023-01-29,Classic,0
C04974,Majed Alfaraj,0599004974,majed.alfaraj4974@example.com,Khobar,B029,2026-01-28,Gold,1
C04975,Omar Alqahtani,0599004975,omar.alqahtani4975@example.com,Khamis Mushait,B036,2021-07-25,Gold,0
C04976,Khalid Alfaraj,0599004976,khalid.alfaraj4976@example.com,Riyadh,B007,2024-02-05,Classic,1
C04977,Faisal Alanazi,0599004977,faisal.alanazi4977@example.com,Jeddah,B013,2022-06-03,Silver,1
C04978,Khalid Aldawsari,0599004978,khalid.aldawsari4978@example.com,Al Kharj,B011,2025-12-12,Classic,0
C04979,Fahad Alsubaie,0599004979,fahad.alsubaie4979@example.com,Khobar,B029,2025-06-01,Silver,1
C04980,Ahmed Albalawi,0599004980,ahmed.albalawi4980@example.com,Riyadh,B003,2023-09-23,Gold,1
C04981,Amal Alanazi,0599004981,amal.alanazi4981@example.com,Tabuk,B037,2022-09-29,Classic,1
C04982,Dana Alenezi,0599004982,dana.alenezi4982@example.com,Jeddah,B014,2021-12-19,Silver,1
C04983,Mona Alrashidi,0599004983,mona.alrashidi4983@example.com,Jeddah,B015,2025-07-24,Classic,1
C04984,Faisal Alkhaldi,0599004984,faisal.alkhaldi4984@example.com,Abha,B035,2023-06-08,Classic,1
C04985,Bandar Alzahrani,0599004985,bandar.alzahrani4985@example.com,Riyadh,B004,2024-10-03,Classic,1
C04986,Fahad Alhajri,0599004986,fahad.alhajri4986@example.com,Al Jouf,B039,2025-01-15,Classic,1
C04987,Faisal Almalki,0599004987,faisal.almalki4987@example.com,Riyadh,B002,2026-03-02,Silver,1
C04988,Sultan Almalki,0599004988,sultan.almalki4988@example.com,Jubail,B027,2022-08-30,Classic,0
C04989,Omar Alghamdi,0599004989,omar.alghamdi4989@example.com,Riyadh,B002,2025-05-01,Classic,1
C04990,Omar Aldossary,0599004990,omar.aldossary4990@example.com,Riyadh,B001,2025-12-21,Classic,1
C04991,Jawaher Alamri,0599004991,jawaher.alamri4991@example.com,Riyadh,B001,2023-11-29,Classic,0
C04992,Mona Alshehri,0599004992,mona.alshehri4992@example.com,Jeddah,B016,2021-01-12,Classic,1
C04993,Dana Almutairi,0599004993,dana.almutairi4993@example.com,Tabuk,B040,2025-08-04,Classic,1
C04994,Omar Alsaeed,0599004994,omar.alsaeed4994@example.com,Riyadh,B002,2024-09-04,Silver,1
C04995,Majed Alenezi,0599004995,majed.alenezi4995@example.com,Hail,B038,2022-04-06,Gold,1
C04996,Khalid Alotaibi,0599004996,khalid.alotaibi4996@example.com,Taif,B020,2023-01-10,Classic,1
C04997,Abdullah Alotaibi,0599004997,abdullah.alotaibi4997@example.com,Jazan,B033,2024-10-11,Classic,0
C04998,Jawaher Aljohani,0599004998,jawaher.aljohani4998@example.com,Qassim,B010,2023-01-02,Silver,1
C04999,Lulwa Alshammari,0599004999,lulwa.alshammari4999@example.com,Qassim,B010,2022-09-23,Classic,1
C05000,Shahad Alzahrani,0599005000,shahad.alzahrani5000@example.com,Dammam,B023,2024-03-02,Classic,
C05001,Ziyad Alghamdi,0599005001,ziyad.alghamdi5001@example.com,Jazan,B033,2025-05-29,Silver,1
C05002,Noura Alfaraj,0599005002,noura.alfaraj5002@example.com,Riyadh,B002,2023-11-18,Silver,0
C05003,Ahmed Alghamdi,0599005003,ahmed.alghamdi5003@example.com,Qassim,B010,2022-09-25,Silver,1
C05004,Fahad Almutairi,0599005004,fahad.almutairi5004@example.com,Khobar,B029,2023-08-26,Silver,0
C05005,Abdullah Alkhaldi,0599005005,abdullah.alkhaldi5005@example.com,Riyadh,B002,2022-04-22,Gold,1
C05006,Faisal Alsaeed,0599005006,faisal.alsaeed5006@example.com,Al Ahsa,B026,2023-09-01,Classic,1
C05007,Saud Alkhaldi,0599005007,saud.alkhaldi5007@example.com,Dammam,B023,2022-02-27,Silver,1
C05008,Saud Aldossary,0599005008,saud.aldossary5008@example.com,Al Ahsa,B026,2024-09-03,Classic,1
C05009,Sara Alotaibi,0599005009,sara.alotaibi5009@example.com,Al Kharj,B011,2024-05-17,Classic,0
C05010,Omar Alenezi,0599005010,omar.alenezi5010@example.com,Jeddah,B013,2022-06-13,Classic,1
C05011,Rakan Alamri,0599005011,rakan.alamri5011@example.com,Al Ahsa,B026,2026-03-07,Silver,1
C05012,Omar Alshehri,0599005012,omar.alshehri5012@example.com,Dhahran,B025,2025-05-01,Classic,1
C05013,Bandar Alamri,0599005013,bandar.alamri5013@example.com,Khobar,B029,2025-06-20,Silver,1
C05014,Faisal Alsaeed,0599005014,faisal.alsaeed5014@example.com,Jeddah,B022,2024-10-13,Classic,1
C05015,Hessa Alenezi,0599005015,hessa.alenezi5015@example.com,Riyadh,B008,2021-09-02,Classic,1
C05016,Rawan Alkhaldi,0599005016,rawan.alkhaldi5016@example.com,Jeddah,B017,2025-08-02,Gold,0
C05017,Ali Aldossary,0599005017,ali.aldossary5017@example.com,Najran,B034,2025-03-24,Classic,1
C05018,Sultan Alghamdi,0599005018,sultan.alghamdi5018@example.com,Riyadh,B004,2026-04-22,Classic,
C05019,Rawan Alanazi,0599005019,rawan.alanazi5019@example.com,Riyadh,B004,2025-01-29,Classic,0
C05020,Reem Alenezi,0599005020,reem.alenezi5020@example.com,Jeddah,B021,2023-11-29,Gold,1
C05021,Majed Alzahrani,0599005021,majed.alzahrani5021@example.com,Khobar,B024,2025-01-04,Classic,1
C05022,Rakan Albalawi,0599005022,rakan.albalawi5022@example.com,Qassim,B010,2022-07-22,Classic,1
C05023,Maha Alyami,0599005023,maha.alyami5023@example.com,Al Kharj,B011,2021-07-24,Classic,1
C05024,Hessa Alharbi,0599005024,hessa.alharbi5024@example.com,Riyadh,B006,2025-12-04,Classic,1
C05025,Fahad Albalawi,0599005025,fahad.albalawi5025@example.com,Jeddah,B017,2021-06-29,Gold,1
C05026,Mohammed Alanazi,0599005026,mohammed.alanazi5026@example.com,Riyadh,B006,2024-09-25,Silver,1
C05027,Ali Aljohani,0599005027,ali.aljohani5027@example.com,Jubail,B027,2026-05-06,Classic,0
C05028,Omar Alotaibi,0599005028,omar.alotaibi5028@example.com,Jazan,B033,2026-01-22,Platinum,0
C05029,Ziyad Aldawsari,0599005029,ziyad.aldawsari5029@example.com,Riyadh,B003,2021-12-26,Classic,1
C05030,Shahad Aldossary,0599005030,shahad.aldossary5030@example.com,Khobar,B029,2022-01-08,Classic,1
C05031,Saud Alotaibi,0599005031,saud.alotaibi5031@example.com,Riyadh,B003,2021-07-21,Silver,0
C05032,Rawan Alhajri,0599005032,rawan.alhajri5032@example.com,Dhahran,B025,2021-01-25,Classic,1
C05033,Ziyad Alsubaie,0599005033,ziyad.alsubaie5033@example.com,Abha,B031,2026-01-29,Silver,1
C05034,Fahad Alsubaie,0599005034,fahad.alsubaie5034@example.com,Dhahran,B030,2023-07-16,Classic,1
C05035,Noura Alrashidi,0599005035,noura.alrashidi5035@example.com,Khamis Mushait,B032,2022-02-26,Classic,0
C05036,Bandar Alshehri,0599005036,bandar.alshehri5036@example.com,Jeddah,B015,2025-01-11,Classic,1
C05037,Yousef Alsaeed,0599005037,yousef.alsaeed5037@example.com,Al Kharj,B011,2021-11-27,Classic,1
C05038,Hind Alanazi,0599005038,hind.alanazi5038@example.com,Hail,B038,2025-06-27,Silver,0
C05039,Omar Alnaimi,0599005039,omar.alnaimi5039@example.com,Jubail,B027,2022-10-25,Classic,1
C05040,Khalid Almutairi,0599005040,khalid.almutairi5040@example.com,Dhahran,B030,2024-10-05,Classic,0
C05041,Ghada Alsubaie,0599005041,ghada.alsubaie5041@example.com,Khamis Mushait,B036,2025-10-29,Silver,1
C05042,Ghada Alhajri,0599005042,ghada.alhajri5042@example.com,Riyadh,B009,2026-01-08,Gold,1
C05043,Turki Alkhaldi,0599005043,turki.alkhaldi5043@example.com,Jazan,B033,2022-05-04,Classic,1
C05044,Rakan Alsubaie,0599005044,rakan.alsubaie5044@example.com,Riyadh,B009,2022-03-21,Classic,1
C05045,Faisal Alnaimi,0599005045,faisal.alnaimi5045@example.com,Jeddah,B016,2025-07-10,Gold,1
C05046,Majed Alrashidi,0599005046,majed.alrashidi5046@example.com,Jeddah,B022,2022-02-19,Classic,0
C05047,Hessa Alotaibi,0599005047,hessa.alotaibi5047@example.com,Riyadh,B001,2023-10-27,Classic,1
C05048,Jawaher Almalki,0599005048,jawaher.almalki5048@example.com,Khobar,B029,2021-02-24,Silver,1
C05049,Hessa Alghamdi,0599005049,hessa.alghamdi5049@example.com,Jeddah,B015,2026-05-26,Gold,1
C05050,Sara Alfaraj,0599005050,sara.alfaraj5050@example.com,Riyadh,B001,2025-01-22,Gold,1
C05051,Noura Alsubaie,0599005051,noura.alsubaie5051@example.com,Jazan,B033,2025-11-11,Silver,0
C05052,Nasser Alshehri,0599005052,nasser.alshehri5052@example.com,Riyadh,B005,2021-10-03,Classic,0
C05053,Yousef Alfaraj,0599005053,yousef.alfaraj5053@example.com,Riyadh,B007,2025-01-24,Silver,1
C05054,Lama Aldossary,0599005054,lama.aldossary5054@example.com,Hail,B038,2022-06-27,Classic,1
C05055,Ziyad Alqahtani,0599005055,ziyad.alqahtani5055@example.com,Jeddah,B013,2021-07-06,Silver,1
C05056,Atheer Alsubaie,0599005056,atheer.alsubaie5056@example.com,Riyadh,B012,2025-02-02,Classic,1
C05057,Bandar Alshehri,0599005057,bandar.alshehri5057@example.com,Jubail,B027,2025-06-15,Gold,1
C05058,Fahad Alotaibi,0599005058,fahad.alotaibi5058@example.com,Dammam,B023,2024-03-23,Classic,0
C05059,Khalid Alsubaie,0599005059,khalid.alsubaie5059@example.com,Jazan,B033,2025-08-23,Silver,0
C05060,Fahad Alhajri,0599005060,fahad.alhajri5060@example.com,Abha,B035,2021-12-23,Classic,1
C05061,Hind Alshehri,0599005061,hind.alshehri5061@example.com,Khamis Mushait,B032,2025-09-23,Classic,1
C05062,Dana Alsubaie,0599005062,dana.alsubaie5062@example.com,Qassim,B010,2022-09-26,Classic,1
C05063,Atheer Alhajri,0599005063,atheer.alhajri5063@example.com,Abha,B031,2026-01-28,Gold,1
C05064,Hind Alnaimi,0599005064,hind.alnaimi5064@example.com,Al Kharj,B011,2022-01-22,Classic,1
C05065,Saud Alqahtani,0599005065,saud.alqahtani5065@example.com,Riyadh,B009,2023-10-25,Classic,
C05066,Noura Alqahtani,0599005066,noura.alqahtani5066@example.com,Al Ahsa,B026,2025-09-12,Silver,1
C05067,Amal Alenezi,0599005067,amal.alenezi5067@example.com,Jeddah,B021,2025-11-20,Gold,1
C05068,Nasser Alanazi,0599005068,nasser.alanazi5068@example.com,Riyadh,B003,2025-09-21,Classic,1
C05069,Dana Alnaimi,0599005069,dana.alnaimi5069@example.com,Jubail,B027,2024-03-04,Classic,1
C05070,Sara Alamri,0599005070,sara.alamri5070@example.com,Riyadh,B005,2025-12-29,Classic,1
C05071,Ziyad Aldossary,0599005071,ziyad.aldossary5071@example.com,Hail,B038,2023-02-13,Silver,1
C05072,Rakan Alenezi,0599005072,rakan.alenezi5072@example.com,Khobar,B024,2024-04-09,Classic,1
C05073,Nasser Aldossary,0599005073,nasser.aldossary5073@example.com,Riyadh,B012,2025-12-09,Silver,1
C05074,Maha Alshehri,0599005074,maha.alshehri5074@example.com,Dhahran,B030,2023-09-16,Classic,1
C05075,Omar Albalawi,0599005075,omar.albalawi5075@example.com,Hail,B038,2021-11-05,Classic,1
C05076,Ahmed Alfaraj,0599005076,ahmed.alfaraj5076@example.com,Riyadh,B009,2021-03-18,Classic,1
C05077,Dana Alanazi,0599005077,dana.alanazi5077@example.com,Jeddah,B015,2024-12-30,Silver,1
C05078,Rawan Alqahtani,0000000000,rawan.alqahtani5078@example.com,Dhahran,B025,2025-10-02,Platinum,1
C05079,Rawan Almalki,0599005079,rawan.almalki5079@example.com,Dammam,B023,2021-07-25,Gold,1
C05080,Amal Alharbi,0599005080,amal.alharbi5080@example.com,Dammam,B023,2026-01-10,Classic,1
C05081,Lama Alnaimi,0599005081,lama.alnaimi5081@example.com,Riyadh,B006,2024-05-24,Classic,1
C05082,Faisal Almutairi,0599005082,faisal.almutairi5082@example.com,Riyadh,B005,2024-03-25,Classic,1
C05083,Turki Alharbi,0599005083,turki.alharbi5083@example.com,Jazan,B033,2021-04-22,Classic,0
C05084,Reem Alotaibi,0599005084,reem.alotaibi5084@example.com,Riyadh,B006,2025-12-14,Classic,0
C05085,Saud Alrashidi,0599005085,saud.alrashidi5085@example.com,Riyadh,B002,2022-03-24,Classic,1
C05086,Ghada Alsaeed,0599005086,ghada.alsaeed5086@example.com,Khamis Mushait,B036,2025-08-31,Classic,0
C05087,Khalid Alshammari,0599005087,khalid.alshammari5087@example.com,Najran,B034,2025-03-07,Classic,0
C05088,Ahmed Albalawi,0599005088,ahmed.albalawi5088@example.com,Riyadh,B006,2026-05-09,Classic,1
C05089,Lulwa Alanazi,0599005089,lulwa.alanazi5089@example.com,Hail,B038,2021-02-16,Silver,1
C05090,Amal Alhajri,0599005090,amal.alhajri5090@example.com,Riyadh,B012,2024-03-01,Gold,1
C05091,Yousef Alyami,0599005091,yousef.alyami5091@example.com,Dammam,B023,2021-04-20,Platinum,0
C05092,Mona Alfaraj,0599005092,mona.alfaraj5092@example.com,Riyadh,B006,2022-02-03,Gold,1
C05093,Maha Alzahrani,0599005093,maha.alzahrani5093@example.com,Madinah,B019,2025-12-09,Silver,1
C05094,Rakan Aldossary,0599005094,rakan.aldossary5094@example.com,Najran,B034,2026-04-08,Classic,1
C05095,Maha Alshehri,0599005095,maha.alshehri5095@example.com,Jazan,B033,2023-07-05,Classic,1
C05096,Yousef Albalawi,0599005096,yousef.albalawi5096@example.com,Jeddah,B016,2024-03-13,Classic,0
C05097,Reem Almutairi,0599005097,reem.almutairi5097@example.com,Al Jouf,B039,2024-02-12,Classic,1
C05098,Khalid Almalki,0599005098,khalid.almalki5098@example.com,Qassim,B010,2021-03-07,Classic,1
C05099,Noura Alenezi,0599005099,noura.alenezi5099@example.com,Qassim,B010,2025-10-18,Classic,1
C05100,Ahmed Alsubaie,0599005100,ahmed.alsubaie5100@example.com,Jeddah,B014,2023-11-07,Gold,1
C05101,Saud Alhajri,0599005101,saud.alhajri5101@example.com,Jazan,B033,2026-03-26,Classic,0
C05102,Sara Alotaibi,0599005102,sara.alotaibi5102@example.com,Jeddah,B014,2023-07-30,Classic,1
C05103,Ziyad Albalawi,0599005103,ziyad.albalawi5103@example.com,Riyadh,B009,2024-09-12,Silver,1
C05104,Rakan Aldossary,05X1234567,rakan.aldossary5104@example.com,Makkah,B018,2021-12-27,Classic,1
C05105,Atheer Aldossary,0599005105,atheer.aldossary5105@example.com,Taif,B020,2022-01-06,Silver,1
C05106,Ziyad Alsubaie,0599005106,ziyad.alsubaie5106@example.com,Jeddah,B015,2023-01-13,Gold,0
C05107,Omar Alzahrani,0599005107,omar.alzahrani5107@example.com,Riyadh,B004,2024-01-14,Silver,
C05108,Sara Alenezi,0599005108,sara.alenezi5108@example.com,Jubail,B027,2025-03-29,Silver,1
C05109,Nasser Alrashidi,0599005109,nasser.alrashidi5109@example.com,Jeddah,B021,2022-11-22,Gold,1
C05110,Maha Alshammari,0599005110,maha.alshammari5110@example.com,Jazan,B033,2021-11-09,Classic,0
C05111,Amal Alshehri,0599005111,amal.alshehri5111@example.com,Jazan,B033,2025-10-01,Classic,1
C05112,Fahad Alamri,0599005112,fahad.alamri5112@example.com,Riyadh,B003,2026-03-17,Classic,1
C05113,Rawan Alkhaldi,0599005113,rawan.alkhaldi5113@example.com,Dhahran,B025,2025-12-20,Classic,1
C05114,Dana Aljohani,0599005114,dana.aljohani5114@example.com,Riyadh,B006,2021-09-07,Silver,
C05115,Ziyad Alhajri,0599005115,ziyad.alhajri5115@example.com,Taif,B020,2022-09-24,Classic,1
C05116,Mohammed Alshammari,0599005116,mohammed.alshammari5116@example.com,Riyadh,B006,2025-01-17,Silver,1
C05117,Abdullah Aldossary,0599005117,abdullah.aldossary5117@example.com,Al Ahsa,B026,2021-09-21,Classic,1
C05118,Mohammed Alrashidi,0599005118,mohammed.alrashidi5118@example.com,Riyadh,B002,2021-07-17,Platinum,0
C05119,Faisal Aljohani,0599005119,faisal.aljohani5119@example.com,Makkah,B018,2023-11-03,Classic,1
C05120,Noura Almalki,0599005120,noura.almalki5120@example.com,Tabuk,B040,2025-05-25,Silver,1
C05121,Ali Alhajri,0599005121,ali.alhajri5121@example.com,Al Ahsa,B026,2024-10-06,Silver,1
C05122,Hessa Albalawi,0599005122,hessa.albalawi5122@example.com,Al Ahsa,B026,2025-05-12,Silver,1
C05123,Mohammed Alshehri,0599005123,mohammed.alshehri5123@example.com,Riyadh,B006,2023-11-22,Classic,1
C05124,Reem Almalki,0599005124,reem.almalki5124@example.com,Al Ahsa,B026,2025-10-28,Silver,1
C05125,Sultan Aldawsari,0599005125,sultan.aldawsari5125@example.com,Khobar,B029,2025-11-18,Classic,1
C05126,Hessa Alnaimi,0599005126,hessa.alnaimi5126@example.com,Jeddah,B016,2024-09-30,Gold,1
C05127,Saud Alrashidi,0599005127,saud.alrashidi5127@example.com,Riyadh,B009,2021-09-20,Classic,1
C05128,Turki Alkhaldi,0599005128,turki.alkhaldi5128@example.com,Taif,B020,2025-05-10,Classic,1
C05129,Sultan Alnaimi,0599005129,sultan.alnaimi5129@example.com,Makkah,B018,2023-12-10,Gold,0
C05130,Dana Alhajri,0599005130,dana.alhajri5130@example.com,Qassim,B010,2026-04-24,Platinum,1
C05131,Ghada Aldawsari,0599005131,ghada.aldawsari5131@example.com,Hail,B038,2024-04-16,Gold,0
C05132,Lulwa Alshehri,0599005132,lulwa.alshehri5132@example.com,Riyadh,B007,2025-02-26,Silver,1
C05133,Omar Alrashidi,0599005133,omar.alrashidi5133@example.com,Abha,B031,2024-03-13,Classic,0
C05134,Maha Alshammari,0599005134,maha.alshammari5134@example.com,Dammam,B028,2025-07-09,Silver,0
C05135,Turki Alrashidi,0599005135,turki.alrashidi5135@example.com,Riyadh,B006,2026-02-06,Silver,0
C05136,Reem Albalawi,0599005136,reem.albalawi5136@example.com,Tabuk,B037,2025-02-15,Gold,0
C05137,Majed Alqahtani,0599005137,majed.alqahtani5137@example.com,Abha,B035,2024-05-04,Classic,
C05138,Hind Alkhaldi,0599005138,hind.alkhaldi5138@example.com,Riyadh,B003,2026-05-07,Classic,1
C05139,Omar Alkhaldi,0599005139,omar.alkhaldi5139@example.com,Al Kharj,B011,2025-06-04,Classic,0
C05140,Lulwa Alshehri,0599005140,lulwa.alshehri5140@example.com,Al Kharj,B011,2022-06-15,Classic,1
C05141,Faisal Alsaeed,0599005141,faisal.alsaeed5141@example.com,Dhahran,B030,2022-04-10,Gold,1
C05142,Jawaher Alharbi,0599005142,jawaher.alharbi5142@example.com,Dhahran,B030,2025-06-28,Gold,0
C05143,Hessa Alshehri,0599005143,hessa.alshehri5143@example.com,Jeddah,B013,2025-09-22,Classic,1
C05144,Jawaher Alshammari,0599005144,jawaher.alshammari5144@example.com,Al Kharj,B011,2024-05-18,Platinum,1
C05145,Abdullah Aljohani,0599005145,abdullah.aljohani5145@example.com,Riyadh,B012,2023-04-09,Classic,0
C05146,Omar Aldawsari,0599005146,omar.aldawsari5146@example.com,Riyadh,B006,2024-08-19,Silver,1
C05147,Nasser Alamri,0599005147,nasser.alamri5147@example.com,Riyadh,B001,2024-01-07,Classic,1
C05148,Faisal Alkhaldi,0599005148,faisal.alkhaldi5148@example.com,Jeddah,B015,2021-05-08,Silver,1
C05149,Noura Alshehri,0599005149,noura.alshehri5149@example.com,Madinah,B019,2025-07-07,Platinum,0
C05150,Atheer Alenezi,0599005150,atheer.alenezi5150@example.com,Riyadh,B009,2023-03-25,Silver,1
C05151,Hind Almalki,0599005151,hind.almalki5151@example.com,Tabuk,B037,2022-11-26,Silver,1
C05152,Shahad Alghamdi,0599005152,shahad.alghamdi5152@example.com,Jeddah,B014,2024-09-30,Classic,
C05153,Saud Alharbi,0599005153,saud.alharbi5153@example.com,Taif,B020,2025-03-01,Classic,1
C05154,Sultan Alyami,0599005154,sultan.alyami5154@example.com,Riyadh,B005,2026-03-25,Silver,1
C05155,Noura Aldossary,0599005155,noura.aldossary5155@example.com,Dhahran,B025,2022-08-16,Classic,1
C05156,Shahad Alanazi,0599005156,shahad.alanazi5156@example.com,Khamis Mushait,B032,2025-10-10,Classic,1
C05157,Fahad Alenezi,0599005157,fahad.alenezi5157@example.com,Riyadh,B003,2024-08-19,Silver,0
C05158,Noura Albalawi,0599005158,noura.albalawi5158@example.com,Jeddah,B017,2021-07-28,Silver,1
C05159,Dana Alfaraj,0599005159,dana.alfaraj5159@example.com,Al Ahsa,B026,2026-03-03,Classic,1
C05160,Turki Alfaraj,0599005160,turki.alfaraj5160@example.com,Abha,B035,2021-01-24,Gold,1
C05161,Omar Albalawi,0599005161,omar.albalawi5161@example.com,Hail,B038,2024-01-21,Silver,1
C05162,Ghada Almalki,0599005162,ghada.almalki5162@example.com,Al Kharj,B011,2025-07-08,Silver,0
C05163,Bandar Alshammari,0599005163,bandar.alshammari5163@example.com,Riyadh,B012,2025-02-21,Silver,1
C05164,Hessa Albalawi,0599005164,hessa.albalawi5164@example.com,Qassim,B010,2025-10-16,Classic,0
C05165,Maha Alshehri,0599005165,maha.alshehri5165@example.com,Jeddah,B015,2026-03-28,Silver,0
C05166,Yousef Aljohani,0599005166,yousef.aljohani5166@example.com,Riyadh,B001,2023-12-31,Classic,1
C05167,Saud Alkhaldi,0599005167,saud.alkhaldi5167@example.com,Riyadh,B003,2026-04-21,Classic,0
C05168,Dana Aljohani,0599005168,dana.aljohani5168@example.com,Al Kharj,B011,2021-08-05,Classic,1
C05169,Mohammed Alfaraj,0599005169,mohammed.alfaraj5169@example.com,Abha,B031,2023-04-11,Platinum,1
C05170,Yousef Alkhaldi,0599005170,yousef.alkhaldi5170@example.com,Madinah,B019,2025-05-03,Platinum,0
C05171,Saud Alshehri,0599005171,saud.alshehri5171@example.com,Khobar,B024,2025-07-30,Classic,1
C05172,Yousef Alfaraj,0599005172,yousef.alfaraj5172@example.com,Riyadh,B002,2025-11-30,Silver,1
C05173,Atheer Alamri,0599005173,atheer.alamri5173@example.com,Jazan,B033,2025-01-13,Platinum,
C05174,Hind Alharbi,0599005174,hind.alharbi5174@example.com,Riyadh,B007,2025-06-10,Gold,1
C05175,Hessa Aldossary,0599005175,hessa.aldossary5175@example.com,Dhahran,B025,2023-03-31,Classic,1
C05176,Atheer Alghamdi,0599005176,atheer.alghamdi5176@example.com,Al Kharj,B011,2024-07-14,Classic,1
C05177,Turki Aldawsari,0599005177,turki.aldawsari5177@example.com,Najran,B034,2021-08-09,Silver,0
C05178,Ahmed Aldawsari,0599005178,ahmed.aldawsari5178@example.com,Khobar,B024,2026-01-04,Classic,
C05179,Ziyad Alqahtani,0599005179,ziyad.alqahtani5179@example.com,Al Jouf,B039,2023-04-17,Classic,1
C05180,Rawan Alenezi,0599005180,rawan.alenezi5180@example.com,Jubail,B027,2025-01-30,Gold,1
C05181,Sultan Alenezi,0599005181,sultan.alenezi5181@example.com,Riyadh,B003,2021-10-14,Silver,1
C05182,Turki Aljohani,0599005182,turki.aljohani5182@example.com,Qassim,B010,2024-05-11,Classic,0
C05183,Reem Alshehri,0599005183,reem.alshehri5183@example.com,Khobar,B029,2025-10-22,Gold,1
C05184,Shahad Alyami,0599005184,shahad.alyami5184@example.com,Riyadh,B003,2025-05-14,Silver,1
C05185,Ahmed Almutairi,0599005185,ahmed.almutairi5185@example.com,Riyadh,B008,2024-09-03,Classic,1
C05186,Rakan Alenezi,0599005186,rakan.alenezi5186@example.com,Makkah,B018,2025-05-14,Gold,1
C05187,Hessa Alkhaldi,0599005187,hessa.alkhaldi5187@example.com,Jeddah,B016,2025-01-04,Silver,1
C05188,Yousef Alenezi,0599005188,yousef.alenezi5188@example.com,Madinah,B019,2025-12-24,Classic,
C05189,Lama Alharbi,0599005189,lama.alharbi5189@example.com,Riyadh,B008,2025-12-20,Silver,1
C05190,Haya Alsaeed,0599005190,haya.alsaeed5190@example.com,Al Kharj,B011,2026-01-03,Classic,1
C05191,Ali Alshehri,0599005191,ali.alshehri5191@example.com,Jeddah,B015,2022-01-05,Gold,1
C05192,Faisal Alanazi,0599005192,faisal.alanazi5192@example.com,Abha,B031,2025-12-08,Classic,1
C05193,Shahad Alshammari,0599005193,shahad.alshammari5193@example.com,Al Kharj,B011,2021-05-17,Gold,1
C05194,Majed Alamri,0599005194,majed.alamri5194@example.com,Riyadh,B005,2021-12-20,Silver,1
C05195,Shahad Alzahrani,0599005195,shahad.alzahrani5195@example.com,Al Jouf,B039,2021-10-18,Classic,1
C05196,Majed Alhajri,0599005196,majed.alhajri5196@example.com,Riyadh,B008,2024-06-30,Silver,1
C05197,Shahad Alsaeed,0599005197,shahad.alsaeed5197@example.com,Riyadh,B008,2022-10-05,Classic,1
C05198,Khalid Alyami,0599005198,khalid.alyami5198@example.com,Al Jouf,B039,2024-03-13,Classic,1
C05199,Faisal Alenezi,0599005199,faisal.alenezi5199@example.com,Dammam,B028,2025-10-06,Classic,1
C05200,Reem Alzahrani,0599005200,reem.alzahrani5200@example.com,Tabuk,B037,2025-09-05,Silver,0
C05201,Abdullah Alsubaie,0599005201,abdullah.alsubaie5201@example.com,Najran,B034,2024-09-28,Classic,0
C05202,Omar Alamri,0599005202,omar.alamri5202@example.com,Riyadh,B007,2025-09-22,Silver,1
C05203,Hessa Alhajri,0599005203,hessa.alhajri5203@example.com,Khamis Mushait,B036,2024-03-24,Silver,1
C05204,Ahmed Aljohani,0599005204,ahmed.aljohani5204@example.com,Taif,B020,2025-04-20,Classic,1
C05205,Atheer Alshehri,0599005205,atheer.alshehri5205@example.com,Jeddah,B016,2021-03-30,Gold,0
C05206,Jawaher Alsubaie,0599005206,jawaher.alsubaie5206@example.com,Al Kharj,B011,2021-05-24,Gold,1
C05207,Sultan Alnaimi,0599005207,sultan.alnaimi5207@example.com,Jeddah,B013,2025-02-05,Classic,1
C05208,Maha Alenezi,0599005208,maha.alenezi5208@example.com,Jeddah,B017,2024-05-27,Classic,1
C05209,Jawaher Aldawsari,0599005209,jawaher.aldawsari5209@example.com,Riyadh,B002,2025-10-02,Gold,1
C05210,Mohammed Alenezi,0599005210,mohammed.alenezi5210@example.com,Jeddah,B022,2026-02-21,Gold,0
C05211,Majed Albalawi,0599005211,majed.albalawi5211@example.com,Khamis Mushait,B036,2025-01-07,Classic,0
C05212,Sultan Alsaeed,0599005212,sultan.alsaeed5212@example.com,Dhahran,B030,2021-07-09,Classic,0
C05213,Fahad Aldossary,0599005213,fahad.aldossary5213@example.com,Dhahran,B025,2026-02-16,Classic,0
C05214,Turki Aljohani,0599005214,turki.aljohani5214@example.com,Abha,B031,2023-04-29,Silver,1
C05215,Mona Alanazi,0599005215,mona.alanazi5215@example.com,Makkah,B018,2021-10-21,Gold,1
C05216,Mohammed Alsaeed,0599005216,mohammed.alsaeed5216@example.com,Riyadh,B004,2021-04-21,Gold,
C05217,Shahad Alsaeed,0599005217,shahad.alsaeed5217@example.com,Dhahran,B025,2024-09-08,Classic,1
C05218,Ziyad Alqahtani,0599005218,ziyad.alqahtani5218@example.com,Dhahran,B025,2022-07-08,Gold,0
C05219,Khalid Alkhaldi,0599005219,khalid.alkhaldi5219@example.com,Riyadh,B003,2025-05-02,Classic,1
C05220,Haya Aldawsari,0599005220,haya.aldawsari5220@example.com,Riyadh,B006,2025-03-17,Silver,1
C05221,Jawaher Alqahtani,0599005221,jawaher.alqahtani5221@example.com,Jeddah,B015,2022-07-02,Classic,1
C05222,Mona Alyami,0599005222,mona.alyami5222@example.com,Najran,B034,2026-03-16,Classic,1
C05223,Hessa Alsubaie,0599005223,hessa.alsubaie5223@example.com,Jeddah,B015,2025-03-23,Classic,1
C05224,Faisal Alhajri,0599005224,faisal.alhajri5224@example.com,Riyadh,B012,2026-05-19,Classic,1
C05225,Haya Alharbi,0599005225,haya.alharbi5225@example.com,Khamis Mushait,B036,2021-11-16,Silver,0
C05226,Atheer Alsaeed,0599005226,atheer.alsaeed5226@example.com,Hail,B038,2026-05-21,Gold,1
C05227,Nasser Alotaibi,0599005227,nasser.alotaibi5227@example.com,Al Jouf,B039,2025-11-30,Gold,1
C05228,Sara Aldossary,0599005228,sara.aldossary5228@example.com,Al Ahsa,B026,2025-01-03,Classic,0
C05229,Majed Alamri,0599005229,majed.alamri5229@example.com,Riyadh,B008,2026-02-08,Classic,1
C05230,Mona Alanazi,0599005230,mona.alanazi5230@example.com,Jeddah,B015,2026-02-19,Classic,1
C05231,Sara Alqahtani,0599005231,sara.alqahtani5231@example.com,Khamis Mushait,B032,2026-02-15,Silver,1
C05232,Noura Aldawsari,0599005232,noura.aldawsari5232@example.com,Tabuk,B040,2023-09-22,Gold,0
C05233,Atheer Alsaeed,0599005233,atheer.alsaeed5233@example.com,Jeddah,B021,2025-07-18,Classic,1
C05234,Mohammed Alfaraj,0599005234,mohammed.alfaraj5234@example.com,Riyadh,B007,2023-11-19,Silver,1
C05235,Nasser Alhajri,0599005235,nasser.alhajri5235@example.com,Khobar,B029,2023-11-20,Platinum,1
C05236,Saud Alnaimi,0599005236,saud.alnaimi5236@example.com,Khobar,B029,2023-01-09,Gold,1
C05237,Ahmed Alenezi,0599005237,ahmed.alenezi5237@example.com,Jeddah,B021,2022-09-22,Gold,0
C05238,Haya Alharbi,0599005238,haya.alharbi5238@example.com,Makkah,B018,2025-07-17,Classic,0
C05239,Amal Alzahrani,0599005239,amal.alzahrani5239@example.com,Taif,B020,2026-01-13,Platinum,0
C05240,Hind Alsubaie,0599005240,hind.alsubaie5240@example.com,Abha,B031,2024-05-22,Gold,0
C05241,Yousef Aljohani,0599005241,yousef.aljohani5241@example.com,Khobar,B024,2023-06-06,Platinum,
C05242,Faisal Alhajri,0599005242,faisal.alhajri5242@example.com,Makkah,B018,2024-05-03,Silver,0
C05243,Ahmed Alqahtani,0599005243,ahmed.alqahtani5243@example.com,Madinah,B019,2023-03-07,Silver,1
C05244,Ghada Aldawsari,0599005244,ghada.aldawsari5244@example.com,Jeddah,B014,2025-12-11,Silver,0
C05245,Mohammed Alrashidi,0599005245,mohammed.alrashidi5245@example.com,Khamis Mushait,B036,2022-11-20,Classic,1
C05246,Ahmed Alotaibi,0599005246,ahmed.alotaibi5246@example.com,Dhahran,B025,2025-07-19,Classic,1
C05247,Amal Alyami,0599005247,amal.alyami5247@example.com,Jeddah,B021,2025-06-26,Classic,1
C05248,Hessa Alamri,0599005248,hessa.alamri5248@example.com,Riyadh,B009,2025-09-19,Platinum,0
C05249,Ahmed Aldawsari,0599005249,ahmed.aldawsari5249@example.com,Dhahran,B030,2026-05-20,Classic,1
C05250,Faisal Alyami,0599005250,faisal.alyami5250@example.com,Jubail,B027,2024-07-25,Classic,1
C05251,Rawan Alyami,0599005251,rawan.alyami5251@example.com,Abha,B031,2024-03-11,Classic,1
C05252,Majed Alamri,0599005252,majed.alamri5252@example.com,Abha,B031,2026-05-30,Classic,1
C05253,Ghada Albalawi,0599005253,ghada.albalawi5253@example.com,Riyadh,B006,2023-08-12,Classic,1
C05254,Lulwa Alrashidi,0599005254,lulwa.alrashidi5254@example.com,Dhahran,B025,2022-09-06,Silver,1
C05255,Jawaher Alharbi,0599005255,jawaher.alharbi5255@example.com,Khamis Mushait,B036,2025-09-20,Silver,1
C05256,Dana Alsubaie,0599005256,dana.alsubaie5256@example.com,Makkah,B018,2026-01-06,Classic,1
C05257,Bandar Alyami,0599005257,bandar.alyami5257@example.com,Taif,B020,2023-06-21,Silver,0
C05258,Mona Aldawsari,0599005258,mona.aldawsari5258@example.com,Najran,B034,2024-08-14,Classic,1
C05259,Ali Alqahtani,0599005259,ali.alqahtani5259@example.com,Al Ahsa,B026,2025-07-31,Classic,1
C05260,Atheer Almalki,0599005260,atheer.almalki5260@example.com,Jazan,B033,2023-08-07,Silver,
C05261,Lulwa Alamri,0599005261,lulwa.alamri5261@example.com,Riyadh,B012,2026-02-19,Classic,1
C05262,Sara Aljohani,0599005262,sara.aljohani5262@example.com,Jeddah,B015,2021-07-08,Gold,0
C05263,Ahmed Alshammari,0599005263,ahmed.alshammari5263@example.com,Riyadh,B004,2026-02-20,Gold,1
C05264,Maha Alenezi,0599005264,maha.alenezi5264@example.com,Al Jouf,B039,2024-02-28,Gold,1
C05265,Amal Alshehri,0599005265,amal.alshehri5265@example.com,Riyadh,B005,2026-01-06,Classic,1
C05266,Rakan Alzahrani,0599005266,rakan.alzahrani5266@example.com,Taif,B020,2025-04-07,Gold,1
C05267,Faisal Alshehri,0599005267,faisal.alshehri5267@example.com,Khamis Mushait,B032,2025-09-14,Silver,1
C05268,Saud Alanazi,0599005268,saud.alanazi5268@example.com,Riyadh,B009,2025-07-22,Classic,0
C05269,Hessa Alotaibi,0599005269,hessa.alotaibi5269@example.com,Jeddah,B015,2024-01-08,Classic,0
C05270,Turki Alshehri,0599005270,turki.alshehri5270@example.com,Al Ahsa,B026,2026-05-02,Classic,1
C05271,Sara Almutairi,0599005271,sara.almutairi5271@example.com,Al Jouf,B039,2025-01-28,Classic,1
C05272,Amal Alanazi,0599005272,amal.alanazi5272@example.com,Riyadh,B008,2023-04-03,Classic,0
C05273,Faisal Alsubaie,0599005273,faisal.alsubaie5273@example.com,Riyadh,B012,2025-09-27,Gold,1
C05274,Omar Alsaeed,0599005274,omar.alsaeed5274@example.com,Al Kharj,B011,2021-12-25,Classic,1
C05275,Ahmed Alshammari,0599005275,ahmed.alshammari5275@example.com,Jazan,B033,2026-01-06,Classic,1
C05276,Bandar Aldawsari,0599005276,bandar.aldawsari5276@example.com,Jubail,B027,2022-09-28,Classic,1
C05277,Bandar Alhajri,0599005277,bandar.alhajri5277@example.com,Riyadh,B007,2024-10-22,Classic,1
C05278,Atheer Alyami,0599005278,atheer.alyami5278@example.com,Jeddah,B016,2023-09-10,Platinum,1
C05279,Bandar Alqahtani,0599005279,bandar.alqahtani5279@example.com,Jeddah,B014,2022-08-14,Classic,1
C05280,Amal Alfaraj,0599005280,amal.alfaraj5280@example.com,Al Ahsa,B026,2022-04-25,Classic,1
C05281,Sara Alkhaldi,0599005281,sara.alkhaldi5281@example.com,Jeddah,B021,2026-02-21,Silver,1
C05282,Ali Alanazi,0599005282,ali.alanazi5282@example.com,Riyadh,B008,2021-06-14,Silver,1
C05283,Khalid Alqahtani,0599005283,khalid.alqahtani5283@example.com,Najran,B034,2026-03-12,Gold,1
C05284,Hind Alsubaie,0599005284,hind.alsubaie5284@example.com,Riyadh,B008,2021-01-18,Classic,0
C05285,Sultan Albalawi,0599005285,sultan.albalawi5285@example.com,Jeddah,B016,2024-06-05,Classic,1
C05286,Lama Alsaeed,0599005286,lama.alsaeed5286@example.com,Riyadh,B003,2025-12-14,Classic,0
C05287,Saud Alghamdi,0599005287,saud.alghamdi5287@example.com,Taif,B020,2023-10-22,Classic,0
C05288,Majed Alqahtani,0599005288,majed.alqahtani5288@example.com,Hail,B038,2025-02-10,Classic,1
C05289,Haya Alzahrani,0599005289,haya.alzahrani5289@example.com,Riyadh,B002,2025-07-10,Classic,1
C05290,Faisal Alhajri,0599005290,faisal.alhajri5290@example.com,Tabuk,B040,2022-12-22,Platinum,1
C05291,Sultan Alsubaie,0599005291,sultan.alsubaie5291@example.com,Jeddah,B013,2026-04-28,Gold,1
C05292,Mona Alkhaldi,0599005292,mona.alkhaldi5292@example.com,Riyadh,B006,2022-06-22,Gold,1
C05293,Rawan Almalki,0599005293,rawan.almalki5293@example.com,Makkah,B018,2023-04-13,Classic,1
C05294,Reem Alrashidi,0599005294,reem.alrashidi5294@example.com,Riyadh,B005,2022-01-09,Classic,1
C05295,Maha Aldawsari,0599005295,maha.aldawsari5295@example.com,Riyadh,B009,2022-06-23,Gold,1
C05296,Omar Aljohani,0599005296,omar.aljohani5296@example.com,Riyadh,B012,2026-03-21,Classic,0
C05297,Majed Alamri,0599005297,majed.alamri5297@example.com,Makkah,B018,2023-11-03,Classic,1
C05298,Amal Alamri,0599005298,amal.alamri5298@example.com,Jubail,B027,2026-01-04,Classic,1
C05299,Sultan Alhajri,0599005299,sultan.alhajri5299@example.com,Riyadh,B005,2026-06-04,Silver,1
C05300,Sara Alshammari,0599005300,sara.alshammari5300@example.com,Riyadh,B007,2024-11-04,Gold,1
C05301,Omar Alharbi,0599005301,omar.alharbi5301@example.com,Jeddah,B022,2024-08-30,Classic,0
C05302,Shahad Alfaraj,0599005302,shahad.alfaraj5302@example.com,Jeddah,B015,2024-03-14,Classic,1
C05303,Fahad Alyami,0599005303,fahad.alyami5303@example.com,Khobar,B029,2021-05-01,Silver,1
C05304,Faisal Alqahtani,0599005304,faisal.alqahtani5304@example.com,Jeddah,B013,2025-04-29,Classic,1
C05305,Atheer Alharbi,0599005305,atheer.alharbi5305@example.com,Najran,B034,2023-04-04,Classic,1
C05306,Turki Alsaeed,0599005306,turki.alsaeed5306@example.com,Abha,B035,2023-11-02,Classic,1
C05307,Shahad Alsubaie,0599005307,shahad.alsubaie5307@example.com,Dhahran,B030,2021-03-04,Classic,1
C05308,Omar Almutairi,0599005308,omar.almutairi5308@example.com,Dammam,B023,2025-11-16,Classic,1
C05309,Atheer Alotaibi,0599005309,atheer.alotaibi5309@example.com,Riyadh,B006,2026-05-08,Classic,1
C05310,Rawan Almalki,0599005310,rawan.almalki5310@example.com,Riyadh,B008,2023-10-02,Classic,1
C05311,Shahad Albalawi,0599005311,shahad.albalawi5311@example.com,Al Jouf,B039,2025-04-25,Silver,1
C05312,Abdullah Alqahtani,0599005312,abdullah.alqahtani5312@example.com,Riyadh,B007,2023-01-30,Silver,0
C05313,Atheer Alsaeed,0599005313,atheer.alsaeed5313@example.com,Khobar,B029,2025-02-26,Classic,1
C05314,Mona Alyami,0599005314,mona.alyami5314@example.com,Al Kharj,B011,2022-06-08,Gold,1
C05315,Bandar Alsubaie,0599005315,bandar.alsubaie5315@example.com,Jubail,B027,2025-10-07,Classic,1
C05316,Maha Alanazi,0599005316,maha.alanazi5316@example.com,Riyadh,B012,2022-12-04,Silver,0
C05317,Mohammed Aldawsari,0599005317,mohammed.aldawsari5317@example.com,Riyadh,B004,2022-06-13,Silver,1
C05318,Hessa Alenezi,0599005318,hessa.alenezi5318@example.com,Riyadh,B006,2024-08-22,Classic,0
C05319,Lulwa Alrashidi,0599005319,lulwa.alrashidi5319@example.com,Khamis Mushait,B032,2023-02-08,Classic,0
C05320,Faisal Almalki,0599005320,faisal.almalki5320@example.com,Jeddah,B013,2024-11-07,Classic,0
C05321,Omar Aldawsari,0599005321,omar.aldawsari5321@example.com,Dhahran,B030,2022-01-13,Classic,0
C05322,Sultan Alenezi,0599005322,sultan.alenezi5322@example.com,Al Kharj,B011,2025-12-05,Silver,1
C05323,Dana Alharbi,0599005323,dana.alharbi5323@example.com,Riyadh,B006,2021-10-16,Silver,1
C05324,Mona Alshehri,0599005324,mona.alshehri5324@example.com,Al Jouf,B039,2025-08-29,Silver,0
C05325,Reem Alkhaldi,0599005325,reem.alkhaldi5325@example.com,Dhahran,B025,2026-05-29,Classic,0
C05326,Fahad Alkhaldi,0599005326,fahad.alkhaldi5326@example.com,Riyadh,B001,2022-02-16,Classic,0
C05327,Ziyad Alshehri,0599005327,ziyad.alshehri5327@example.com,Jeddah,B015,2026-03-19,Classic,1
C05328,Atheer Alnaimi,0599005328,atheer.alnaimi5328@example.com,Dammam,B023,2025-07-16,Classic,1
C05329,Omar Alfaraj,0599005329,omar.alfaraj5329@example.com,Riyadh,B009,2025-05-13,Gold,1
C05330,Jawaher Alnaimi,0599005330,jawaher.alnaimi5330@example.com,Al Ahsa,B026,2023-09-26,Gold,0
C05331,Maha Albalawi,0599005331,maha.albalawi5331@example.com,Al Kharj,B011,2024-12-16,Classic,1
C05332,Sara Alkhaldi,0599005332,sara.alkhaldi5332@example.com,Riyadh,B004,2026-03-12,Silver,1
C05333,Saud Alrashidi,0599005333,saud.alrashidi5333@example.com,Riyadh,B003,2024-08-14,Silver,1
C05334,Saud Albalawi,0599005334,saud.albalawi5334@example.com,Al Kharj,B011,2023-12-26,Gold,1
C05335,Hind Alyami,0599005335,hind.alyami5335@example.com,Jubail,B027,2025-03-15,Gold,1
C05336,Khalid Alsaeed,0599005336,khalid.alsaeed5336@example.com,Riyadh,B007,2025-09-06,Gold,1
C05337,Omar Alshammari,0599005337,omar.alshammari5337@example.com,Jeddah,B022,2021-12-03,Classic,
C05338,Ghada Albalawi,0599005338,ghada.albalawi5338@example.com,Jeddah,B021,2026-03-11,Silver,1
C05339,Abdullah Alhajri,0599005339,abdullah.alhajri5339@example.com,Dhahran,B025,2024-09-03,Classic,1
C05340,Dana Alghamdi,0599005340,dana.alghamdi5340@example.com,Jeddah,B016,2023-06-09,Gold,1
C05341,Jawaher Alenezi,0599005341,jawaher.alenezi5341@example.com,Jeddah,B017,2024-08-24,Classic,
C05342,Faisal Alqahtani,0599005342,faisal.alqahtani5342@example.com,Al Ahsa,B026,2025-06-05,Classic,1
C05343,Jawaher Alyami,0599005343,jawaher.alyami5343@example.com,Abha,B035,2025-08-24,Platinum,
C05344,Hind Alsaeed,0599005344,hind.alsaeed5344@example.com,Jeddah,B017,2024-04-17,Gold,1
C05345,Sultan Aljohani,0599005345,sultan.aljohani5345@example.com,Dammam,B028,2022-11-24,Platinum,
C05346,Majed Alkhaldi,0599005346,majed.alkhaldi5346@example.com,Qassim,B010,2022-10-14,Classic,1
C05347,Jawaher Almutairi,0599005347,jawaher.almutairi5347@example.com,Taif,B020,2023-02-26,Silver,1
C05348,Rawan Alotaibi,0599005348,rawan.alotaibi5348@example.com,Riyadh,B004,2022-12-15,Gold,1
C05349,Majed Aldawsari,0599005349,majed.aldawsari5349@example.com,Riyadh,B006,2025-09-12,Silver,0
C05350,Omar Alenezi,0599005350,omar.alenezi5350@example.com,Jeddah,B022,2026-01-20,Platinum,1
C05351,Sultan Alotaibi,0599005351,sultan.alotaibi5351@example.com,Riyadh,B003,2021-04-21,Classic,1
C05352,Abdullah Alhajri,0599005352,abdullah.alhajri5352@example.com,Khobar,B029,2022-06-17,Classic,1
C05353,Fahad Alshehri,0599005353,fahad.alshehri5353@example.com,Khobar,B029,2023-04-13,Classic,1
C05354,Ahmed Alamri,0599005354,ahmed.alamri5354@example.com,Jeddah,B017,2021-10-15,Classic,1
C05355,Nasser Alyami,0599005355,nasser.alyami5355@example.com,Riyadh,B003,2025-11-09,Classic,0
C05356,Mohammed Alamri,0599005356,mohammed.alamri5356@example.com,Al Jouf,B039,2026-03-13,Silver,
C05357,Rakan Alhajri,0599005357,rakan.alhajri5357@example.com,Jeddah,B013,2021-04-10,Silver,1
C05358,Hessa Aljohani,0599005358,hessa.aljohani5358@example.com,Jazan,B033,2024-02-28,Classic,1
C05359,Majed Alhajri,0599005359,majed.alhajri5359@example.com,Khamis Mushait,B032,2022-02-05,Classic,1
C05360,Khalid Alotaibi,0599005360,khalid.alotaibi5360@example.com,Al Kharj,B011,2023-10-21,Classic,1
C05361,Sultan Alsubaie,0599005361,sultan.alsubaie5361@example.com,Riyadh,B006,2022-01-18,Classic,1
C05362,Yousef Aljohani,0599005362,yousef.aljohani5362@example.com,Abha,B035,2026-05-29,Silver,1
C05363,Fahad Alqahtani,0599005363,fahad.alqahtani5363@example.com,Khobar,B024,2025-09-06,Classic,0
C05364,Majed Alhajri,0599005364,majed.alhajri5364@example.com,Riyadh,B008,2025-04-06,Classic,1
C05365,Omar Almutairi,0599005365,omar.almutairi5365@example.com,Taif,B020,2026-05-06,Silver,1
C05366,Hind Alrashidi,0599005366,hind.alrashidi5366@example.com,Riyadh,B007,2025-02-14,Platinum,1
C05367,Maha Alrashidi,0599005367,maha.alrashidi5367@example.com,Madinah,B019,2025-02-18,Classic,1
C05368,Bandar Aljohani,0599005368,bandar.aljohani5368@example.com,Jeddah,B016,2023-07-11,Gold,0
C05369,Sultan Alsubaie,0599005369,sultan.alsubaie5369@example.com,Makkah,B018,2023-07-10,Classic,1
C05370,Noura Aljohani,0599005370,noura.aljohani5370@example.com,Makkah,B018,2023-02-08,Classic,1
C05371,Noura Alfaraj,0599005371,noura.alfaraj5371@example.com,Tabuk,B040,2026-03-05,Gold,1
C05372,Rawan Alghamdi,0599005372,rawan.alghamdi5372@example.com,Riyadh,B007,2025-12-23,Silver,1
C05373,Khalid Alshehri,0599005373,khalid.alshehri5373@example.com,Abha,B031,2023-10-23,Classic,1
C05374,Saud Alanazi,0599005374,saud.alanazi5374@example.com,Jeddah,B014,2022-03-21,Silver,0
C05375,Lulwa Alshehri,0599005375,lulwa.alshehri5375@example.com,Taif,B020,2024-08-14,Silver,1
C05376,Hind Almalki,0599005376,hind.almalki5376@example.com,Jeddah,B016,2025-10-19,Platinum,0
C05377,Yousef Alshammari,0599005377,yousef.alshammari5377@example.com,Riyadh,B003,2022-09-05,Classic,1
C05378,Mona Alotaibi,0599005378,mona.alotaibi5378@example.com,Abha,B031,2024-10-17,Silver,1
C05379,Amal Alharbi,0599005379,amal.alharbi5379@example.com,Riyadh,B002,2023-01-02,Silver,0
C05380,Nasser Alsubaie,0599005380,nasser.alsubaie5380@example.com,Taif,B020,2025-10-08,Gold,1
C05381,Mona Aldawsari,0599005381,mona.aldawsari5381@example.com,Riyadh,B006,2023-09-29,Silver,0
C05382,Omar Alkhaldi,0599005382,omar.alkhaldi5382@example.com,Jeddah,B015,2022-07-04,Platinum,1
C05383,Noura Alotaibi,0599005383,noura.alotaibi5383@example.com,Dammam,B028,2023-11-09,Classic,1
C05384,Yousef Alqahtani,0599005384,yousef.alqahtani5384@example.com,Riyadh,B004,2022-09-23,Classic,0
C05385,Noura Alfaraj,0599005385,noura.alfaraj5385@example.com,Jeddah,B015,2022-08-20,Classic,0
C05386,Khalid Alghamdi,0599005386,khalid.alghamdi5386@example.com,Riyadh,B005,2025-02-08,Classic,1
C05387,Noura Alqahtani,0599005387,noura.alqahtani5387@example.com,Jeddah,B021,2025-06-24,Silver,1
C05388,Atheer Alhajri,0599005388,atheer.alhajri5388@example.com,Jeddah,B013,2023-08-14,Silver,0
C05389,Hind Alotaibi,0599005389,hind.alotaibi5389@example.com,Jeddah,B016,2025-10-25,Classic,
C05390,Fahad Almalki,0599005390,fahad.almalki5390@example.com,Riyadh,B008,2023-06-27,Classic,1
C05391,Haya Alghamdi,0599005391,haya.alghamdi5391@example.com,Makkah,B018,2022-11-06,Classic,1
C05392,Sultan Aldawsari,0599005392,sultan.aldawsari5392@example.com,Riyadh,B005,2024-11-04,Classic,1
C05393,Abdullah Alamri,0599005393,abdullah.alamri5393@example.com,Al Kharj,B011,2021-12-12,Classic,1
C05394,Khalid Alenezi,0599005394,khalid.alenezi5394@example.com,Hail,B038,2021-01-03,Classic,1
C05395,Sultan Alhajri,0599005395,sultan.alhajri5395@example.com,Tabuk,B037,2024-09-06,Classic,0
C05396,Abdullah Alrashidi,0599005396,abdullah.alrashidi5396@example.com,Riyadh,B009,2021-06-05,Gold,1
C05397,Lama Alshammari,0599005397,lama.alshammari5397@example.com,Abha,B035,2025-12-17,Classic,1
C05398,Dana Alhajri,0599005398,dana.alhajri5398@example.com,Dhahran,B025,2026-06-08,Classic,1
C05399,Maha Alenezi,0599005399,maha.alenezi5399@example.com,Jeddah,B022,2025-06-13,Classic,0
C05400,Maha Alhajri,0599005400,maha.alhajri5400@example.com,Al Jouf,B039,2023-08-10,Classic,0
C05401,Yousef Alsaeed,0599005401,yousef.alsaeed5401@example.com,Al Kharj,B011,2023-05-06,Silver,1
C05402,Amal Alsaeed,0599005402,amal.alsaeed5402@example.com,Qassim,B010,2026-01-02,Classic,1
C05403,Hind Alzahrani,0599005403,hind.alzahrani5403@example.com,Dhahran,B025,2025-09-22,Classic,0
C05404,Mohammed Alamri,0599005404,mohammed.alamri5404@example.com,Qassim,B010,2022-11-30,Classic,1
C05405,Maha Alotaibi,0599005405,maha.alotaibi5405@example.com,Jazan,B033,2024-09-15,Classic,1
C05406,Fahad Aldossary,0599005406,fahad.aldossary5406@example.com,Abha,B031,2025-04-08,Platinum,1
C05407,Hessa Alenezi,0599005407,hessa.alenezi5407@example.com,Jeddah,B017,2025-09-22,Gold,0
C05408,Lulwa Alkhaldi,0599005408,lulwa.alkhaldi5408@example.com,Riyadh,B008,2021-11-22,Gold,1
C05409,Omar Alzahrani,0599005409,omar.alzahrani5409@example.com,Al Kharj,B011,2024-01-28,Gold,1
C05410,Jawaher Alotaibi,0599005410,jawaher.alotaibi5410@example.com,Jeddah,B021,2021-08-30,Classic,1
C05411,Saud Alsaeed,0599005411,saud.alsaeed5411@example.com,Najran,B034,2022-04-01,Gold,
C05412,Hind Alyami,0599005412,hind.alyami5412@example.com,Dhahran,B025,2021-06-06,Classic,0
C05413,Hessa Alnaimi,0599005413,hessa.alnaimi5413@example.com,Riyadh,B003,2022-01-25,Silver,1
C05414,Dana Alkhaldi,0599005414,dana.alkhaldi5414@example.com,Riyadh,B004,2023-07-04,Classic,1
C05415,Hind Alghamdi,0599005415,hind.alghamdi5415@example.com,Khamis Mushait,B036,2022-06-09,Silver,0
C05416,Sultan Alghamdi,0599005416,sultan.alghamdi5416@example.com,Riyadh,B008,2024-09-18,Classic,1
C05417,Faisal Almalki,0599005417,faisal.almalki5417@example.com,Riyadh,B012,2023-10-12,Classic,0
C05418,Sultan Alanazi,0599005418,sultan.alanazi5418@example.com,Dammam,B028,2022-01-24,Classic,1
C05419,Amal Almalki,0599005419,amal.almalki5419@example.com,Taif,B020,2022-11-26,Gold,0
C05420,Faisal Alnaimi,0599005420,faisal.alnaimi5420@example.com,Jeddah,B016,2024-05-01,Silver,1
C05421,Majed Alfaraj,0599005421,majed.alfaraj5421@example.com,Riyadh,B012,2024-06-27,Classic,1
C05422,Noura Aljohani,0599005422,noura.aljohani5422@example.com,Jeddah,B016,2025-12-28,Platinum,1
C05423,Majed Aldawsari,0599005423,majed.aldawsari5423@example.com,Khobar,B024,2025-10-14,Classic,1
C05424,Omar Alkhaldi,0599005424,omar.alkhaldi5424@example.com,Al Jouf,B039,2021-12-11,Classic,1
C05425,Rakan Alanazi,0599005425,rakan.alanazi5425@example.com,Abha,B035,2025-09-30,Classic,1
C05426,Shahad Alenezi,0599005426,shahad.alenezi5426@example.com,Riyadh,B004,2025-06-19,Classic,1
C05427,Mohammed Aldossary,0599005427,mohammed.aldossary5427@example.com,Jeddah,B017,2023-05-26,Classic,1
C05428,Omar Alhajri,0599005428,omar.alhajri5428@example.com,Khobar,B024,2026-02-23,Gold,0
C05429,Sara Alotaibi,0599005429,sara.alotaibi5429@example.com,Jeddah,B022,2021-01-19,Platinum,1
C05430,Jawaher Alenezi,0599005430,jawaher.alenezi5430@example.com,Madinah,B019,2022-03-14,Gold,0
C05431,Maha Alotaibi,0599005431,maha.alotaibi5431@example.com,Taif,B020,2022-04-07,Silver,0
C05432,Mona Alenezi,0599005432,mona.alenezi5432@example.com,Tabuk,B037,2025-02-10,Silver,1
C05433,Ghada Alghamdi,0599005433,ghada.alghamdi5433@example.com,Khamis Mushait,B036,2023-06-10,Classic,1
C05434,Ziyad Alotaibi,0599005434,ziyad.alotaibi5434@example.com,Dhahran,B030,2021-02-19,Silver,1
C05435,Sara Alqahtani,0599005435,sara.alqahtani5435@example.com,Jeddah,B022,2021-08-30,Classic,1
C05436,Ghada Alrashidi,0599005436,ghada.alrashidi5436@example.com,Khamis Mushait,B036,2024-09-28,Classic,1
C05437,Ziyad Alkhaldi,0599005437,ziyad.alkhaldi5437@example.com,Khobar,B029,2023-09-05,Classic,0
C05438,Ziyad Alamri,0599005438,ziyad.alamri5438@example.com,Jeddah,B016,2023-07-04,Classic,1
C05439,Ahmed Alshehri,0599005439,ahmed.alshehri5439@example.com,Riyadh,B001,2025-08-22,Classic,1
C05440,Bandar Alyami,0599005440,bandar.alyami5440@example.com,Jeddah,B015,2024-10-11,Classic,1
C05441,Abdullah Alzahrani,0599005441,abdullah.alzahrani5441@example.com,Qassim,B010,2024-05-16,Classic,0
C05442,Mohammed Alsubaie,0599005442,mohammed.alsubaie5442@example.com,Riyadh,B008,2021-08-01,Platinum,1
C05443,Noura Alhajri,0599005443,noura.alhajri5443@example.com,Taif,B020,2021-04-12,Classic,1
C05444,Rakan Alshammari,0599005444,rakan.alshammari5444@example.com,Dammam,B023,2025-01-19,Gold,1
C05445,Saud Alsubaie,0599005445,saud.alsubaie5445@example.com,Riyadh,B009,2026-05-27,Silver,1
C05446,Sultan Alanazi,0599005446,sultan.alanazi5446@example.com,Dhahran,B025,2021-11-11,Classic,1
C05447,Lama Aldossary,0599005447,lama.aldossary5447@example.com,Al Kharj,B011,2021-07-21,Classic,1
C05448,Yousef Albalawi,0599005448,yousef.albalawi5448@example.com,Al Ahsa,B026,2021-04-26,Silver,1
C05449,Abdullah Alshammari,0599005449,abdullah.alshammari5449@example.com,Riyadh,B005,2026-02-07,Gold,1
C05450,Majed Aldossary,0599005450,majed.aldossary5450@example.com,Riyadh,B001,2021-10-18,Classic,1
C05451,Amal Aldawsari,0599005451,amal.aldawsari5451@example.com,Al Kharj,B011,2023-03-14,Classic,0
C05452,Amal Alyami,0599005452,amal.alyami5452@example.com,Qassim,B010,2025-10-12,Classic,1
C05453,Khalid Almutairi,0599005453,khalid.almutairi5453@example.com,Riyadh,B008,2021-05-13,Gold,1
C05454,Turki Alotaibi,0599005454,turki.alotaibi5454@example.com,Qassim,B010,2025-09-17,Classic,0
C05455,Ziyad Aldawsari,0599005455,ziyad.aldawsari5455@example.com,Jeddah,B017,2025-03-11,Classic,1
C05456,Shahad Aldawsari,0599005456,shahad.aldawsari5456@example.com,Riyadh,B001,2021-03-05,Classic,1
C05457,Omar Alnaimi,0599005457,omar.alnaimi5457@example.com,Jeddah,B016,2024-06-22,Silver,1
C05458,Khalid Alfaraj,0599005458,khalid.alfaraj5458@example.com,Jeddah,B016,2021-11-10,Silver,1
C05459,Jawaher Alotaibi,0599005459,jawaher.alotaibi5459@example.com,Riyadh,B008,2025-07-22,Classic,
C05460,Fahad Alyami,0599005460,fahad.alyami5460@example.com,Dhahran,B025,2025-07-05,Silver,1
C05461,Lama Alhajri,0599005461,lama.alhajri5461@example.com,Dammam,B028,2021-01-03,Silver,1
C05462,Ahmed Alyami,0599005462,ahmed.alyami5462@example.com,Najran,B034,2024-04-26,Classic,1
C05463,Dana Alsaeed,0599005463,dana.alsaeed5463@example.com,Al Jouf,B039,2022-06-18,Classic,0
C05464,Rakan Alzahrani,0599005464,rakan.alzahrani5464@example.com,Khobar,B029,2023-03-28,Platinum,1
C05465,Dana Alfaraj,0599005465,dana.alfaraj5465@example.com,Dammam,B028,2025-08-21,Classic,1
C05466,Hessa Alnaimi,0599005466,hessa.alnaimi5466@example.com,Jeddah,B015,2025-07-17,Silver,0
C05467,Amal Aljohani,0599005467,amal.aljohani5467@example.com,Riyadh,B001,2021-11-08,Gold,1
C05468,Lama Alsubaie,0599005468,lama.alsubaie5468@example.com,Jeddah,B017,2023-10-09,Gold,1
C05469,Sultan Alrashidi,0599005469,sultan.alrashidi5469@example.com,Riyadh,B012,2024-12-01,Classic,1
C05470,Hessa Aljohani,0599005470,hessa.aljohani5470@example.com,Qassim,B010,2021-03-13,Gold,1
C05471,Khalid Alshammari,0599005471,khalid.alshammari5471@example.com,Khamis Mushait,B032,2025-01-01,Classic,0
C05472,Turki Alshehri,0599005472,turki.alshehri5472@example.com,Dhahran,B030,2024-01-18,Silver,0
C05473,Turki Alqahtani,0599005473,turki.alqahtani5473@example.com,Riyadh,B009,2025-11-15,Silver,1
C05474,Ali Alsaeed,0599005474,ali.alsaeed5474@example.com,Tabuk,B040,2024-08-28,Classic,0
C05475,Hessa Alenezi,0599005475,hessa.alenezi5475@example.com,Jeddah,B014,2025-07-31,Silver,1
C05476,Reem Alqahtani,0599005476,reem.alqahtani5476@example.com,Tabuk,B040,2025-06-10,Gold,1
C05477,Rakan Aljohani,0599005477,rakan.aljohani5477@example.com,Khamis Mushait,B032,2024-05-17,Silver,1
C05478,Lama Alnaimi,0599005478,lama.alnaimi5478@example.com,Tabuk,B040,2025-03-23,Silver,0
C05479,Noura Alrashidi,0599005479,noura.alrashidi5479@example.com,Riyadh,B005,2026-04-08,Classic,1
C05480,Maha Aldawsari,0599005480,maha.aldawsari5480@example.com,Dhahran,B030,2024-08-17,Classic,1
C05481,Turki Almalki,0599005481,turki.almalki5481@example.com,Abha,B031,2021-12-24,Silver,1
C05482,Rakan Aldawsari,0599005482,rakan.aldawsari5482@example.com,Riyadh,B007,2024-12-17,Classic,0
C05483,Mona Alzahrani,0599005483,mona.alzahrani5483@example.com,Riyadh,B006,2025-10-17,Silver,1
C05484,Reem Alrashidi,0599005484,reem.alrashidi5484@example.com,Riyadh,B012,2026-04-20,Classic,1
C05485,Abdullah Alnaimi,0599005485,abdullah.alnaimi5485@example.com,Dhahran,B025,2026-03-27,Classic,1
C05486,Nasser Aldossary,0599005486,nasser.aldossary5486@example.com,Jeddah,B022,2021-08-29,Classic,0
C05487,Mohammed Alkhaldi,0599005487,mohammed.alkhaldi5487@example.com,Jubail,B027,2023-12-16,Classic,1
C05488,Nasser Alqahtani,0599005488,nasser.alqahtani5488@example.com,Jeddah,B021,2023-02-27,Gold,1
C05489,Maha Alzahrani,0599005489,maha.alzahrani5489@example.com,Abha,B035,2023-06-26,Gold,0
C05490,Fahad Aldawsari,0599005490,fahad.aldawsari5490@example.com,Jeddah,B022,2025-05-20,Gold,1
C05491,Reem Aljohani,0599005491,reem.aljohani5491@example.com,Makkah,B018,2021-11-19,Gold,0
C05492,Mohammed Alenezi,0599005492,mohammed.alenezi5492@example.com,Jeddah,B015,2021-01-28,Classic,1
C05493,Lulwa Alsaeed,0599005493,lulwa.alsaeed5493@example.com,Dammam,B028,2022-05-04,Classic,0
C05494,Rawan Alharbi,0599005494,rawan.alharbi5494@example.com,Makkah,B018,2022-08-11,Classic,1
C05495,Hessa Almalki,0599005495,hessa.almalki5495@example.com,Riyadh,B002,2025-10-28,Classic,1
C05496,Nasser Albalawi,0599005496,nasser.albalawi5496@example.com,Riyadh,B007,2024-07-12,Silver,0
C05497,Atheer Albalawi,0599005497,atheer.albalawi5497@example.com,Jeddah,B022,2025-04-12,Silver,1
C05498,Faisal Alfaraj,0599005498,faisal.alfaraj5498@example.com,Riyadh,B003,2023-07-22,Classic,1
C05499,Fahad Alshammari,0599005499,fahad.alshammari5499@example.com,Hail,B038,2021-07-10,Silver,1
C05500,Ahmed Almalki,0599005500,ahmed.almalki5500@example.com,Riyadh,B006,2025-02-21,Classic,1
C05501,Faisal Alotaibi,0599005501,faisal.alotaibi5501@example.com,Jeddah,B021,2025-01-05,Classic,1
C05502,Ziyad Alharbi,0599005502,ziyad.alharbi5502@example.com,Riyadh,B012,2025-05-01,Gold,
C05503,Noura Alsubaie,0599005503,noura.alsubaie5503@example.com,Khobar,B024,2021-12-23,Silver,1
C05504,Abdullah Almalki,0599005504,abdullah.almalki5504@example.com,Khobar,B024,2025-06-22,Platinum,0
C05505,Saud Alotaibi,0599005505,saud.alotaibi5505@example.com,Riyadh,B007,2021-03-19,Platinum,1
C05506,Hessa Almalki,0599005506,hessa.almalki5506@example.com,Dhahran,B030,2023-03-04,Gold,1
C05507,Saud Alhajri,0599005507,saud.alhajri5507@example.com,Riyadh,B008,2024-05-25,Classic,1
C05508,Nasser Alkhaldi,0599005508,nasser.alkhaldi5508@example.com,Al Ahsa,B026,2025-01-06,Classic,1
C05509,Atheer Alshammari,0599005509,atheer.alshammari5509@example.com,Riyadh,B004,2023-11-30,Gold,0
C05510,Ziyad Alsubaie,0599005510,ziyad.alsubaie5510@example.com,Riyadh,B008,2022-10-01,Classic,1
C05511,Ali Alyami,0599005511,ali.alyami5511@example.com,Riyadh,B007,2024-05-10,Classic,1
C05512,Haya Albalawi,0599005512,haya.albalawi5512@example.com,Jeddah,B016,2025-04-14,Silver,1
C05513,Rakan Alamri,0599005513,rakan.alamri5513@example.com,Jazan,B033,2021-06-23,Classic,1
C05514,Sultan Alsubaie,0599005514,sultan.alsubaie5514@example.com,Al Kharj,B011,2023-03-13,Platinum,0
C05515,Amal Almutairi,0599005515,amal.almutairi5515@example.com,Jeddah,B013,2021-05-04,Gold,
C05516,Noura Alenezi,0599005516,noura.alenezi5516@example.com,Riyadh,B006,2025-12-20,Classic,1
C05517,Majed Alnaimi,0599005517,majed.alnaimi5517@example.com,Hail,B038,2023-06-03,Gold,1
C05518,Turki Alzahrani,0599005518,turki.alzahrani5518@example.com,Riyadh,B007,2021-04-30,Classic,1
C05519,Turki Alkhaldi,0599005519,turki.alkhaldi5519@example.com,Jeddah,B016,2021-05-20,Gold,0
C05520,Ali Alghamdi,0599005520,ali.alghamdi5520@example.com,Jeddah,B021,2021-04-14,Gold,1
C05521,Haya Alotaibi,0599005521,haya.alotaibi5521@example.com,Al Jouf,B039,2025-07-26,Classic,0
C05522,Ghada Alnaimi,0599005522,ghada.alnaimi5522@example.com,Taif,B020,2025-09-07,Platinum,1
C05523,Hind Alqahtani,0599005523,hind.alqahtani5523@example.com,Jeddah,B016,2026-05-18,Classic,1
C05524,Ghada Alghamdi,0599005524,ghada.alghamdi5524@example.com,Al Kharj,B011,2023-10-05,Silver,1
C05525,Reem Aldossary,0599005525,reem.aldossary5525@example.com,Riyadh,B005,2022-10-23,Gold,1
C05526,Hessa Alkhaldi,0599005526,hessa.alkhaldi5526@example.com,Jazan,B033,2026-03-21,Gold,1
C05527,Atheer Alzahrani,0599005527,atheer.alzahrani5527@example.com,Taif,B020,2025-04-23,Silver,1
C05528,Nasser Alsubaie,0599005528,nasser.alsubaie5528@example.com,Jubail,B027,2023-03-23,Classic,1
C05529,Sara Alrashidi,0599005529,sara.alrashidi5529@example.com,Riyadh,B006,2025-02-16,Classic,1
C05530,Nasser Alsubaie,0599005530,nasser.alsubaie5530@example.com,Jazan,B033,2024-02-06,Classic,1
C05531,Maha Alyami,0599005531,maha.alyami5531@example.com,Dammam,B023,2023-12-21,Gold,1
C05532,Jawaher Albalawi,0599005532,jawaher.albalawi5532@example.com,Tabuk,B040,2026-05-31,Silver,1
C05533,Khalid Almutairi,0599005533,khalid.almutairi5533@example.com,Riyadh,B009,2023-12-04,Silver,1
C05534,Yousef Alyami,0599005534,yousef.alyami5534@example.com,Jeddah,B015,2025-10-14,Classic,1
C05535,Hind Alkhaldi,0599005535,hind.alkhaldi5535@example.com,Jeddah,B015,2025-03-13,Silver,1
C05536,Hind Alqahtani,0599005536,hind.alqahtani5536@example.com,Taif,B020,2022-03-20,Silver,1
C05537,Sara Alkhaldi,0599005537,sara.alkhaldi5537@example.com,Khobar,B029,2024-10-03,Classic,1
C05538,Dana Alfaraj,0599005538,dana.alfaraj5538@example.com,Riyadh,B007,2025-10-15,Classic,1
C05539,Faisal Alyami,0599005539,faisal.alyami5539@example.com,Riyadh,B002,2025-11-13,Silver,0
C05540,Bandar Aldossary,0599005540,bandar.aldossary5540@example.com,Riyadh,B012,2023-06-01,Classic,0
C05541,Reem Albalawi,0599005541,reem.albalawi5541@example.com,Jeddah,B021,2025-07-26,Silver,0
C05542,Jawaher Aljohani,0599005542,jawaher.aljohani5542@example.com,Jeddah,B021,2025-05-14,Classic,0
C05543,Mona Alnaimi,0599005543,mona.alnaimi5543@example.com,Dhahran,B030,2024-06-24,Silver,1
C05544,Majed Alshammari,0599005544,majed.alshammari5544@example.com,Makkah,B018,2022-04-16,Silver,1
C05545,Saud Aldossary,0599005545,saud.aldossary5545@example.com,Al Kharj,B011,2025-05-07,Classic,1
C05546,Atheer Aldawsari,0599005546,atheer.aldawsari5546@example.com,Jeddah,B015,2025-08-02,Classic,1
C05547,Omar Alamri,123456,omar.alamri5547@example.com,Riyadh,B008,2025-07-04,Classic,1
C05548,Fahad Alanazi,0599005548,fahad.alanazi5548@example.com,Riyadh,B009,2025-01-05,Silver,1
C05549,Mohammed Alotaibi,0599005549,mohammed.alotaibi5549@example.com,Jeddah,B015,2024-04-11,Gold,1
C05550,Maha Alamri,0599005550,maha.alamri5550@example.com,Al Kharj,B011,2024-02-21,Gold,0
C05551,Nasser Aljohani,0599005551,nasser.aljohani5551@example.com,Riyadh,B002,2022-02-20,Classic,0
C05552,Nasser Alotaibi,0599005552,nasser.alotaibi5552@example.com,Riyadh,B007,2022-07-04,Gold,0
C05553,Noura Alqahtani,0599005553,noura.alqahtani5553@example.com,Madinah,B019,2025-01-21,Silver,0
C05554,Jawaher Aljohani,0599005554,jawaher.aljohani5554@example.com,Jeddah,B017,2025-07-21,Silver,1
C05555,Turki Alghamdi,0599005555,turki.alghamdi5555@example.com,Riyadh,B008,2025-10-02,Silver,1
C05556,Reem Alshehri,0599005556,reem.alshehri5556@example.com,Riyadh,B007,2025-07-15,Classic,0
C05557,Fahad Alamri,0599005557,fahad.alamri5557@example.com,Riyadh,B002,2022-08-15,Classic,1
C05558,Rakan Alshammari,0599005558,rakan.alshammari5558@example.com,Dhahran,B025,2024-08-29,Classic,1
C05559,Amal Alghamdi,0599005559,amal.alghamdi5559@example.com,Makkah,B018,2026-03-19,Gold,1
C05560,Lama Alharbi,0599005560,lama.alharbi5560@example.com,Riyadh,B001,2026-06-10,Silver,1
C05561,Sultan Albalawi,0599005561,sultan.albalawi5561@example.com,Makkah,B018,2023-04-13,Gold,1
C05562,Faisal Almalki,0599005562,faisal.almalki5562@example.com,Jeddah,B022,2025-06-22,Silver,1
C05563,Hind Alsaeed,0599005563,hind.alsaeed5563@example.com,Jeddah,B014,2025-10-26,Classic,1
C05564,Jawaher Alshehri,0599005564,jawaher.alshehri5564@example.com,Riyadh,B001,2023-07-03,Classic,1
C05565,Sultan Alrashidi,0599005565,sultan.alrashidi5565@example.com,Dhahran,B030,2023-02-11,Silver,1
C05566,Saud Alsaeed,0599005566,saud.alsaeed5566@example.com,Riyadh,B012,2022-11-19,Classic,1
C05567,Faisal Alghamdi,0599005567,faisal.alghamdi5567@example.com,Khamis Mushait,B032,2025-03-12,Silver,1
C05568,Saud Alanazi,0599005568,saud.alanazi5568@example.com,Riyadh,B012,2024-06-23,Classic,0
C05569,Lama Alshammari,0599005569,lama.alshammari5569@example.com,Riyadh,B002,2026-03-07,Classic,0
C05570,Maha Alamri,0599005570,maha.alamri5570@example.com,Riyadh,B003,2025-08-11,Classic,1
C05571,Ghada Aljohani,0599005571,ghada.aljohani5571@example.com,Hail,B038,2023-02-03,Silver,1
C05572,Ziyad Alhajri,0599005572,ziyad.alhajri5572@example.com,Dammam,B023,2026-04-17,Classic,1
C05573,Majed Alotaibi,0599005573,majed.alotaibi5573@example.com,Dhahran,B030,2024-11-12,Classic,1
C05574,Lama Aldawsari,0599005574,lama.aldawsari5574@example.com,Jeddah,B013,2023-08-12,Classic,1
C05575,Hessa Alghamdi,0599005575,hessa.alghamdi5575@example.com,Makkah,B018,2024-07-26,Classic,0
C05576,Lama Aljohani,0599005576,lama.aljohani5576@example.com,Jeddah,B017,2025-01-20,Classic,1
C05577,Maha Alenezi,0599005577,maha.alenezi5577@example.com,Taif,B020,2021-06-09,Silver,1
C05578,Nasser Alsubaie,0599005578,nasser.alsubaie5578@example.com,Jazan,B033,2022-07-12,Classic,1
C05579,Abdullah Alghamdi,0599005579,abdullah.alghamdi5579@example.com,Abha,B035,2026-05-11,Classic,0
C05580,Rawan Alghamdi,0599005580,rawan.alghamdi5580@example.com,Riyadh,B009,2026-01-25,Silver,1
C05581,Sara Almalki,0599005581,sara.almalki5581@example.com,Tabuk,B037,2023-10-22,Gold,1
C05582,Rakan Aljohani,0599005582,rakan.aljohani5582@example.com,Makkah,B018,2021-11-28,Gold,1
C05583,Amal Alnaimi,0599005583,amal.alnaimi5583@example.com,Taif,B020,2025-06-10,Silver,1
C05584,Mona Aljohani,0599005584,mona.aljohani5584@example.com,Riyadh,B007,2022-12-23,Classic,0
C05585,Hessa Aldawsari,0599005585,hessa.aldawsari5585@example.com,Al Kharj,B011,2021-11-10,Classic,1
C05586,Hind Alqahtani,0599005586,hind.alqahtani5586@example.com,Taif,B020,2023-10-06,Silver,1
C05587,Dana Aldossary,0599005587,dana.aldossary5587@example.com,Dhahran,B025,2024-05-14,Classic,0
C05588,Sultan Almalki,0599005588,sultan.almalki5588@example.com,Tabuk,B040,2025-10-24,Platinum,0
C05589,Turki Alrashidi,0599005589,turki.alrashidi5589@example.com,Tabuk,B040,2024-03-06,Silver,0
C05590,Noura Alghamdi,0599005590,noura.alghamdi5590@example.com,Najran,B034,2025-01-25,Silver,1
C05591,Shahad Aldawsari,0599005591,shahad.aldawsari5591@example.com,Dhahran,B030,2026-02-02,Classic,1
C05592,Sara Albalawi,0599005592,sara.albalawi5592@example.com,Khobar,B024,2023-06-29,Classic,0
C05593,Ali Alanazi,0599005593,ali.alanazi5593@example.com,Riyadh,B004,2023-12-12,Platinum,
C05594,Haya Alrashidi,0599005594,haya.alrashidi5594@example.com,Dhahran,B030,2021-11-15,Silver,1
C05595,Fahad Alfaraj,0599005595,fahad.alfaraj5595@example.com,Jubail,B027,2025-02-25,Silver,1
C05596,Fahad Alotaibi,0599005596,fahad.alotaibi5596@example.com,Khobar,B029,2023-03-19,Classic,1
C05597,Ali Alenezi,0599005597,ali.alenezi5597@example.com,Dammam,B023,2021-10-10,Classic,1
C05598,Dana Alanazi,0599005598,dana.alanazi5598@example.com,Jeddah,B017,2025-12-23,Classic,1
C05599,Hessa Alqahtani,0599005599,hessa.alqahtani5599@example.com,Riyadh,B003,2025-02-13,Classic,1
C05600,Ahmed Alharbi,0599005600,ahmed.alharbi5600@example.com,Khobar,B024,2024-11-18,Silver,1
C05601,Majed Alshehri,0599005601,majed.alshehri5601@example.com,Riyadh,B005,2025-03-29,Classic,1
C05602,Ghada Alyami,0599005602,ghada.alyami5602@example.com,Khobar,B029,2025-02-27,Classic,0
C05603,Rakan Alenezi,0599005603,rakan.alenezi5603@example.com,Dammam,B028,2021-06-05,Silver,1
C05604,Lama Alghamdi,0599005604,lama.alghamdi5604@example.com,Madinah,B019,2023-07-27,Classic,1
C05605,Lulwa Alshammari,0599005605,lulwa.alshammari5605@example.com,Al Ahsa,B026,2021-03-03,Silver,1
C05606,Yousef Alfaraj,0599005606,yousef.alfaraj5606@example.com,Tabuk,B040,2024-03-29,Silver,1
C05607,Ziyad Alyami,0599005607,ziyad.alyami5607@example.com,Jeddah,B013,2021-01-22,Silver,0
C05608,Turki Alsaeed,0599005608,turki.alsaeed5608@example.com,Riyadh,B006,2025-04-29,Classic,1
C05609,Faisal Alyami,0599005609,faisal.alyami5609@example.com,Khobar,B029,2023-06-09,Classic,1
C05610,Faisal Aldossary,0599005610,faisal.aldossary5610@example.com,Al Ahsa,B026,2025-02-23,Silver,1
C05611,Abdullah Alenezi,0599005611,abdullah.alenezi5611@example.com,Riyadh,B001,2026-01-27,Silver,0
C05612,Ali Alamri,0599005612,ali.alamri5612@example.com,Jeddah,B021,2021-04-19,Silver,1
C05613,Fahad Alshammari,0599005613,fahad.alshammari5613@example.com,Jeddah,B015,2025-04-22,Gold,1
C05614,Sultan Almalki,0599005614,sultan.almalki5614@example.com,Jeddah,B015,2021-08-21,Classic,
C05615,Ghada Alrashidi,0599005615,ghada.alrashidi5615@example.com,Abha,B031,2021-11-26,Classic,0
C05616,Haya Alhajri,0599005616,haya.alhajri5616@example.com,Riyadh,B005,2021-01-20,Classic,1
C05617,Bandar Alanazi,0599005617,bandar.alanazi5617@example.com,Al Kharj,B011,2026-06-02,Silver,1
C05618,Mohammed Alrashidi,0599005618,mohammed.alrashidi5618@example.com,Jeddah,B021,2021-01-18,Classic,0
C05619,Hessa Alanazi,0599005619,hessa.alanazi5619@example.com,Riyadh,B002,2021-09-24,Silver,1
C05620,Turki Alfaraj,0599005620,turki.alfaraj5620@example.com,Jeddah,B022,2023-07-18,Gold,1
C05621,Noura Alghamdi,0599005621,noura.alghamdi5621@example.com,Madinah,B019,2025-04-04,Classic,1
C05622,Amal Alfaraj,0599005622,amal.alfaraj5622@example.com,Khobar,B024,2025-03-28,Classic,1
C05623,Noura Alhajri,0599005623,noura.alhajri5623@example.com,Madinah,B019,2022-06-12,Classic,1
C05624,Maha Alnaimi,0599005624,maha.alnaimi5624@example.com,Taif,B020,2025-04-11,Gold,1
C05625,Turki Alotaibi,0599005625,turki.alotaibi5625@example.com,Riyadh,B002,2026-02-16,Classic,0
C05626,Ahmed Alsubaie,0599005626,ahmed.alsubaie5626@example.com,Khobar,B024,2022-04-23,Silver,1
C05627,Haya Aldawsari,0599005627,haya.aldawsari5627@example.com,Jeddah,B017,2023-02-03,Classic,1
C05628,Abdullah Alsaeed,0599005628,abdullah.alsaeed5628@example.com,Riyadh,B003,2025-06-24,Silver,0
C05629,Dana Alshehri,0599005629,dana.alshehri5629@example.com,Khobar,B029,2022-10-16,Gold,
C05630,Yousef Alqahtani,0599005630,yousef.alqahtani5630@example.com,Jeddah,B014,2022-04-04,Silver,1
C05631,Nasser Alhajri,0599005631,nasser.alhajri5631@example.com,Jeddah,B016,2024-10-01,Platinum,1
C05632,Sultan Alshehri,0599005632,sultan.alshehri5632@example.com,Madinah,B019,2023-09-08,Classic,1
C05633,Omar Alshammari,0599005633,omar.alshammari5633@example.com,Jeddah,B021,2026-01-20,Silver,1
C05634,Noura Alsubaie,0599005634,noura.alsubaie5634@example.com,Riyadh,B008,2024-04-08,Classic,0
C05635,Fahad Aldossary,0599005635,fahad.aldossary5635@example.com,Qassim,B010,2022-05-13,Silver,
C05636,Maha Albalawi,0599005636,maha.albalawi5636@example.com,Riyadh,B004,2022-12-29,Classic,1
C05637,Jawaher Alotaibi,0599005637,jawaher.alotaibi5637@example.com,Jeddah,B013,2024-01-04,Platinum,
C05638,Noura Aljohani,0599005638,noura.aljohani5638@example.com,Abha,B031,2026-01-22,Classic,
C05639,Omar Alrashidi,0599005639,omar.alrashidi5639@example.com,Jeddah,B016,2022-11-10,Silver,1
C05640,Mohammed Alzahrani,0599005640,mohammed.alzahrani5640@example.com,Riyadh,B004,2024-01-19,Gold,1
C05641,Ahmed Alfaraj,0599005641,ahmed.alfaraj5641@example.com,Riyadh,B003,2021-08-06,Classic,1
C05642,Bandar Aljohani,0599005642,bandar.aljohani5642@example.com,Dhahran,B030,2025-04-27,Classic,1
C05643,Saud Alhajri,0599005643,saud.alhajri5643@example.com,Tabuk,B037,2025-11-14,Silver,1
C05644,Majed Alrashidi,0599005644,majed.alrashidi5644@example.com,Al Ahsa,B026,2023-09-02,Silver,1
C05645,Nasser Albalawi,0599005645,nasser.albalawi5645@example.com,Riyadh,B007,2025-03-02,Silver,1
C05646,Sultan Alamri,0599005646,sultan.alamri5646@example.com,Khobar,B029,2025-05-30,Classic,1
C05647,Ahmed Albalawi,0599005647,ahmed.albalawi5647@example.com,Najran,B034,2021-05-26,Classic,1
C05648,Ahmed Alshammari,0599005648,ahmed.alshammari5648@example.com,Jeddah,B016,2021-05-01,Silver,1
C05649,Jawaher Alanazi,0599005649,jawaher.alanazi5649@example.com,Jeddah,B022,2021-11-30,Classic,1
C05650,Hessa Alshehri,0599005650,hessa.alshehri5650@example.com,Najran,B034,2023-02-24,Platinum,1
C05651,Haya Alamri,0599005651,haya.alamri5651@example.com,Tabuk,B040,2024-12-19,Silver,1
C05652,Lama Alamri,0599005652,lama.alamri5652@example.com,Taif,B020,2025-08-30,Classic,0
C05653,Nasser Alsaeed,0599005653,nasser.alsaeed5653@example.com,Qassim,B010,2025-11-24,Classic,1
C05654,Turki Alghamdi,0599005654,turki.alghamdi5654@example.com,Khobar,B024,2024-10-10,Classic,0
C05655,Dana Alghamdi,0599005655,dana.alghamdi5655@example.com,Riyadh,B012,2025-09-16,Classic,0
C05656,Lulwa Alamri,0599005656,lulwa.alamri5656@example.com,Madinah,B019,2022-09-01,Classic,1
C05657,Hessa Alotaibi,0599005657,hessa.alotaibi5657@example.com,Khobar,B024,2023-01-02,Classic,0
C05658,Amal Alqahtani,0599005658,amal.alqahtani5658@example.com,Abha,B031,2024-08-09,Gold,1
C05659,Ziyad Alkhaldi,0599005659,ziyad.alkhaldi5659@example.com,Najran,B034,2021-03-20,Classic,1
C05660,Rakan Almutairi,0599005660,rakan.almutairi5660@example.com,Riyadh,B004,2022-11-06,Classic,1
C05661,Lulwa Alshehri,0599005661,lulwa.alshehri5661@example.com,Qassim,B010,2021-04-09,Classic,1
C05662,Rawan Alsaeed,0599005662,rawan.alsaeed5662@example.com,Riyadh,B009,2024-07-14,Gold,1
C05663,Omar Alhajri,0599005663,omar.alhajri5663@example.com,Jeddah,B015,2026-05-24,Silver,1
C05664,Bandar Almutairi,0599005664,bandar.almutairi5664@example.com,Riyadh,B004,2025-05-06,Classic,0
C05665,Hessa Alamri,0599005665,hessa.alamri5665@example.com,Jazan,B033,2022-07-15,Silver,1
C05666,Hessa Alnaimi,0599005666,hessa.alnaimi5666@example.com,Al Ahsa,B026,2023-08-13,Gold,1
C05667,Jawaher Alshehri,0599005667,jawaher.alshehri5667@example.com,Madinah,B019,2026-03-28,Classic,1
C05668,Ahmed Alenezi,0599005668,ahmed.alenezi5668@example.com,Hail,B038,2026-03-24,Classic,1
C05669,Shahad Almalki,0599005669,shahad.almalki5669@example.com,Jeddah,B017,2024-02-26,Platinum,1
C05670,Ghada Alnaimi,0599005670,ghada.alnaimi5670@example.com,Riyadh,B001,2023-02-14,Classic,1
C05671,Hessa Almalki,0599005671,hessa.almalki5671@example.com,Jeddah,B016,2021-06-25,Classic,1
C05672,Hind Alkhaldi,0599005672,hind.alkhaldi5672@example.com,Dhahran,B030,2022-08-08,Platinum,0
C05673,Ziyad Almutairi,0599005673,ziyad.almutairi5673@example.com,Taif,B020,2023-09-10,Classic,1
C05674,Khalid Alhajri,0599005674,khalid.alhajri5674@example.com,Riyadh,B008,2026-04-14,Platinum,0
C05675,Atheer Alyami,0599005675,atheer.alyami5675@example.com,Riyadh,B002,2024-08-07,Classic,1
C05676,Rakan Alharbi,0599005676,rakan.alharbi5676@example.com,Riyadh,B001,2021-09-02,Classic,1
C05677,Sultan Aljohani,0599005677,sultan.aljohani5677@example.com,Riyadh,B006,2021-09-22,Silver,0
C05678,Fahad Alamri,0599005678,fahad.alamri5678@example.com,Makkah,B018,2024-06-30,Classic,1
C05679,Ahmed Alhajri,0599005679,ahmed.alhajri5679@example.com,Dhahran,B025,2026-02-06,Classic,1
C05680,Ali Alanazi,0599005680,ali.alanazi5680@example.com,Hail,B038,2025-07-02,Classic,1
C05681,Mona Alsubaie,0599005681,mona.alsubaie5681@example.com,Riyadh,B009,2025-01-21,Classic,0
C05682,Shahad Alhajri,0599005682,shahad.alhajri5682@example.com,Riyadh,B004,2023-04-25,Gold,1
C05683,Khalid Alshammari,0599005683,khalid.alshammari5683@example.com,Dammam,B023,2023-03-18,Gold,0
C05684,Hind Alotaibi,0599005684,hind.alotaibi5684@example.com,Taif,B020,2022-02-09,Classic,0
C05685,Sultan Almalki,0599005685,sultan.almalki5685@example.com,Riyadh,B001,2024-10-14,Silver,1
C05686,Atheer Alshammari,0599005686,atheer.alshammari5686@example.com,Taif,B020,2026-02-05,Classic,0
C05687,Saud Alnaimi,0599005687,saud.alnaimi5687@example.com,Khobar,B024,2025-02-15,Silver,1
C05688,Abdullah Alshammari,0599005688,abdullah.alshammari5688@example.com,Riyadh,B003,2022-08-27,Gold,1
C05689,Saud Albalawi,0599005689,saud.albalawi5689@example.com,Dhahran,B030,2021-12-24,Gold,1
C05690,Ahmed Alzahrani,0599005690,ahmed.alzahrani5690@example.com,Qassim,B010,2023-12-08,Platinum,1
C05691,Faisal Alamri,0599005691,faisal.alamri5691@example.com,Qassim,B010,2022-11-07,Silver,0
C05692,Lama Alamri,0599005692,lama.alamri5692@example.com,Dammam,B023,2026-05-26,Platinum,
C05693,Yousef Alqahtani,0599005693,yousef.alqahtani5693@example.com,Jeddah,B021,2021-10-28,Classic,1
C05694,Nasser Alrashidi,0599005694,nasser.alrashidi5694@example.com,Jeddah,B017,2023-02-07,Classic,1
C05695,Saud Almalki,0599005695,saud.almalki5695@example.com,Al Kharj,B011,2025-02-06,Classic,
C05696,Hessa Alqahtani,0599005696,hessa.alqahtani5696@example.com,Jeddah,B014,2026-02-16,Classic,1
C05697,Ziyad Alanazi,0599005697,ziyad.alanazi5697@example.com,Jeddah,B017,2024-01-21,Silver,1
C05698,Ghada Alshammari,0599005698,ghada.alshammari5698@example.com,Tabuk,B040,2024-03-30,Gold,1
C05699,Rawan Alkhaldi,0599005699,rawan.alkhaldi5699@example.com,Jeddah,B017,2024-06-29,Classic,1
C05700,Nasser Alharbi,0599005700,nasser.alharbi5700@example.com,Jeddah,B014,2024-01-23,Gold,1
C05701,Nasser Aljohani,0599005701,nasser.aljohani5701@example.com,Jeddah,B022,2025-03-31,Classic,1
C05702,Sultan Alzahrani,0599005702,sultan.alzahrani5702@example.com,Dammam,B023,2023-08-24,Silver,0
C05703,Rawan Albalawi,0599005703,rawan.albalawi5703@example.com,Khamis Mushait,B032,2023-06-20,Gold,1
C05704,Hind Alanazi,0599005704,hind.alanazi5704@example.com,Jeddah,B017,2025-12-08,Silver,1
C05705,Amal Alshehri,0599005705,amal.alshehri5705@example.com,Khamis Mushait,B032,2025-07-10,Classic,1
C05706,Sultan Alsubaie,0599005706,sultan.alsubaie5706@example.com,Riyadh,B012,2021-01-13,Silver,1
C05707,Dana Aldossary,0599005707,dana.aldossary5707@example.com,Riyadh,B004,2024-05-30,Gold,1
C05708,Abdullah Alkhaldi,0599005708,abdullah.alkhaldi5708@example.com,Taif,B020,2021-12-21,Classic,1
C05709,Reem Almalki,0599005709,reem.almalki5709@example.com,Riyadh,B005,2026-06-03,Classic,0
C05710,Dana Alghamdi,0599005710,dana.alghamdi5710@example.com,Jubail,B027,2021-07-21,Silver,1
C05711,Abdullah Alqahtani,0599005711,abdullah.alqahtani5711@example.com,Khamis Mushait,B036,2024-05-10,Silver,1
C05712,Abdullah Alotaibi,0599005712,abdullah.alotaibi5712@example.com,Jubail,B027,2023-07-15,Gold,1
C05713,Rakan Alharbi,05123456789,rakan.alharbi5713@example.com,Riyadh,B007,2022-07-13,Classic,1
C05714,Lama Alkhaldi,0599005714,lama.alkhaldi5714@example.com,Tabuk,B040,2022-01-04,Gold,0
C05715,Abdullah Alkhaldi,0599005715,abdullah.alkhaldi5715@example.com,Dammam,B028,2025-02-16,Silver,1
C05716,Saud Alnaimi,0599005716,saud.alnaimi5716@example.com,Al Kharj,B011,2023-01-08,Silver,1
C05717,Rakan Alhajri,0599005717,rakan.alhajri5717@example.com,Tabuk,B037,2025-12-17,Gold,1
C05718,Haya Aljohani,0599005718,haya.aljohani5718@example.com,Najran,B034,2025-08-16,Classic,0
C05719,Mona Alshammari,0599005719,mona.alshammari5719@example.com,Jeddah,B017,2021-06-27,Gold,0
C05720,Saud Alshehri,0599005720,saud.alshehri5720@example.com,Riyadh,B007,2025-12-03,Gold,1
C05721,Sultan Aljohani,0599005721,sultan.aljohani5721@example.com,Riyadh,B007,2026-06-02,Classic,1
C05722,Lama Almalki,0599005722,lama.almalki5722@example.com,Riyadh,B007,2022-09-03,Silver,0
C05723,Noura Albalawi,0599005723,noura.albalawi5723@example.com,Dhahran,B030,2026-03-08,Gold,1
C05724,Rawan Alghamdi,0599005724,rawan.alghamdi5724@example.com,Jeddah,B013,2021-12-19,Platinum,0
C05725,Omar Alsaeed,0599005725,omar.alsaeed5725@example.com,Khamis Mushait,B036,2023-11-23,Classic,1
C05726,Abdullah Alhajri,0599005726,abdullah.alhajri5726@example.com,Abha,B035,2025-07-31,Silver,1
C05727,Rawan Alshammari,0599005727,rawan.alshammari5727@example.com,Dhahran,B025,2026-05-05,Classic,1
C05728,Nasser Alqahtani,0599005728,nasser.alqahtani5728@example.com,Jeddah,B017,2026-06-04,Gold,0
C05729,Noura Almutairi,0599005729,noura.almutairi5729@example.com,Riyadh,B009,2021-02-06,Classic,1
C05730,Rakan Alshehri,0599005730,rakan.alshehri5730@example.com,Abha,B031,2024-11-03,Classic,1
C05731,Mohammed Alqahtani,0599005731,mohammed.alqahtani5731@example.com,Riyadh,B005,2025-10-16,Gold,
C05732,Hessa Almutairi,0599005732,hessa.almutairi5732@example.com,Abha,B031,2021-05-29,Classic,0
C05733,Hessa Alsubaie,0599005733,hessa.alsubaie5733@example.com,Abha,B031,2026-02-11,Classic,1
C05734,Nasser Alsubaie,0599005734,nasser.alsubaie5734@example.com,Riyadh,B007,2021-04-19,Classic,1
C05735,Ghada Alnaimi,0599005735,ghada.alnaimi5735@example.com,Riyadh,B008,2025-09-26,Silver,0
C05736,Rakan Alnaimi,0599005736,rakan.alnaimi5736@example.com,Dammam,B028,2025-09-25,Classic,1
C05737,Faisal Alsaeed,0599005737,faisal.alsaeed5737@example.com,Riyadh,B006,2022-09-13,Classic,1
C05738,Ali Alqahtani,0599005738,ali.alqahtani5738@example.com,Khamis Mushait,B032,2025-02-27,Gold,1
C05739,Khalid Alanazi,0599005739,khalid.alanazi5739@example.com,Riyadh,B005,2021-08-22,Classic,1
C05740,Abdullah Alfaraj,0599005740,abdullah.alfaraj5740@example.com,Dammam,B028,2025-03-13,Classic,1
C05741,Majed Alrashidi,0599005741,majed.alrashidi5741@example.com,Riyadh,B007,2025-03-23,Gold,1
C05742,Amal Alhajri,0599005742,amal.alhajri5742@example.com,Jeddah,B022,2021-08-30,Classic,1
C05743,Rawan Aljohani,0599005743,rawan.aljohani5743@example.com,Riyadh,B002,2023-07-15,Classic,1
C05744,Faisal Alamri,0599005744,faisal.alamri5744@example.com,Riyadh,B007,2026-05-19,Classic,1
C05745,Jawaher Alanazi,0599005745,jawaher.alanazi5745@example.com,Jeddah,B022,2025-12-01,Silver,1
C05746,Ghada Alrashidi,0599005746,ghada.alrashidi5746@example.com,Jubail,B027,2022-07-04,Classic,1
C05747,Ali Alharbi,0599005747,ali.alharbi5747@example.com,Jeddah,B013,2026-03-21,Classic,1
C05748,Ahmed Alotaibi,0599005748,ahmed.alotaibi5748@example.com,Al Ahsa,B026,2025-03-22,Classic,1
C05749,Noura Alharbi,0599005749,noura.alharbi5749@example.com,Jeddah,B013,2025-05-24,Classic,1
C05750,Jawaher Alrashidi,0599005750,jawaher.alrashidi5750@example.com,Dhahran,B030,2025-05-17,Silver,1
C05751,Amal Alotaibi,0599005751,amal.alotaibi5751@example.com,Jeddah,B013,2024-03-15,Classic,0
C05752,Rakan Alrashidi,0599005752,rakan.alrashidi5752@example.com,Riyadh,B012,2022-02-12,Classic,1
C05753,Khalid Alanazi,0599005753,khalid.alanazi5753@example.com,Al Jouf,B039,2023-05-13,Classic,1
C05754,Saud Alsubaie,0599005754,saud.alsubaie5754@example.com,Taif,B020,2025-07-30,Platinum,1
C05755,Haya Alrashidi,0599005755,haya.alrashidi5755@example.com,Dammam,B023,2025-01-26,Classic,1
C05756,Omar Alenezi,0599005756,omar.alenezi5756@example.com,Taif,B020,2024-12-01,Gold,1
C05757,Sara Aldawsari,0599005757,sara.aldawsari5757@example.com,Jazan,B033,2026-02-23,Silver,0
C05758,Ali Alghamdi,05X1234567,ali.alghamdi5758@example.com,Jeddah,B021,2025-11-05,Classic,1
C05759,Rakan Alkhaldi,0599005759,rakan.alkhaldi5759@example.com,Makkah,B018,2026-04-04,Classic,1
C05760,Amal Alzahrani,0599005760,amal.alzahrani5760@example.com,Madinah,B019,2023-10-02,Classic,1
C05761,Ghada Alamri,0599005761,ghada.alamri5761@example.com,Jeddah,B016,2023-11-12,Classic,1
C05762,Lama Alqahtani,0599005762,lama.alqahtani5762@example.com,Jeddah,B016,2023-01-14,Platinum,0
C05763,Bandar Almalki,0599005763,bandar.almalki5763@example.com,Khamis Mushait,B036,2025-12-20,Classic,0
C05764,Abdullah Aldawsari,0599005764,abdullah.aldawsari5764@example.com,Riyadh,B005,2025-12-01,Classic,1
C05765,Hessa Alsaeed,0599005765,hessa.alsaeed5765@example.com,Riyadh,B001,2022-02-02,Silver,0
C05766,Hind Alshehri,0599005766,hind.alshehri5766@example.com,Riyadh,B001,2026-04-01,Classic,0
C05767,Ziyad Alshammari,0599005767,ziyad.alshammari5767@example.com,Jeddah,B017,2022-12-17,Classic,1
C05768,Atheer Alshehri,0599005768,atheer.alshehri5768@example.com,Riyadh,B001,2025-07-16,Silver,1
C05769,Rawan Alshehri,0599005769,rawan.alshehri5769@example.com,Abha,B031,2024-11-06,Classic,1
C05770,Hind Alharbi,0599005770,hind.alharbi5770@example.com,Jeddah,B016,2023-01-04,Silver,1
C05771,Rawan Alnaimi,0599005771,rawan.alnaimi5771@example.com,Dammam,B028,2022-04-04,Classic,1
C05772,Lama Alenezi,0599005772,lama.alenezi5772@example.com,Al Kharj,B011,2022-02-16,Silver,1
C05773,Rawan Alanazi,0599005773,rawan.alanazi5773@example.com,Riyadh,B006,2024-11-30,Classic,1
C05774,Mohammed Aldossary,0599005774,mohammed.aldossary5774@example.com,Tabuk,B037,2023-08-31,Classic,1
C05775,Sultan Almutairi,0599005775,sultan.almutairi5775@example.com,Madinah,B019,2021-04-13,Gold,
C05776,Lulwa Aldawsari,0599005776,lulwa.aldawsari5776@example.com,Makkah,B018,2022-12-27,Classic,1
C05777,Bandar Alhajri,0599005777,bandar.alhajri5777@example.com,Jeddah,B016,2026-02-27,Silver,0
C05778,Amal Alharbi,0599005778,amal.alharbi5778@example.com,Najran,B034,2024-07-31,Classic,0
C05779,Ghada Alfaraj,0599005779,ghada.alfaraj5779@example.com,Jeddah,B013,2026-02-11,Classic,1
C05780,Noura Alamri,0599005780,noura.alamri5780@example.com,Jeddah,B015,2026-05-16,Silver,1
C05781,Ali Alanazi,0599005781,ali.alanazi5781@example.com,Jeddah,B016,2026-03-12,Classic,1
C05782,Yousef Almutairi,0599005782,yousef.almutairi5782@example.com,Najran,B034,2025-10-25,Classic,1
C05783,Sara Alotaibi,0599005783,sara.alotaibi5783@example.com,Tabuk,B040,2026-03-08,Silver,1
C05784,Fahad Alsubaie,0599005784,fahad.alsubaie5784@example.com,Riyadh,B006,2023-04-02,Classic,1
C05785,Rawan Aldawsari,0599005785,rawan.aldawsari5785@example.com,Madinah,B019,2024-03-23,Classic,
C05786,Maha Almalki,0599005786,maha.almalki5786@example.com,Riyadh,B007,2025-05-30,Classic,0
C05787,Khalid Alyami,0599005787,khalid.alyami5787@example.com,Riyadh,B009,2025-11-01,Classic,1
C05788,Sultan Aljohani,0599005788,sultan.aljohani5788@example.com,Al Kharj,B011,2024-07-11,Classic,1
C05789,Saud Alfaraj,0599005789,saud.alfaraj5789@example.com,Riyadh,B012,2025-07-08,Classic,1
C05790,Ziyad Alqahtani,0599005790,ziyad.alqahtani5790@example.com,Jeddah,B016,2021-07-16,Classic,0
C05791,Abdullah Alsaeed,0599005791,abdullah.alsaeed5791@example.com,Dhahran,B025,2024-08-05,Silver,0
C05792,Hind Alqahtani,0599005792,hind.alqahtani5792@example.com,Jeddah,B015,2022-10-22,Classic,1
C05793,Fahad Alsubaie,0599005793,fahad.alsubaie5793@example.com,Jeddah,B016,2021-11-13,Silver,1
C05794,Shahad Albalawi,0599005794,shahad.albalawi5794@example.com,Qassim,B010,2024-11-16,Classic,0
C05795,Mohammed Alhajri,0599005795,mohammed.alhajri5795@example.com,Tabuk,B037,2025-06-14,Platinum,0
C05796,Fahad Aldawsari,0599005796,fahad.aldawsari5796@example.com,Jeddah,B014,2025-09-04,Classic,0
C05797,Turki Alzahrani,0599005797,turki.alzahrani5797@example.com,Khobar,B029,2026-03-26,Classic,0
C05798,Amal Alzahrani,0599005798,amal.alzahrani5798@example.com,Najran,B034,2026-02-16,Silver,0
C05799,Hessa Alsubaie,0599005799,hessa.alsubaie5799@example.com,Taif,B020,2021-11-09,Classic,0
C05800,Noura Alshehri,0599005800,noura.alshehri5800@example.com,Khobar,B024,2022-06-17,Classic,1
C05801,Ali Alharbi,0599005801,ali.alharbi5801@example.com,Jeddah,B015,2025-11-02,Classic,1
C05802,Maha Alsubaie,0599005802,maha.alsubaie5802@example.com,Jeddah,B015,2025-07-09,Classic,1
C05803,Omar Alhajri,0599005803,omar.alhajri5803@example.com,Najran,B034,2026-01-24,Silver,1
C05804,Lulwa Aldossary,0599005804,lulwa.aldossary5804@example.com,Khobar,B029,2024-08-05,Classic,1
C05805,Turki Alsubaie,0599005805,turki.alsubaie5805@example.com,Makkah,B018,2021-01-23,Classic,0
C05806,Abdullah Alnaimi,0599005806,abdullah.alnaimi5806@example.com,Najran,B034,2021-11-06,Classic,0
C05807,Amal Alnaimi,0599005807,amal.alnaimi5807@example.com,Riyadh,B008,2021-03-22,Silver,1
C05808,Atheer Almutairi,0599005808,atheer.almutairi5808@example.com,Dhahran,B030,2022-01-06,Gold,
C05809,Bandar Alenezi,0599005809,bandar.alenezi5809@example.com,Jeddah,B014,2023-09-13,Classic,1
C05810,Ghada Albalawi,0599005810,ghada.albalawi5810@example.com,Jeddah,B015,2026-05-05,Classic,1
C05811,Majed Aldossary,0599005811,majed.aldossary5811@example.com,Dhahran,B030,2023-08-23,Classic,
C05812,Amal Almalki,0599005812,amal.almalki5812@example.com,Riyadh,B001,2024-10-12,Platinum,1
C05813,Nasser Alanazi,0599005813,nasser.alanazi5813@example.com,Jeddah,B014,2023-04-20,Classic,1
C05814,Khalid Alenezi,0599005814,khalid.alenezi5814@example.com,Dhahran,B030,2025-04-05,Classic,
C05815,Yousef Alotaibi,0599005815,yousef.alotaibi5815@example.com,Taif,B020,2026-02-17,Classic,1
C05816,Majed Alshammari,0599005816,majed.alshammari5816@example.com,Madinah,B019,2025-04-13,Classic,1
C05817,Ziyad Alshammari,0599005817,ziyad.alshammari5817@example.com,Riyadh,B001,2025-11-03,Classic,1
C05818,Ahmed Alshehri,0599005818,ahmed.alshehri5818@example.com,Riyadh,B008,2025-12-16,Classic,0
C05819,Fahad Almutairi,0599005819,fahad.almutairi5819@example.com,Al Jouf,B039,2023-03-31,Silver,1
C05820,Omar Alsubaie,0599005820,omar.alsubaie5820@example.com,Abha,B035,2025-08-17,Classic,1
C05821,Reem Alotaibi,0599005821,reem.alotaibi5821@example.com,Abha,B035,2023-03-22,Classic,0
C05822,Sara Alnaimi,0599005822,sara.alnaimi5822@example.com,Hail,B038,2026-05-08,Gold,1
C05823,Hind Alanazi,0599005823,hind.alanazi5823@example.com,Riyadh,B002,2025-09-21,Classic,1
C05824,Hind Alsubaie,0599005824,hind.alsubaie5824@example.com,Riyadh,B001,2024-09-21,Silver,1
C05825,Hessa Alhajri,0599005825,hessa.alhajri5825@example.com,Riyadh,B007,2025-01-27,Silver,1
C05826,Omar Alhajri,0599005826,omar.alhajri5826@example.com,Jeddah,B013,2024-03-07,Gold,0
C05827,Maha Almutairi,0599005827,maha.almutairi5827@example.com,Jeddah,B017,2022-05-16,Classic,0
C05828,Lama Almutairi,0599005828,lama.almutairi5828@example.com,Al Ahsa,B026,2023-04-14,Platinum,1
C05829,Yousef Alshammari,0599005829,yousef.alshammari5829@example.com,Riyadh,B006,2023-09-28,Silver,0
C05830,Ahmed Alfaraj,0599005830,ahmed.alfaraj5830@example.com,Dammam,B028,2024-02-18,Silver,1
C05831,Rakan Alshehri,0599005831,rakan.alshehri5831@example.com,Makkah,B018,2022-10-20,Platinum,1
C05832,Ahmed Aljohani,0599005832,ahmed.aljohani5832@example.com,Al Kharj,B011,2022-03-02,Classic,1
C05833,Ahmed Aljohani,0599005833,ahmed.aljohani5833@example.com,Dammam,B028,2025-07-01,Classic,
C05834,Ali Alshammari,0599005834,ali.alshammari5834@example.com,Jeddah,B015,2025-04-17,Silver,1
C05835,Abdullah Albalawi,0599005835,abdullah.albalawi5835@example.com,Qassim,B010,2022-05-10,Classic,1
C05836,Haya Alamri,0599005836,haya.alamri5836@example.com,Jeddah,B017,2025-06-17,Gold,0
C05837,Ali Alqahtani,0599005837,ali.alqahtani5837@example.com,Al Kharj,B011,2021-07-22,Classic,1
C05838,Maha Aldossary,0599005838,maha.aldossary5838@example.com,Dammam,B028,2025-09-02,Classic,1
C05839,Hessa Alanazi,0599005839,hessa.alanazi5839@example.com,Madinah,B019,2025-08-29,Classic,1
C05840,Majed Alzahrani,0599005840,majed.alzahrani5840@example.com,Jeddah,B017,2021-10-14,Classic,1
C05841,Majed Almutairi,0599005841,majed.almutairi5841@example.com,Najran,B034,2023-06-18,Silver,1
C05842,Hessa Alghamdi,0599005842,hessa.alghamdi5842@example.com,Jubail,B027,2023-02-05,Silver,1
C05843,Rakan Alhajri,0599005843,rakan.alhajri5843@example.com,Jeddah,B014,2025-06-27,Classic,0
C05844,Fahad Alrashidi,0599005844,fahad.alrashidi5844@example.com,Dammam,B023,2024-01-11,Silver,0
C05845,Hessa Alhajri,0599005845,hessa.alhajri5845@example.com,Al Kharj,B011,2024-09-08,Classic,1
C05846,Turki Albalawi,0599005846,turki.albalawi5846@example.com,Al Jouf,B039,2025-08-06,Classic,1
C05847,Faisal Aldawsari,0599005847,faisal.aldawsari5847@example.com,Riyadh,B002,2021-03-14,Classic,1
C05848,Faisal Alshehri,0599005848,faisal.alshehri5848@example.com,Riyadh,B004,2025-09-10,Platinum,1
C05849,Dana Alqahtani,0599005849,dana.alqahtani5849@example.com,Jeddah,B016,2025-04-29,Silver,1
C05850,Abdullah Alzahrani,0599005850,abdullah.alzahrani5850@example.com,Dhahran,B025,2021-01-31,Gold,1
C05851,Saud Aljohani,0599005851,saud.aljohani5851@example.com,Jeddah,B016,2025-04-15,Silver,
C05852,Reem Almalki,0599005852,reem.almalki5852@example.com,Riyadh,B006,2023-09-21,Classic,0
C05853,Haya Alkhaldi,0599005853,haya.alkhaldi5853@example.com,Khamis Mushait,B032,2026-05-15,Classic,0
C05854,Atheer Alotaibi,0599005854,atheer.alotaibi5854@example.com,Dhahran,B030,2026-05-20,Gold,1
C05855,Bandar Alnaimi,0599005855,bandar.alnaimi5855@example.com,Khobar,B029,2023-01-04,Gold,0
C05856,Lama Alqahtani,0599005856,lama.alqahtani5856@example.com,Tabuk,B040,2026-06-09,Classic,1
C05857,Jawaher Alyami,0599005857,jawaher.alyami5857@example.com,Jeddah,B017,2021-10-28,Classic,0
C05858,Mohammed Alfaraj,0599005858,mohammed.alfaraj5858@example.com,Jeddah,B016,2025-09-26,Classic,1
C05859,Noura Alamri,0599005859,noura.alamri5859@example.com,Al Kharj,B011,2026-04-06,Classic,0
C05860,Lama Alenezi,0599005860,lama.alenezi5860@example.com,Riyadh,B006,2021-06-02,Classic,1
C05861,Ali Alshammari,0599005861,ali.alshammari5861@example.com,Makkah,B018,2025-09-30,Silver,1
C05862,Hessa Alnaimi,0599005862,hessa.alnaimi5862@example.com,Khamis Mushait,B036,2022-07-02,Classic,0
C05863,Mona Alhajri,0599005863,mona.alhajri5863@example.com,Khamis Mushait,B036,2026-02-11,Gold,1
C05864,Hessa Alotaibi,0599005864,hessa.alotaibi5864@example.com,Jeddah,B017,2026-05-29,Classic,1
C05865,Omar Alyami,0599005865,omar.alyami5865@example.com,Riyadh,B007,2023-03-21,Classic,0
C05866,Ali Alsaeed,0599005866,ali.alsaeed5866@example.com,Jeddah,B016,2024-04-15,Classic,0
C05867,Haya Alharbi,0599005867,haya.alharbi5867@example.com,Riyadh,B006,2025-06-03,Classic,0
C05868,Haya Alamri,0599005868,haya.alamri5868@example.com,Riyadh,B007,2025-04-19,Classic,1
C05869,Omar Albalawi,0599005869,omar.albalawi5869@example.com,Khamis Mushait,B032,2023-04-21,Classic,0
C05870,Reem Alqahtani,0599005870,reem.alqahtani5870@example.com,Abha,B031,2022-10-13,Classic,0
C05871,Majed Alzahrani,0599005871,majed.alzahrani5871@example.com,Jeddah,B017,2024-07-01,Platinum,0
C05872,Atheer Alqahtani,0599005872,atheer.alqahtani5872@example.com,Dhahran,B030,2024-10-23,Classic,1
C05873,Turki Alsaeed,0599005873,turki.alsaeed5873@example.com,Khobar,B024,2025-11-07,Gold,1
C05874,Shahad Alfaraj,0599005874,shahad.alfaraj5874@example.com,Riyadh,B012,2026-01-16,Silver,0
C05875,Abdullah Alfaraj,0599005875,abdullah.alfaraj5875@example.com,Dammam,B023,2021-04-27,Silver,1
C05876,Amal Alzahrani,0599005876,amal.alzahrani5876@example.com,Jeddah,B013,2026-02-04,Silver,1
C05877,Mohammed Aljohani,0599005877,mohammed.aljohani5877@example.com,Riyadh,B002,2026-02-10,Silver,1
C05878,Lama Alnaimi,0599005878,lama.alnaimi5878@example.com,Riyadh,B007,2025-02-03,Classic,
C05879,Hind Alnaimi,0599005879,hind.alnaimi5879@example.com,Jeddah,B021,2025-07-19,Classic,0
C05880,Saud Alshehri,0599005880,saud.alshehri5880@example.com,Riyadh,B009,2023-11-22,Gold,1
C05881,Omar Alotaibi,0599005881,omar.alotaibi5881@example.com,Khobar,B024,2021-08-05,Classic,0
C05882,Fahad Alharbi,0599005882,fahad.alharbi5882@example.com,Riyadh,B002,2024-08-09,Classic,1
C05883,Mohammed Aldossary,0599005883,mohammed.aldossary5883@example.com,Dhahran,B025,2021-09-05,Silver,1
C05884,Khalid Alsubaie,0599005884,khalid.alsubaie5884@example.com,Tabuk,B040,2024-05-05,Classic,1
C05885,Haya Alanazi,0599005885,haya.alanazi5885@example.com,Jeddah,B022,2021-11-23,Silver,0
C05886,Ziyad Alotaibi,0599005886,ziyad.alotaibi5886@example.com,Jubail,B027,2022-07-14,Classic,1
C05887,Fahad Alsaeed,0599005887,fahad.alsaeed5887@example.com,Al Ahsa,B026,2024-09-13,Gold,0
C05888,Bandar Alshammari,0599005888,bandar.alshammari5888@example.com,Jeddah,B014,2024-03-04,Classic,1
C05889,Hind Alshehri,0599005889,hind.alshehri5889@example.com,Jeddah,B013,2025-05-30,Classic,1
C05890,Ghada Alshammari,0599005890,ghada.alshammari5890@example.com,Riyadh,B008,2026-02-19,Gold,1
C05891,Mohammed Aljohani,0599005891,mohammed.aljohani5891@example.com,Dammam,B023,2025-09-20,Classic,0
C05892,Amal Alsubaie,0599005892,amal.alsubaie5892@example.com,Riyadh,B006,2024-12-31,Classic,1
C05893,Majed Alanazi,0599005893,majed.alanazi5893@example.com,Khamis Mushait,B032,2023-05-25,Classic,1
C05894,Dana Alenezi,0599005894,dana.alenezi5894@example.com,Al Kharj,B011,2025-03-15,Silver,1
C05895,Fahad Alshehri,0599005895,fahad.alshehri5895@example.com,Jeddah,B021,2023-05-31,Classic,1
C05896,Sultan Albalawi,0599005896,sultan.albalawi5896@example.com,Taif,B020,2025-07-01,Classic,0
C05897,Omar Almalki,0599005897,omar.almalki5897@example.com,Najran,B034,2022-07-13,Gold,1
C05898,Sultan Alshammari,0599005898,sultan.alshammari5898@example.com,Tabuk,B037,2021-05-01,Silver,1
C05899,Mona Alghamdi,0599005899,mona.alghamdi5899@example.com,Khobar,B029,2022-06-01,Classic,0
C05900,Fahad Aldossary,0599005900,fahad.aldossary5900@example.com,Abha,B035,2026-05-13,Classic,1
C05901,Khalid Alzahrani,0599005901,khalid.alzahrani5901@example.com,Abha,B035,2024-10-09,Classic,1
C05902,Mohammed Almalki,0599005902,mohammed.almalki5902@example.com,Khamis Mushait,B036,2025-07-21,Silver,1
C05903,Reem Alsubaie,0599005903,reem.alsubaie5903@example.com,Jeddah,B014,2024-02-29,Classic,1
C05904,Atheer Alyami,0599005904,atheer.alyami5904@example.com,Jeddah,B017,2023-05-04,Silver,1
C05905,Sara Alsubaie,0599005905,sara.alsubaie5905@example.com,Jeddah,B017,2024-05-24,Classic,0
C05906,Rakan Alghamdi,0599005906,rakan.alghamdi5906@example.com,Jazan,B033,2024-11-20,Classic,1
C05907,Lama Alenezi,0599005907,lama.alenezi5907@example.com,Khamis Mushait,B036,2026-04-08,Classic,0
C05908,Mohammed Alshehri,0599005908,mohammed.alshehri5908@example.com,Najran,B034,2024-11-15,Platinum,1
C05909,Lulwa Albalawi,0599005909,lulwa.albalawi5909@example.com,Riyadh,B005,2026-03-23,Classic,0
C05910,Lulwa Alyami,0599005910,lulwa.alyami5910@example.com,Dhahran,B025,2026-01-09,Classic,1
C05911,Abdullah Alshehri,0599005911,abdullah.alshehri5911@example.com,Riyadh,B008,2025-02-18,Classic,1
C05912,Lama Alotaibi,0599005912,lama.alotaibi5912@example.com,Najran,B034,2025-07-27,Silver,1
C05913,Khalid Alotaibi,0599005913,khalid.alotaibi5913@example.com,Jeddah,B021,2021-05-16,Classic,1
C05914,Majed Aldawsari,0599005914,majed.aldawsari5914@example.com,Dhahran,B030,2023-04-05,Classic,1
C05915,Sara Alyami,0599005915,sara.alyami5915@example.com,Al Ahsa,B026,2024-09-30,Silver,1
C05916,Haya Albalawi,0599005916,haya.albalawi5916@example.com,Hail,B038,2021-12-03,Silver,1
C05917,Amal Alsaeed,0599005917,amal.alsaeed5917@example.com,Dammam,B023,2024-06-05,Silver,1
C05918,Nasser Alzahrani,0599005918,nasser.alzahrani5918@example.com,Qassim,B010,2023-04-12,Silver,1
C05919,Jawaher Aldossary,0599005919,jawaher.aldossary5919@example.com,Khobar,B029,2025-01-06,Classic,1
C05920,Amal Alanazi,0599005920,amal.alanazi5920@example.com,Dammam,B023,2023-07-02,Gold,1
C05921,Lulwa Alkhaldi,0599005921,lulwa.alkhaldi5921@example.com,Jeddah,B022,2022-04-06,Classic,1
C05922,Ali Alsubaie,0599005922,ali.alsubaie5922@example.com,Riyadh,B012,2025-09-01,Gold,0
C05923,Reem Alshehri,0599005923,reem.alshehri5923@example.com,Khamis Mushait,B036,2026-03-18,Gold,1
C05924,Amal Albalawi,0599005924,amal.albalawi5924@example.com,Riyadh,B003,2024-04-09,Gold,1
C05925,Noura Alsubaie,0599005925,noura.alsubaie5925@example.com,Jeddah,B013,2025-08-24,Classic,1
C05926,Lulwa Alhajri,0599005926,lulwa.alhajri5926@example.com,Khobar,B029,2024-10-04,Classic,1
C05927,Nasser Alotaibi,0599005927,nasser.alotaibi5927@example.com,Riyadh,B012,2026-02-03,Classic,1
C05928,Lama Aldossary,0599005928,lama.aldossary5928@example.com,Jeddah,B021,2026-03-04,Classic,1
C05929,Noura Alnaimi,0599005929,noura.alnaimi5929@example.com,Abha,B035,2024-06-27,Classic,
C05930,Yousef Alsubaie,0599005930,yousef.alsubaie5930@example.com,Jeddah,B014,2022-09-28,Classic,1
C05931,Khalid Alharbi,0599005931,khalid.alharbi5931@example.com,Riyadh,B001,2025-05-30,Classic,1
C05932,Mona Albalawi,0599005932,mona.albalawi5932@example.com,Taif,B020,2025-04-18,Platinum,1
C05933,Khalid Alghamdi,0599005933,khalid.alghamdi5933@example.com,Jeddah,B015,2023-06-07,Silver,1
C05934,Saud Alshammari,0599005934,saud.alshammari5934@example.com,Khamis Mushait,B036,2022-07-29,Classic,0
C05935,Majed Albalawi,0599005935,majed.albalawi5935@example.com,Jubail,B027,2021-03-12,Classic,0
C05936,Amal Alhajri,0599005936,amal.alhajri5936@example.com,Khobar,B029,2026-02-16,Gold,1
C05937,Khalid Alghamdi,0599005937,khalid.alghamdi5937@example.com,Jeddah,B014,2021-04-02,Classic,1
C05938,Lama Alqahtani,0599005938,lama.alqahtani5938@example.com,Jeddah,B013,2022-05-19,Classic,1
C05939,Noura Aldossary,0599005939,noura.aldossary5939@example.com,Dhahran,B025,2021-07-25,Classic,1
C05940,Omar Almutairi,0599005940,omar.almutairi5940@example.com,Abha,B035,2023-07-09,Classic,0
C05941,Nasser Alharbi,0599005941,nasser.alharbi5941@example.com,Khamis Mushait,B036,2025-08-30,Classic,1
C05942,Faisal Alotaibi,0599005942,faisal.alotaibi5942@example.com,Riyadh,B012,2023-03-30,Silver,0
C05943,Noura Albalawi,0599005943,noura.albalawi5943@example.com,Riyadh,B007,2025-11-15,Classic,0
C05944,Sara Alqahtani,0599005944,sara.alqahtani5944@example.com,Al Jouf,B039,2025-07-06,Platinum,1
C05945,Turki Alkhaldi,0599005945,turki.alkhaldi5945@example.com,Riyadh,B005,2025-07-13,Classic,0
C05946,Amal Alenezi,0599005946,amal.alenezi5946@example.com,Makkah,B018,2026-02-15,Gold,0
C05947,Reem Alshehri,0599005947,reem.alshehri5947@example.com,Khamis Mushait,B032,2026-02-26,Silver,0
C05948,Nasser Albalawi,0599005948,nasser.albalawi5948@example.com,Jeddah,B021,2026-01-23,Gold,1
C05949,Hind Albalawi,0599005949,hind.albalawi5949@example.com,Taif,B020,2022-09-03,Classic,1
C05950,Omar Aldawsari,0599005950,omar.aldawsari5950@example.com,Al Jouf,B039,2025-05-03,Silver,0
C05951,Hind Alhajri,0599005951,hind.alhajri5951@example.com,Khobar,B024,2026-03-10,Silver,0
C05952,Omar Alqahtani,0599005952,omar.alqahtani5952@example.com,Khamis Mushait,B032,2024-10-11,Gold,0
C05953,Mona Alshehri,0599005953,mona.alshehri5953@example.com,Madinah,B019,2025-06-13,Gold,0
C05954,Faisal Alzahrani,0599005954,faisal.alzahrani5954@example.com,Al Kharj,B011,2022-10-13,Classic,0
C05955,Mona Alkhaldi,0599005955,mona.alkhaldi5955@example.com,Riyadh,B003,2025-02-17,Silver,1
C05956,Turki Alsubaie,0599005956,turki.alsubaie5956@example.com,Al Kharj,B011,2021-04-14,Classic,1
C05957,Shahad Alanazi,0599005957,shahad.alanazi5957@example.com,Riyadh,B001,2025-03-31,Gold,0
C05958,Yousef Alshammari,0599005958,yousef.alshammari5958@example.com,Dhahran,B025,2023-09-20,Platinum,1
C05959,Lama Alnaimi,0599005959,lama.alnaimi5959@example.com,Riyadh,B009,2025-10-19,Classic,1
C05960,Rakan Alrashidi,0599005960,rakan.alrashidi5960@example.com,Riyadh,B003,2022-07-11,Silver,1
C05961,Hessa Alzahrani,0599005961,hessa.alzahrani5961@example.com,Riyadh,B004,2021-10-23,Silver,1
C05962,Hessa Alharbi,0599005962,hessa.alharbi5962@example.com,Riyadh,B001,2025-12-15,Silver,1
C05963,Mohammed Alhajri,0599005963,mohammed.alhajri5963@example.com,Jeddah,B013,2021-11-23,Silver,1
C05964,Noura Aldossary,0599005964,noura.aldossary5964@example.com,Riyadh,B005,2025-11-21,Classic,1
C05965,Noura Alyami,0599005965,noura.alyami5965@example.com,Najran,B034,2025-06-18,Gold,0
C05966,Rakan Alghamdi,0599005966,rakan.alghamdi5966@example.com,Abha,B035,2021-08-01,Classic,1
C05967,Reem Alqahtani,0599005967,reem.alqahtani5967@example.com,Dhahran,B025,2025-12-12,Silver,
C05968,Atheer Alghamdi,0599005968,atheer.alghamdi5968@example.com,Riyadh,B003,2022-10-30,Gold,0
C05969,Jawaher Alanazi,0599005969,jawaher.alanazi5969@example.com,Khobar,B029,2025-03-16,Classic,1
C05970,Rawan Alqahtani,0599005970,rawan.alqahtani5970@example.com,Riyadh,B009,2026-05-16,Silver,1
C05971,Majed Alshehri,0599005971,majed.alshehri5971@example.com,Jeddah,B016,2023-05-09,Classic,1
C05972,Fahad Alnaimi,0599005972,fahad.alnaimi5972@example.com,Najran,B034,2022-12-06,Silver,1
C05973,Maha Alsaeed,0599005973,maha.alsaeed5973@example.com,Makkah,B018,2025-02-19,Classic,1
C05974,Khalid Alanazi,0599005974,khalid.alanazi5974@example.com,Riyadh,B012,2024-07-23,Classic,1
C05975,Ahmed Alghamdi,0599005975,ahmed.alghamdi5975@example.com,Jeddah,B013,2022-12-30,Gold,1
C05976,Atheer Alsubaie,0599005976,atheer.alsubaie5976@example.com,Riyadh,B007,2024-11-16,Classic,1
C05977,Rawan Alfaraj,0599005977,rawan.alfaraj5977@example.com,Khamis Mushait,B032,2022-04-24,Classic,0
C05978,Maha Aldossary,0599005978,maha.aldossary5978@example.com,Riyadh,B009,2026-05-18,Classic,0
C05979,Lama Alharbi,0599005979,lama.alharbi5979@example.com,Makkah,B018,2021-02-28,Classic,0
C05980,Jawaher Almalki,0599005980,jawaher.almalki5980@example.com,Dhahran,B030,2022-05-29,Classic,1
C05981,Lama Alyami,0599005981,lama.alyami5981@example.com,Khobar,B029,2024-11-07,Classic,0
C05982,Nasser Alnaimi,0599005982,nasser.alnaimi5982@example.com,Jeddah,B022,2026-03-26,Classic,1
C05983,Abdullah Alyami,0599005983,abdullah.alyami5983@example.com,Khamis Mushait,B032,2022-04-10,Silver,1
C05984,Lulwa Alghamdi,0599005984,lulwa.alghamdi5984@example.com,Khobar,B029,2024-05-06,Classic,0
C05985,Jawaher Alqahtani,0599005985,jawaher.alqahtani5985@example.com,Jubail,B027,2025-10-07,Silver,1
C05986,Fahad Alotaibi,0599005986,fahad.alotaibi5986@example.com,Riyadh,B008,2024-06-29,Classic,0
C05987,Hind Alshehri,0599005987,hind.alshehri5987@example.com,Jeddah,B016,2022-02-15,Classic,1
C05988,Rawan Alharbi,0599005988,rawan.alharbi5988@example.com,Riyadh,B007,2024-06-09,Classic,1
C05989,Sultan Almutairi,0599005989,sultan.almutairi5989@example.com,Jeddah,B022,2025-02-08,Platinum,0
C05990,Ahmed Alrashidi,0599005990,ahmed.alrashidi5990@example.com,Khobar,B024,2024-05-13,Classic,1
C05991,Sultan Alanazi,0599005991,sultan.alanazi5991@example.com,Al Kharj,B011,2026-02-19,Silver,1
C05992,Haya Aljohani,0599005992,haya.aljohani5992@example.com,Jeddah,B013,2026-03-21,Silver,1
C05993,Lulwa Alharbi,0599005993,lulwa.alharbi5993@example.com,Jeddah,B014,2024-05-06,Gold,0
C05994,Reem Aldawsari,0599005994,reem.aldawsari5994@example.com,Abha,B035,2025-04-14,Classic,0
C05995,Bandar Alkhaldi,0599005995,bandar.alkhaldi5995@example.com,Riyadh,B002,2023-07-21,Classic,1
C05996,Hessa Alkhaldi,0599005996,hessa.alkhaldi5996@example.com,Jeddah,B014,2024-12-02,Classic,1
C05997,Hessa Alnaimi,0599005997,hessa.alnaimi5997@example.com,Riyadh,B003,2025-11-08,Classic,1
C05998,Abdullah Alhajri,0599005998,abdullah.alhajri5998@example.com,Dhahran,B030,2024-07-07,Gold,1
C05999,Turki Alenezi,0599005999,turki.alenezi5999@example.com,Riyadh,B003,2022-10-20,Classic,1
C06000,Abdullah Alkhaldi,0599006000,abdullah.alkhaldi6000@example.com,Jeddah,B017,2024-07-21,Platinum,0
C06001,Atheer Albalawi,0599006001,atheer.albalawi6001@example.com,Tabuk,B040,2026-02-11,Classic,1
C06002,Abdullah Alotaibi,0599006002,abdullah.alotaibi6002@example.com,Dammam,B028,2022-11-03,Classic,1
C06003,Ali Alsubaie,0599006003,ali.alsubaie6003@example.com,Al Kharj,B011,2023-01-11,Classic,1
C06004,Dana Alzahrani,0599006004,dana.alzahrani6004@example.com,Dammam,B023,2023-05-15,Classic,1
C06005,Majed Alenezi,0599006005,majed.alenezi6005@example.com,Jeddah,B015,2025-10-14,Silver,1
C06006,Mona Aldossary,0599006006,mona.aldossary6006@example.com,Riyadh,B004,2023-10-28,Classic,1
C06007,Bandar Alkhaldi,0599006007,bandar.alkhaldi6007@example.com,Jeddah,B015,2025-06-22,Silver,1
C06008,Atheer Alhajri,0599006008,atheer.alhajri6008@example.com,Riyadh,B007,2025-03-24,Classic,
C06009,Lulwa Alshammari,0599006009,lulwa.alshammari6009@example.com,Jeddah,B021,2022-07-16,Classic,0
C06010,Ali Alzahrani,0599006010,ali.alzahrani6010@example.com,Jeddah,B022,2023-09-18,Classic,1
C06011,Maha Almalki,0599006011,maha.almalki6011@example.com,Dhahran,B030,2025-02-09,Classic,1
C06012,Mona Alkhaldi,0599006012,mona.alkhaldi6012@example.com,Jeddah,B022,2025-06-13,Classic,1
C06013,Ali Albalawi,0599006013,ali.albalawi6013@example.com,Khobar,B029,2026-03-24,Classic,1
C06014,Saud Alamri,0599006014,saud.alamri6014@example.com,Taif,B020,2026-02-03,Classic,1
C06015,Lulwa Alharbi,0599006015,lulwa.alharbi6015@example.com,Tabuk,B037,2024-08-17,Classic,1
C06016,Jawaher Alfaraj,0599006016,jawaher.alfaraj6016@example.com,Jubail,B027,2023-09-01,Classic,0
C06017,Shahad Alkhaldi,0599006017,shahad.alkhaldi6017@example.com,Riyadh,B005,2024-02-23,Classic,1
C06018,Jawaher Alqahtani,0599006018,jawaher.alqahtani6018@example.com,Dhahran,B030,2023-11-05,Classic,1
C06019,Yousef Alshammari,0599006019,yousef.alshammari6019@example.com,Jeddah,B015,2021-06-01,Classic,1
C06020,Ahmed Alshammari,0599006020,ahmed.alshammari6020@example.com,Khobar,B024,2023-01-19,Gold,1
C06021,Nasser Alanazi,0599006021,nasser.alanazi6021@example.com,Khamis Mushait,B032,2023-07-18,Classic,1
C06022,Shahad Almutairi,0599006022,shahad.almutairi6022@example.com,Makkah,B018,2024-02-05,Classic,1
C06023,Shahad Alenezi,0599006023,shahad.alenezi6023@example.com,Makkah,B018,2022-08-16,Classic,1
C06024,Ziyad Alzahrani,0599006024,ziyad.alzahrani6024@example.com,Al Ahsa,B026,2021-08-28,Classic,
C06025,Faisal Aldawsari,0599006025,faisal.aldawsari6025@example.com,Riyadh,B012,2025-04-03,Classic,0
C06026,Majed Alqahtani,0599006026,majed.alqahtani6026@example.com,Dammam,B023,2021-12-06,Classic,1
C06027,Majed Alqahtani,0599006027,majed.alqahtani6027@example.com,Al Kharj,B011,2021-12-01,Classic,1
C06028,Sultan Alnaimi,0599006028,sultan.alnaimi6028@example.com,Jeddah,B017,2025-08-06,Platinum,1
C06029,Rakan Alanazi,0599006029,rakan.alanazi6029@example.com,Khobar,B029,2024-07-24,Gold,1
C06030,Nasser Aldawsari,0599006030,nasser.aldawsari6030@example.com,Jeddah,B014,2026-04-05,Platinum,1
C06031,Ali Alqahtani,0599006031,ali.alqahtani6031@example.com,Riyadh,B002,2021-08-18,Classic,1
C06032,Faisal Alnaimi,0599006032,faisal.alnaimi6032@example.com,Khobar,B029,2024-07-03,Platinum,0
C06033,Yousef Alsubaie,0599006033,yousef.alsubaie6033@example.com,Al Jouf,B039,2024-01-16,Classic,0
C06034,Jawaher Alsubaie,0599006034,jawaher.alsubaie6034@example.com,Madinah,B019,2025-08-09,Silver,
C06035,Atheer Alqahtani,0599006035,atheer.alqahtani6035@example.com,Riyadh,B008,2024-12-06,Classic,1
C06036,Amal Alghamdi,0599006036,amal.alghamdi6036@example.com,Tabuk,B037,2022-12-21,Silver,1
C06037,Hind Almalki,0599006037,hind.almalki6037@example.com,Dammam,B028,2025-11-21,Classic,1
C06038,Lulwa Alotaibi,0599006038,lulwa.alotaibi6038@example.com,Riyadh,B005,2024-02-14,Platinum,1
C06039,Sultan Alzahrani,0599006039,sultan.alzahrani6039@example.com,Riyadh,B007,2024-06-29,Silver,1
C06040,Ahmed Alyami,0599006040,ahmed.alyami6040@example.com,Khamis Mushait,B036,2021-02-14,Silver,0
C06041,Dana Alenezi,0599006041,dana.alenezi6041@example.com,Makkah,B018,2022-11-15,Silver,1
C06042,Noura Almalki,0599006042,noura.almalki6042@example.com,Jazan,B033,2023-07-24,Classic,1
C06043,Hessa Aldossary,0599006043,hessa.aldossary6043@example.com,Riyadh,B005,2023-03-25,Gold,1
C06044,Sara Alsubaie,0599006044,sara.alsubaie6044@example.com,Riyadh,B009,2023-11-30,Classic,1
C06045,Ghada Alanazi,0599006045,ghada.alanazi6045@example.com,Al Kharj,B011,2022-09-24,Silver,1
C06046,Fahad Alrashidi,0599006046,fahad.alrashidi6046@example.com,Jubail,B027,2026-04-03,Gold,0
C06047,Sara Alenezi,0599006047,sara.alenezi6047@example.com,Riyadh,B006,2023-09-16,Classic,0
C06048,Fahad Aldawsari,0599006048,fahad.aldawsari6048@example.com,Najran,B034,2022-12-02,Silver,0
C06049,Shahad Alamri,0599006049,shahad.alamri6049@example.com,Madinah,B019,2025-06-04,Classic,0
C06050,Rawan Alharbi,0599006050,rawan.alharbi6050@example.com,Jubail,B027,2021-03-16,Classic,1
C06051,Abdullah Alshehri,0599006051,abdullah.alshehri6051@example.com,Taif,B020,2026-02-09,Classic,1
C06052,Abdullah Alamri,0599006052,abdullah.alamri6052@example.com,Tabuk,B037,2025-12-06,Classic,1
C06053,Jawaher Alyami,0599006053,jawaher.alyami6053@example.com,Dhahran,B025,2026-03-07,Classic,1
C06054,Faisal Alnaimi,0599006054,faisal.alnaimi6054@example.com,Jeddah,B017,2025-06-27,Platinum,1
C06055,Lama Alshammari,0599006055,lama.alshammari6055@example.com,Dammam,B028,2022-06-16,Classic,1
C06056,Sara Alsubaie,0599006056,sara.alsubaie6056@example.com,Khobar,B029,2023-07-13,Classic,1
C06057,Mona Almalki,0599006057,mona.almalki6057@example.com,Dhahran,B025,2024-01-25,Classic,0
C06058,Khalid Alsaeed,0599006058,khalid.alsaeed6058@example.com,Madinah,B019,2025-03-26,Classic,1
C06059,Lulwa Alkhaldi,0599006059,lulwa.alkhaldi6059@example.com,Riyadh,B004,2023-03-30,Classic,0
C06060,Lulwa Alotaibi,0599006060,lulwa.alotaibi6060@example.com,Jeddah,B015,2023-06-12,Classic,0
C06061,Amal Alfaraj,0599006061,amal.alfaraj6061@example.com,Jeddah,B022,2026-01-17,Classic,0
C06062,Lama Albalawi,0599006062,lama.albalawi6062@example.com,Abha,B031,2026-01-08,Silver,0
C06063,Rawan Alsaeed,0599006063,rawan.alsaeed6063@example.com,Tabuk,B040,2025-05-11,Silver,
C06064,Reem Aldossary,0599006064,reem.aldossary6064@example.com,Al Kharj,B011,2026-01-03,Classic,1
C06065,Hind Almalki,0599006065,hind.almalki6065@example.com,Riyadh,B001,2024-02-19,Silver,1
C06066,Haya Alharbi,0599006066,haya.alharbi6066@example.com,Tabuk,B040,2025-05-17,Classic,0
C06067,Majed Alshammari,0599006067,majed.alshammari6067@example.com,Khobar,B024,2023-07-28,Classic,1
C06068,Sara Alharbi,0599006068,sara.alharbi6068@example.com,Jeddah,B022,2026-01-24,Classic,1
C06069,Hessa Alsubaie,0599006069,hessa.alsubaie6069@example.com,Riyadh,B005,2023-08-06,Gold,0
C06070,Ahmed Alshehri,0599006070,ahmed.alshehri6070@example.com,Riyadh,B007,2026-04-12,Classic,0
C06071,Mohammed Alhajri,0599006071,mohammed.alhajri6071@example.com,Riyadh,B002,2022-08-17,Classic,0
C06072,Shahad Alkhaldi,0599006072,shahad.alkhaldi6072@example.com,Jeddah,B017,2026-05-16,Classic,1
C06073,Noura Aldossary,0599006073,noura.aldossary6073@example.com,Jeddah,B021,2024-08-07,Silver,1
C06074,Sara Aldossary,0599006074,sara.aldossary6074@example.com,Dammam,B023,2024-05-24,Classic,
C06075,Haya Alghamdi,0599006075,haya.alghamdi6075@example.com,Dhahran,B025,2021-01-22,Gold,1
C06076,Bandar Almutairi,0599006076,bandar.almutairi6076@example.com,Jeddah,B017,2025-07-25,Silver,1
C06077,Hessa Alrashidi,0599006077,hessa.alrashidi6077@example.com,Taif,B020,2026-05-31,Silver,1
C06078,Haya Alamri,N/A,haya.alamri6078@example.com,Hail,B038,2025-03-07,Platinum,0
C06079,Rawan Alotaibi,0599006079,rawan.alotaibi6079@example.com,Riyadh,B006,2026-01-20,Silver,1
C06080,Maha Almutairi,0599006080,maha.almutairi6080@example.com,Jeddah,B016,2026-01-08,Classic,0
C06081,Sara Alsaeed,0599006081,sara.alsaeed6081@example.com,Al Jouf,B039,2025-02-13,Classic,0
C06082,Amal Aldossary,0599006082,amal.aldossary6082@example.com,Makkah,B018,2021-07-26,Gold,1
C06083,Hessa Alsubaie,0599006083,hessa.alsubaie6083@example.com,Jeddah,B015,2022-10-10,Classic,0
C06084,Rakan Alsaeed,0599006084,rakan.alsaeed6084@example.com,Riyadh,B003,2025-08-30,Classic,1
C06085,Khalid Aldawsari,0599006085,khalid.aldawsari6085@example.com,Riyadh,B002,2024-05-04,Classic,1
C06086,Reem Alamri,0599006086,reem.alamri6086@example.com,Riyadh,B009,2024-02-24,Silver,
C06087,Rawan Alhajri,0599006087,rawan.alhajri6087@example.com,Jeddah,B013,2021-01-08,Classic,1
C06088,Bandar Alsaeed,0599006088,bandar.alsaeed6088@example.com,Riyadh,B007,2023-02-23,Classic,1
C06089,Amal Aldossary,0599006089,amal.aldossary6089@example.com,Riyadh,B012,2023-10-04,Gold,
C06090,Khalid Almalki,0599006090,khalid.almalki6090@example.com,Dhahran,B030,2022-03-31,Gold,1
C06091,Reem Alotaibi,0599006091,reem.alotaibi6091@example.com,Riyadh,B006,2024-11-23,Gold,1
C06092,Majed Almalki,0599006092,majed.almalki6092@example.com,Riyadh,B006,2021-04-16,Classic,1
C06093,Ghada Alshehri,0599006093,ghada.alshehri6093@example.com,Riyadh,B006,2025-06-13,Classic,1
C06094,Ahmed Alyami,0599006094,ahmed.alyami6094@example.com,Riyadh,B001,2025-12-06,Silver,1
C06095,Mona Aldossary,0599006095,mona.aldossary6095@example.com,Dhahran,B030,2025-04-24,Gold,0
C06096,Haya Alsubaie,0599006096,haya.alsubaie6096@example.com,Riyadh,B009,2024-07-18,Silver,1
C06097,Dana Alamri,0599006097,dana.alamri6097@example.com,Riyadh,B007,2025-04-29,Classic,1
C06098,Majed Aldossary,0599006098,majed.aldossary6098@example.com,Riyadh,B001,2021-08-13,Silver,1
C06099,Bandar Alsubaie,0599006099,bandar.alsubaie6099@example.com,Al Jouf,B039,2023-06-29,Silver,1
C06100,Maha Alkhaldi,0599006100,maha.alkhaldi6100@example.com,Riyadh,B009,2023-09-04,Classic,0
C06101,Maha Aljohani,0599006101,maha.aljohani6101@example.com,Dammam,B023,2025-09-12,Classic,1
C06102,Hessa Alotaibi,0599006102,hessa.alotaibi6102@example.com,Riyadh,B001,2026-05-21,Classic,1
C06103,Abdullah Almalki,0599006103,abdullah.almalki6103@example.com,Riyadh,B001,2021-03-01,Silver,1
C06104,Jawaher Alsubaie,0599006104,jawaher.alsubaie6104@example.com,Hail,B038,2023-12-30,Classic,1
C06105,Abdullah Alamri,0599006105,abdullah.alamri6105@example.com,Jeddah,B015,2023-10-14,Classic,1
C06106,Rakan Alqahtani,0599006106,rakan.alqahtani6106@example.com,Taif,B020,2021-08-23,Classic,1
C06107,Reem Alnaimi,0599006107,reem.alnaimi6107@example.com,Dammam,B023,2025-09-05,Gold,1
C06108,Ali Alnaimi,0599006108,ali.alnaimi6108@example.com,Riyadh,B008,2025-07-11,Silver,1
C06109,Lama Alrashidi,0599006109,lama.alrashidi6109@example.com,Khamis Mushait,B036,2026-02-10,Classic,1
C06110,Nasser Alfaraj,0599006110,nasser.alfaraj6110@example.com,Tabuk,B040,2025-10-23,Classic,1
C06111,Amal Alsubaie,0599006111,amal.alsubaie6111@example.com,Riyadh,B006,2022-02-02,Platinum,1
C06112,Shahad Alhajri,0599006112,shahad.alhajri6112@example.com,Al Ahsa,B026,2021-06-20,Silver,1
C06113,Noura Albalawi,0599006113,noura.albalawi6113@example.com,Riyadh,B007,2023-03-20,Silver,1
C06114,Shahad Alamri,0599006114,shahad.alamri6114@example.com,Al Ahsa,B026,2023-12-04,Classic,1
C06115,Ali Alotaibi,0599006115,ali.alotaibi6115@example.com,Riyadh,B012,2026-04-18,Classic,0
C06116,Mona Aldawsari,0599006116,mona.aldawsari6116@example.com,Khamis Mushait,B036,2021-11-13,Gold,1
C06117,Ali Alenezi,0599006117,ali.alenezi6117@example.com,Al Ahsa,B026,2021-05-19,Gold,1
C06118,Khalid Almalki,0599006118,khalid.almalki6118@example.com,Makkah,B018,2023-12-08,Silver,1
C06119,Sultan Alrashidi,0599006119,sultan.alrashidi6119@example.com,Khobar,B024,2022-01-29,Classic,1
C06120,Reem Aljohani,0599006120,reem.aljohani6120@example.com,Riyadh,B012,2024-10-03,Platinum,0
C06121,Hessa Aldossary,0599006121,hessa.aldossary6121@example.com,Taif,B020,2021-07-20,Silver,0
C06122,Maha Alanazi,0599006122,maha.alanazi6122@example.com,Jeddah,B016,2025-10-04,Platinum,1
C06123,Khalid Alotaibi,0599006123,khalid.alotaibi6123@example.com,Jazan,B033,2024-05-21,Classic,
C06124,Majed Aljohani,0599006124,majed.aljohani6124@example.com,Riyadh,B009,2025-10-02,Classic,0
C06125,Noura Almalki,0599006125,noura.almalki6125@example.com,Abha,B031,2025-11-23,Classic,
C06126,Atheer Alkhaldi,0599006126,atheer.alkhaldi6126@example.com,Jeddah,B013,2022-02-23,Platinum,1
C06127,Abdullah Alotaibi,0599006127,abdullah.alotaibi6127@example.com,Riyadh,B004,2026-05-05,Silver,1
C06128,Noura Aldawsari,0599006128,noura.aldawsari6128@example.com,Riyadh,B007,2025-11-06,Silver,1
C06129,Sultan Alrashidi,0599006129,sultan.alrashidi6129@example.com,Riyadh,B007,2025-06-11,Silver,0
C06130,Dana Alshammari,0599006130,dana.alshammari6130@example.com,Jeddah,B013,2024-07-07,Classic,0
C06131,Majed Aljohani,0599006131,majed.aljohani6131@example.com,Abha,B031,2024-04-28,Classic,0
C06132,Hessa Aljohani,0599006132,hessa.aljohani6132@example.com,Jubail,B027,2021-12-27,Silver,1
C06133,Mona Alharbi,0599006133,mona.alharbi6133@example.com,Taif,B020,2025-10-15,Classic,0
C06134,Noura Alkhaldi,0599006134,noura.alkhaldi6134@example.com,Riyadh,B008,2022-01-03,Classic,1
C06135,Mohammed Almalki,0599006135,mohammed.almalki6135@example.com,Riyadh,B003,2025-05-14,Gold,1
C06136,Lama Alnaimi,0599006136,lama.alnaimi6136@example.com,Jubail,B027,2022-02-20,Silver,1
C06137,Dana Alkhaldi,0599006137,dana.alkhaldi6137@example.com,Hail,B038,2023-08-06,Silver,1
C06138,Hessa Alqahtani,0599006138,hessa.alqahtani6138@example.com,Riyadh,B007,2025-04-14,Silver,0
C06139,Nasser Almalki,0599006139,nasser.almalki6139@example.com,Al Kharj,B011,2026-03-25,Classic,0
C06140,Ahmed Alotaibi,0599006140,ahmed.alotaibi6140@example.com,Riyadh,B003,2024-06-04,Silver,1
C06141,Atheer Alghamdi,966,atheer.alghamdi6141@example.com,Najran,B034,2025-05-10,Silver,1
C06142,Lama Alotaibi,0599006142,lama.alotaibi6142@example.com,Jeddah,B015,2025-04-07,Classic,1
C06143,Yousef Alsubaie,0599006143,yousef.alsubaie6143@example.com,Dammam,B023,2025-10-25,Classic,1
C06144,Amal Alzahrani,0599006144,amal.alzahrani6144@example.com,Tabuk,B040,2026-01-18,Gold,1
C06145,Ali Aldawsari,0599006145,ali.aldawsari6145@example.com,Jeddah,B016,2025-05-15,Classic,0
C06146,Ali Aldossary,0599006146,ali.aldossary6146@example.com,Khamis Mushait,B032,2026-02-20,Silver,1
C06147,Saud Alnaimi,0599006147,saud.alnaimi6147@example.com,Riyadh,B004,2025-06-09,Classic,1
C06148,Ali Alyami,0599006148,ali.alyami6148@example.com,Makkah,B018,2021-07-25,Silver,1
C06149,Rawan Aldawsari,0599006149,rawan.aldawsari6149@example.com,Riyadh,B001,2024-07-21,Classic,1
C06150,Ahmed Aljohani,0599006150,ahmed.aljohani6150@example.com,Jeddah,B014,2021-04-10,Classic,0
C06151,Sultan Alsaeed,0599006151,sultan.alsaeed6151@example.com,Riyadh,B012,2025-01-08,Gold,1
C06152,Amal Alotaibi,0599006152,amal.alotaibi6152@example.com,Riyadh,B008,2025-11-24,Classic,1
C06153,Lulwa Almutairi,0599006153,lulwa.almutairi6153@example.com,Makkah,B018,2022-09-12,Classic,1
C06154,Bandar Alghamdi,0599006154,bandar.alghamdi6154@example.com,Khamis Mushait,B036,2023-11-05,Classic,1
C06155,Yousef Alotaibi,0599006155,yousef.alotaibi6155@example.com,Jeddah,B015,2022-11-12,Gold,1
C06156,Reem Almutairi,0599006156,reem.almutairi6156@example.com,Dammam,B023,2023-05-14,Silver,1
C06157,Maha Alhajri,0599006157,maha.alhajri6157@example.com,Dhahran,B025,2024-08-31,Gold,1
C06158,Ali Alharbi,0599006158,ali.alharbi6158@example.com,Qassim,B010,2022-05-09,Silver,1
C06159,Fahad Aljohani,0599006159,fahad.aljohani6159@example.com,Jeddah,B021,2022-11-25,Silver,0
C06160,Dana Alotaibi,0599006160,dana.alotaibi6160@example.com,Dammam,B028,2025-03-20,Silver,1
C06161,Saud Alotaibi,0599006161,saud.alotaibi6161@example.com,Riyadh,B004,2022-07-15,Classic,1
C06162,Fahad Almutairi,0599006162,fahad.almutairi6162@example.com,Riyadh,B002,2025-12-30,Platinum,1
C06163,Lama Alenezi,0599006163,lama.alenezi6163@example.com,Dhahran,B025,2025-05-16,Classic,0
C06164,Sultan Alyami,0599006164,sultan.alyami6164@example.com,Dammam,B023,2023-03-30,Gold,1
C06165,Omar Alyami,0599006165,omar.alyami6165@example.com,Jeddah,B016,2026-03-21,Classic,1
C06166,Hessa Alenezi,0599006166,hessa.alenezi6166@example.com,Jeddah,B013,2026-04-29,Classic,0
C06167,Ali Alqahtani,0599006167,ali.alqahtani6167@example.com,Khobar,B024,2024-05-09,Silver,1
C06168,Mona Alsaeed,0599006168,mona.alsaeed6168@example.com,Riyadh,B004,2025-04-24,Platinum,0
C06169,Hessa Alqahtani,0599006169,hessa.alqahtani6169@example.com,Tabuk,B037,2024-01-05,Gold,0
C06170,Sultan Alshammari,0599006170,sultan.alshammari6170@example.com,Makkah,B018,2021-10-20,Silver,1
C06171,Ziyad Alrashidi,0599006171,ziyad.alrashidi6171@example.com,Jeddah,B017,2025-09-25,Classic,1
C06172,Nasser Alshammari,0599006172,nasser.alshammari6172@example.com,Al Ahsa,B026,2023-01-01,Silver,1
C06173,Mohammed Alnaimi,0599006173,mohammed.alnaimi6173@example.com,Jeddah,B013,2023-06-08,Classic,0
C06174,Nasser Alamri,0599006174,nasser.alamri6174@example.com,Jazan,B033,2026-03-29,Classic,1
C06175,Faisal Alkhaldi,0599006175,faisal.alkhaldi6175@example.com,Riyadh,B001,2022-10-24,Classic,1
C06176,Mohammed Alsubaie,0599006176,mohammed.alsubaie6176@example.com,Al Jouf,B039,2022-06-09,Silver,1
C06177,Fahad Alshammari,0599006177,fahad.alshammari6177@example.com,Taif,B020,2025-04-06,Gold,1
C06178,Dana Aldawsari,0599006178,dana.aldawsari6178@example.com,Riyadh,B004,2023-05-08,Silver,1
C06179,Omar Alhajri,0599006179,omar.alhajri6179@example.com,Jeddah,B016,2022-07-30,Classic,1
C06180,Faisal Albalawi,0599006180,faisal.albalawi6180@example.com,Khobar,B024,2023-10-02,Silver,0
C06181,Majed Alshehri,0599006181,majed.alshehri6181@example.com,Dammam,B023,2022-06-03,Classic,1
C06182,Turki Alamri,0599006182,turki.alamri6182@example.com,Dammam,B028,2025-04-16,Classic,1
C06183,Jawaher Alghamdi,0599006183,jawaher.alghamdi6183@example.com,Jeddah,B017,2025-05-16,Gold,1
C06184,Bandar Alzahrani,0599006184,bandar.alzahrani6184@example.com,Dammam,B023,2026-01-11,Platinum,1
C06185,Noura Alkhaldi,0599006185,noura.alkhaldi6185@example.com,Dammam,B028,2025-01-04,Silver,0
C06186,Dana Alnaimi,0599006186,dana.alnaimi6186@example.com,Riyadh,B012,2026-05-01,Classic,0
C06187,Lulwa Aldossary,0599006187,lulwa.aldossary6187@example.com,Taif,B020,2023-02-12,Classic,1
C06188,Rakan Almalki,0599006188,rakan.almalki6188@example.com,Riyadh,B001,2025-09-08,Classic,1
C06189,Ghada Alanazi,0599006189,ghada.alanazi6189@example.com,Riyadh,B008,2022-10-30,Classic,0
C06190,Mohammed Alsubaie,0599006190,mohammed.alsubaie6190@example.com,Taif,B020,2025-09-26,Classic,0
C06191,Maha Alamri,0000000000,maha.alamri6191@example.com,Khobar,B029,2026-02-13,Gold,0
C06192,Saud Alsaeed,0599006192,saud.alsaeed6192@example.com,Riyadh,B007,2025-09-27,Gold,1
C06193,Omar Alenezi,0599006193,omar.alenezi6193@example.com,Riyadh,B012,2024-01-08,Classic,1
C06194,Noura Alqahtani,0599006194,noura.alqahtani6194@example.com,Al Kharj,B011,2024-02-05,Silver,0
C06195,Abdullah Alharbi,0599006195,abdullah.alharbi6195@example.com,Dammam,B028,2025-12-28,Silver,1
C06196,Sultan Almutairi,0599006196,sultan.almutairi6196@example.com,Khamis Mushait,B032,2025-07-26,Classic,1
C06197,Ahmed Alsubaie,0599006197,ahmed.alsubaie6197@example.com,Riyadh,B002,2021-09-25,Platinum,0
C06198,Hind Alhajri,0599006198,hind.alhajri6198@example.com,Jeddah,B016,2023-10-10,Silver,1
C06199,Ahmed Alamri,0599006199,ahmed.alamri6199@example.com,Al Kharj,B011,2022-05-12,Classic,1
C06200,Bandar Alshammari,0599006200,bandar.alshammari6200@example.com,Jeddah,B014,2022-01-15,Silver,
C06201,Khalid Alshammari,0599006201,khalid.alshammari6201@example.com,Dhahran,B025,2021-11-25,Silver,0
C06202,Mona Almutairi,0599006202,mona.almutairi6202@example.com,Al Ahsa,B026,2024-01-28,Classic,1
C06203,Ghada Alsubaie,0599006203,ghada.alsubaie6203@example.com,Madinah,B019,2024-08-04,Classic,0
C06204,Haya Alghamdi,0599006204,haya.alghamdi6204@example.com,Riyadh,B006,2025-11-10,Classic,1
C06205,Hind Alsaeed,0599006205,hind.alsaeed6205@example.com,Dammam,B023,2022-07-06,Silver,1
C06206,Reem Aljohani,0599006206,reem.aljohani6206@example.com,Al Ahsa,B026,2022-02-05,Silver,1
C06207,Haya Aldawsari,0599006207,haya.aldawsari6207@example.com,Makkah,B018,2025-07-05,Classic,0
C06208,Saud Alamri,0599006208,saud.alamri6208@example.com,Makkah,B018,2025-09-26,Gold,1
C06209,Ghada Alamri,0599006209,ghada.alamri6209@example.com,Jazan,B033,2025-06-28,Silver,0
C06210,Majed Alenezi,0599006210,majed.alenezi6210@example.com,Jeddah,B017,2023-09-09,Classic,1
C06211,Ghada Albalawi,0599006211,ghada.albalawi6211@example.com,Jeddah,B022,2025-04-14,Classic,
C06212,Rakan Alkhaldi,0599006212,rakan.alkhaldi6212@example.com,Jeddah,B015,2021-09-27,Silver,1
C06213,Nasser Alzahrani,0599006213,nasser.alzahrani6213@example.com,Jeddah,B021,2023-08-30,Classic,1
C06214,Yousef Alotaibi,0599006214,yousef.alotaibi6214@example.com,Riyadh,B001,2022-12-24,Gold,0
C06215,Ghada Aljohani,0599006215,ghada.aljohani6215@example.com,Riyadh,B004,2023-08-13,Classic,1
C06216,Hind Alnaimi,0599006216,hind.alnaimi6216@example.com,Jeddah,B022,2026-04-06,Silver,0
C06217,Jawaher Alqahtani,0599006217,jawaher.alqahtani6217@example.com,Abha,B031,2021-05-14,Classic,1
C06218,Rakan Alshammari,0599006218,rakan.alshammari6218@example.com,Riyadh,B008,2024-09-07,Classic,1
C06219,Shahad Alenezi,0599006219,shahad.alenezi6219@example.com,Abha,B035,2026-05-21,Silver,1
C06220,Abdullah Alnaimi,0599006220,abdullah.alnaimi6220@example.com,Najran,B034,2025-01-02,Classic,1
C06221,Hind Alrashidi,0599006221,hind.alrashidi6221@example.com,Riyadh,B003,2021-04-29,Platinum,1
C06222,Rakan Alshammari,0599006222,rakan.alshammari6222@example.com,Jazan,B033,2026-01-24,Classic,1
C06223,Shahad Alghamdi,0599006223,shahad.alghamdi6223@example.com,Tabuk,B040,2026-01-03,Silver,1
C06224,Turki Almutairi,0599006224,turki.almutairi6224@example.com,Jeddah,B022,2021-07-22,Classic,0
C06225,Abdullah Alanazi,0599006225,abdullah.alanazi6225@example.com,Jubail,B027,2021-04-21,Silver,1
C06226,Yousef Alghamdi,0599006226,yousef.alghamdi6226@example.com,Riyadh,B007,2023-11-03,Classic,1
C06227,Amal Almutairi,0599006227,amal.almutairi6227@example.com,Jeddah,B014,2021-07-21,Classic,0
C06228,Ziyad Albalawi,0599006228,ziyad.albalawi6228@example.com,Dammam,B028,2025-10-17,Classic,1
C06229,Faisal Alanazi,0599006229,faisal.alanazi6229@example.com,Tabuk,B040,2026-01-30,Silver,1
C06230,Lulwa Alrashidi,0599006230,lulwa.alrashidi6230@example.com,Qassim,B010,2023-08-15,Classic,1
C06231,Saud Alhajri,0599006231,saud.alhajri6231@example.com,Jeddah,B015,2023-02-23,Classic,1
C06232,Shahad Alotaibi,0599006232,shahad.alotaibi6232@example.com,Tabuk,B040,2026-03-27,Silver,0
C06233,Fahad Alrashidi,0599006233,fahad.alrashidi6233@example.com,Qassim,B010,2021-12-20,Classic,1
C06234,Reem Alhajri,0599006234,reem.alhajri6234@example.com,Khobar,B029,2026-04-05,Classic,1
C06235,Mohammed Alanazi,0599006235,mohammed.alanazi6235@example.com,Riyadh,B009,2021-05-03,Classic,
C06236,Bandar Almalki,0599006236,bandar.almalki6236@example.com,Jeddah,B021,2024-02-10,Classic,1
C06237,Maha Alghamdi,0599006237,maha.alghamdi6237@example.com,Riyadh,B009,2025-07-01,Classic,1
C06238,Bandar Alsaeed,0599006238,bandar.alsaeed6238@example.com,Jeddah,B013,2025-11-10,Classic,1
C06239,Omar Aldawsari,0599006239,omar.aldawsari6239@example.com,Abha,B031,2024-03-27,Silver,1
C06240,Haya Alsubaie,0599006240,haya.alsubaie6240@example.com,Abha,B035,2024-03-07,Platinum,1
C06241,Ali Alqahtani,0599006241,ali.alqahtani6241@example.com,Riyadh,B001,2026-01-14,Gold,1
C06242,Atheer Alotaibi,0599006242,atheer.alotaibi6242@example.com,Jeddah,B016,2024-05-13,Gold,1
C06243,Abdullah Alsubaie,0599006243,abdullah.alsubaie6243@example.com,Jeddah,B021,2025-12-31,Classic,1
C06244,Omar Alzahrani,0599006244,omar.alzahrani6244@example.com,Taif,B020,2023-10-21,Classic,1
C06245,Khalid Almutairi,0599006245,khalid.almutairi6245@example.com,Khobar,B029,2024-04-28,Silver,0
C06246,Rakan Alanazi,0599006246,rakan.alanazi6246@example.com,Jeddah,B016,2025-05-14,Silver,1
C06247,Ahmed Alzahrani,0599006247,ahmed.alzahrani6247@example.com,Al Ahsa,B026,2026-03-22,Silver,1
C06248,Hind Alnaimi,0599006248,hind.alnaimi6248@example.com,Madinah,B019,2024-12-22,Gold,1
C06249,Turki Alamri,0599006249,turki.alamri6249@example.com,Jeddah,B021,2023-11-27,Classic,1
C06250,Fahad Alenezi,0599006250,fahad.alenezi6250@example.com,Jeddah,B021,2024-06-22,Classic,0
C06251,Atheer Alsaeed,0599006251,atheer.alsaeed6251@example.com,Riyadh,B008,2024-10-17,Classic,0
C06252,Rakan Alkhaldi,0599006252,rakan.alkhaldi6252@example.com,Jeddah,B015,2022-02-11,Classic,1
C06253,Rakan Alhajri,0599006253,rakan.alhajri6253@example.com,Makkah,B018,2022-08-20,Classic,0
C06254,Atheer Alqahtani,0599006254,atheer.alqahtani6254@example.com,Riyadh,B004,2025-08-14,Classic,1
C06255,Atheer Alghamdi,0599006255,atheer.alghamdi6255@example.com,Makkah,B018,2025-09-03,Silver,1
C06256,Turki Almutairi,0599006256,turki.almutairi6256@example.com,Jeddah,B016,2023-01-31,Classic,1
C06257,Faisal Alanazi,0599006257,faisal.alanazi6257@example.com,Riyadh,B001,2025-02-12,Classic,1
C06258,Ghada Alanazi,0599006258,ghada.alanazi6258@example.com,Riyadh,B009,2021-02-24,Classic,1
C06259,Turki Alenezi,0599006259,turki.alenezi6259@example.com,Khobar,B029,2022-05-25,Classic,1
C06260,Yousef Alfaraj,0599006260,yousef.alfaraj6260@example.com,Al Ahsa,B026,2025-08-09,Classic,1
C06261,Turki Alhajri,0599006261,turki.alhajri6261@example.com,Khobar,B029,2026-04-13,Classic,1
C06262,Majed Alanazi,0599006262,majed.alanazi6262@example.com,Riyadh,B002,2025-11-25,Classic,1
C06263,Nasser Alshehri,0599006263,nasser.alshehri6263@example.com,Riyadh,B001,2025-02-12,Classic,1
C06264,Ziyad Albalawi,0599006264,ziyad.albalawi6264@example.com,Riyadh,B008,2023-10-29,Gold,1
C06265,Hessa Alshehri,0599006265,hessa.alshehri6265@example.com,Riyadh,B007,2022-04-28,Classic,0
C06266,Sara Almutairi,0599006266,sara.almutairi6266@example.com,Jeddah,B016,2025-12-02,Classic,1
C06267,Rawan Alyami,0599006267,rawan.alyami6267@example.com,Jeddah,B016,2025-10-29,Classic,1
C06268,Abdullah Almutairi,0599006268,abdullah.almutairi6268@example.com,Taif,B020,2024-08-22,Gold,1
C06269,Fahad Aldossary,0599006269,fahad.aldossary6269@example.com,Al Jouf,B039,2025-01-19,Gold,1
C06270,Majed Alqahtani,0599006270,majed.alqahtani6270@example.com,Jeddah,B021,2022-12-19,Gold,0
C06271,Fahad Aljohani,0599006271,fahad.aljohani6271@example.com,Riyadh,B007,2026-03-20,Classic,0
C06272,Haya Alenezi,0599006272,haya.alenezi6272@example.com,Jeddah,B015,2023-03-10,Gold,1
C06273,Mohammed Alsaeed,0599006273,mohammed.alsaeed6273@example.com,Jubail,B027,2024-02-17,Classic,
C06274,Saud Almalki,0599006274,saud.almalki6274@example.com,Khobar,B029,2022-01-21,Classic,0
C06275,Maha Alkhaldi,0599006275,maha.alkhaldi6275@example.com,Makkah,B018,2023-04-24,Gold,0
C06276,Rawan Alharbi,0599006276,rawan.alharbi6276@example.com,Jeddah,B015,2025-01-05,Platinum,1
C06277,Omar Aljohani,0599006277,omar.aljohani6277@example.com,Riyadh,B003,2024-07-31,Classic,1
C06278,Faisal Almalki,0599006278,faisal.almalki6278@example.com,Jeddah,B013,2021-06-18,Classic,1
C06279,Omar Alsubaie,0599006279,omar.alsubaie6279@example.com,Riyadh,B008,2023-05-29,Silver,1
C06280,Ahmed Alharbi,0599006280,ahmed.alharbi6280@example.com,Dhahran,B025,2025-08-20,Silver,1
C06281,Rakan Alghamdi,0599006281,rakan.alghamdi6281@example.com,Najran,B034,2023-02-11,Classic,1
C06282,Atheer Alshammari,0599006282,atheer.alshammari6282@example.com,Khobar,B024,2025-12-25,Gold,0
C06283,Haya Aldossary,0599006283,haya.aldossary6283@example.com,Riyadh,B012,2025-09-10,Gold,0
C06284,Rakan Alnaimi,0599006284,rakan.alnaimi6284@example.com,Al Ahsa,B026,2023-06-17,Classic,1
C06285,Rakan Alsubaie,0512345,rakan.alsubaie6285@example.com,Riyadh,B006,2025-05-08,Gold,1
C06286,Haya Alkhaldi,0599006286,haya.alkhaldi6286@example.com,Dhahran,B030,2025-07-01,Silver,0
C06287,Atheer Alsubaie,0599006287,atheer.alsubaie6287@example.com,Makkah,B018,2025-10-07,Classic,1
C06288,Ahmed Alkhaldi,0599006288,ahmed.alkhaldi6288@example.com,Tabuk,B040,2022-06-30,Classic,1
C06289,Ali Alenezi,0599006289,ali.alenezi6289@example.com,Riyadh,B008,2023-08-10,Classic,1
C06290,Omar Alshammari,0599006290,omar.alshammari6290@example.com,Riyadh,B001,2025-06-12,Platinum,0
C06291,Ziyad Aljohani,0599006291,ziyad.aljohani6291@example.com,Makkah,B018,2024-05-15,Silver,1
C06292,Bandar Alhajri,0599006292,bandar.alhajri6292@example.com,Riyadh,B009,2022-08-19,Silver,1
C06293,Haya Alsubaie,0599006293,haya.alsubaie6293@example.com,Dammam,B023,2025-09-05,Silver,0
C06294,Noura Alharbi,0599006294,noura.alharbi6294@example.com,Dammam,B023,2023-12-23,Classic,1
C06295,Amal Alenezi,0599006295,amal.alenezi6295@example.com,Tabuk,B040,2022-11-27,Classic,1
C06296,Saud Alshammari,0599006296,saud.alshammari6296@example.com,Jeddah,B017,2023-11-17,Classic,1
C06297,Ali Alshehri,0599006297,ali.alshehri6297@example.com,Jazan,B033,2021-07-13,Classic,1
C06298,Sultan Aljohani,0599006298,sultan.aljohani6298@example.com,Riyadh,B007,2025-11-18,Silver,1
C06299,Hessa Aldossary,0599006299,hessa.aldossary6299@example.com,Tabuk,B040,2022-08-28,Silver,1
C06300,Sara Alsaeed,0599006300,sara.alsaeed6300@example.com,Tabuk,B037,2024-07-19,Classic,1
C06301,Rakan Alshammari,0599006301,rakan.alshammari6301@example.com,Khamis Mushait,B032,2021-11-26,Classic,1
C06302,Lama Almutairi,0599006302,lama.almutairi6302@example.com,Al Ahsa,B026,2021-02-28,Platinum,1
C06303,Yousef Alzahrani,0599006303,yousef.alzahrani6303@example.com,Riyadh,B002,2022-02-07,Classic,1
C06304,Turki Alrashidi,0599006304,turki.alrashidi6304@example.com,Makkah,B018,2025-11-17,Silver,0
C06305,Mona Aljohani,0599006305,mona.aljohani6305@example.com,Jubail,B027,2021-02-05,Gold,1
C06306,Majed Alyami,0599006306,majed.alyami6306@example.com,Riyadh,B012,2022-03-12,Gold,1
C06307,Maha Alshehri,0599006307,maha.alshehri6307@example.com,Jeddah,B021,2021-08-12,Classic,1
C06308,Amal Aljohani,0599006308,amal.aljohani6308@example.com,Riyadh,B002,2025-06-20,Silver,0
C06309,Hessa Alotaibi,0599006309,hessa.alotaibi6309@example.com,Taif,B020,2021-01-26,Classic,1
C06310,Mona Alrashidi,0599006310,mona.alrashidi6310@example.com,Jeddah,B015,2022-04-10,Classic,0
C06311,Sara Alkhaldi,0599006311,sara.alkhaldi6311@example.com,Khamis Mushait,B032,2023-08-16,Silver,1
C06312,Omar Alharbi,0599006312,omar.alharbi6312@example.com,Jeddah,B017,2025-10-17,Silver,1
C06313,Ahmed Alkhaldi,0599006313,ahmed.alkhaldi6313@example.com,Riyadh,B003,2024-05-13,Classic,0
C06314,Noura Albalawi,0599006314,noura.albalawi6314@example.com,Riyadh,B001,2025-06-11,Classic,0
C06315,Majed Alamri,0599006315,majed.alamri6315@example.com,Riyadh,B002,2025-04-12,Classic,1
C06316,Ziyad Alghamdi,0599006316,ziyad.alghamdi6316@example.com,Riyadh,B005,2025-12-01,Classic,0
C06317,Bandar Aljohani,0599006317,bandar.aljohani6317@example.com,Hail,B038,2025-08-04,Gold,0
C06318,Nasser Aljohani,0599006318,nasser.aljohani6318@example.com,Jeddah,B016,2022-01-09,Classic,1
C06319,Mohammed Almutairi,0599006319,mohammed.almutairi6319@example.com,Jeddah,B013,2025-09-11,Classic,1
C06320,Mohammed Almalki,0599006320,mohammed.almalki6320@example.com,Jeddah,B015,2026-05-22,Classic,1
C06321,Ziyad Alnaimi,0599006321,ziyad.alnaimi6321@example.com,Jeddah,B014,2025-01-24,Classic,1
C06322,Maha Alanazi,0599006322,maha.alanazi6322@example.com,Tabuk,B037,2022-06-05,Gold,1
C06323,Noura Alenezi,0599006323,noura.alenezi6323@example.com,Jeddah,B022,2023-10-26,Classic,1
C06324,Shahad Alzahrani,0599006324,shahad.alzahrani6324@example.com,Jeddah,B022,2021-06-18,Classic,1
C06325,Sultan Alyami,0599006325,sultan.alyami6325@example.com,Dhahran,B025,2021-10-15,Gold,1
C06326,Atheer Almutairi,0599006326,atheer.almutairi6326@example.com,Al Kharj,B011,2023-12-22,Classic,1
C06327,Mohammed Albalawi,0599006327,mohammed.albalawi6327@example.com,Riyadh,B009,2022-06-18,Classic,1
C06328,Lama Alshammari,0599006328,lama.alshammari6328@example.com,Jeddah,B016,2023-02-11,Classic,1
C06329,Hind Alyami,0599006329,hind.alyami6329@example.com,Al Ahsa,B026,2026-01-25,Silver,0
C06330,Faisal Alotaibi,0599006330,faisal.alotaibi6330@example.com,Tabuk,B040,2023-11-23,Classic,1
C06331,Ziyad Alharbi,0599006331,ziyad.alharbi6331@example.com,Riyadh,B001,2023-09-14,Classic,0
C06332,Lama Alfaraj,0599006332,lama.alfaraj6332@example.com,Qassim,B010,2022-01-10,Gold,1
C06333,Sultan Almutairi,0599006333,sultan.almutairi6333@example.com,Al Ahsa,B026,2025-08-01,Classic,1
C06334,Lama Aldossary,0599006334,lama.aldossary6334@example.com,Riyadh,B009,2026-06-09,Classic,0
C06335,Sara Alenezi,0599006335,sara.alenezi6335@example.com,Makkah,B018,2021-11-19,Silver,1
C06336,Bandar Alharbi,0599006336,bandar.alharbi6336@example.com,Abha,B031,2024-07-11,Classic,1
C06337,Amal Almalki,0599006337,amal.almalki6337@example.com,Jeddah,B013,2022-10-01,Classic,1
C06338,Nasser Aljohani,0599006338,nasser.aljohani6338@example.com,Abha,B035,2021-11-17,Classic,1
C06339,Ghada Almalki,0599006339,ghada.almalki6339@example.com,Dammam,B028,2022-04-06,Classic,1
C06340,Saud Alsaeed,0599006340,saud.alsaeed6340@example.com,Jeddah,B021,2026-04-14,Classic,1
C06341,Ziyad Almalki,0599006341,ziyad.almalki6341@example.com,Khobar,B024,2022-10-31,Silver,1
C06342,Omar Almutairi,0599006342,omar.almutairi6342@example.com,Al Ahsa,B026,2025-11-17,Classic,0
C06343,Saud Alshammari,0599006343,saud.alshammari6343@example.com,Abha,B035,2022-04-11,Classic,1
C06344,Lama Alshehri,0599006344,lama.alshehri6344@example.com,Jeddah,B021,2024-04-24,Classic,1
C06345,Dana Alshammari,0599006345,dana.alshammari6345@example.com,Jubail,B027,2025-08-19,Gold,0
C06346,Sultan Alanazi,0599006346,sultan.alanazi6346@example.com,Al Jouf,B039,2023-04-05,Classic,0
C06347,Lama Alsaeed,0599006347,lama.alsaeed6347@example.com,Khamis Mushait,B036,2022-12-06,Classic,0
C06348,Khalid Alkhaldi,0599006348,khalid.alkhaldi6348@example.com,Riyadh,B005,2025-11-13,Classic,0
C06349,Shahad Alzahrani,0599006349,shahad.alzahrani6349@example.com,Dammam,B023,2022-03-22,Classic,1
C06350,Majed Aldawsari,0599006350,majed.aldawsari6350@example.com,Taif,B020,2021-01-30,Classic,
C06351,Reem Alshammari,0599006351,reem.alshammari6351@example.com,Dhahran,B030,2025-12-14,Classic,1
C06352,Bandar Alshehri,0599006352,bandar.alshehri6352@example.com,Qassim,B010,2021-07-22,Classic,1
C06353,Faisal Alshehri,0599006353,faisal.alshehri6353@example.com,Jeddah,B017,2023-05-21,Silver,1
C06354,Reem Alharbi,0599006354,reem.alharbi6354@example.com,Tabuk,B037,2021-04-24,Silver,1
C06355,Atheer Almutairi,0599006355,atheer.almutairi6355@example.com,Al Ahsa,B026,2026-03-31,Classic,1
C06356,Hind Aldawsari,0599006356,hind.aldawsari6356@example.com,Jeddah,B021,2024-05-29,Classic,1
C06357,Fahad Alanazi,0599006357,fahad.alanazi6357@example.com,Jubail,B027,2025-04-10,Platinum,1
C06358,Mohammed Aldossary,0599006358,mohammed.aldossary6358@example.com,Riyadh,B004,2025-06-09,Silver,1
C06359,Maha Alqahtani,0599006359,maha.alqahtani6359@example.com,Abha,B031,2025-07-28,Classic,1
C06360,Mona Alyami,0599006360,mona.alyami6360@example.com,Jeddah,B021,2023-09-15,Classic,0
C06361,Lulwa Alfaraj,0599006361,lulwa.alfaraj6361@example.com,Riyadh,B001,2022-05-22,Classic,0
C06362,Bandar Almalki,0599006362,bandar.almalki6362@example.com,Jeddah,B014,2025-10-04,Gold,0
C06363,Saud Aldossary,0599006363,saud.aldossary6363@example.com,Khamis Mushait,B032,2022-03-09,Classic,1
C06364,Abdullah Alrashidi,0599006364,abdullah.alrashidi6364@example.com,Dammam,B023,2025-07-26,Classic,0
C06365,Sara Alqahtani,0599006365,sara.alqahtani6365@example.com,Jeddah,B016,2022-12-10,Gold,1
C06366,Ziyad Alsubaie,0599006366,ziyad.alsubaie6366@example.com,Jeddah,B015,2025-08-28,Gold,1
C06367,Khalid Alharbi,0599006367,khalid.alharbi6367@example.com,Dammam,B023,2023-05-24,Classic,0
C06368,Yousef Alrashidi,0599006368,yousef.alrashidi6368@example.com,Khamis Mushait,B036,2023-05-11,Classic,1
C06369,Atheer Alshammari,0599006369,atheer.alshammari6369@example.com,Taif,B020,2022-04-29,Classic,1
C06370,Mohammed Alkhaldi,0599006370,mohammed.alkhaldi6370@example.com,Dammam,B028,2025-06-18,Classic,0
C06371,Jawaher Alnaimi,0599006371,jawaher.alnaimi6371@example.com,Khobar,B024,2025-05-31,Classic,0
C06372,Maha Alnaimi,0599006372,maha.alnaimi6372@example.com,Riyadh,B002,2025-03-03,Classic,0
C06373,Saud Alanazi,0599006373,saud.alanazi6373@example.com,Jeddah,B017,2021-06-04,Silver,1
C06374,Amal Albalawi,0599006374,amal.albalawi6374@example.com,Riyadh,B003,2022-03-03,Platinum,1
C06375,Abdullah Alkhaldi,0599006375,abdullah.alkhaldi6375@example.com,Riyadh,B005,2026-01-17,Classic,0
C06376,Ziyad Almalki,0599006376,ziyad.almalki6376@example.com,Riyadh,B002,2025-03-23,Silver,
C06377,Abdullah Almalki,0599006377,abdullah.almalki6377@example.com,Hail,B038,2026-04-20,Classic,0
C06378,Sultan Alghamdi,0599006378,sultan.alghamdi6378@example.com,Al Jouf,B039,2025-07-17,Gold,1
C06379,Saud Alsubaie,0599006379,saud.alsubaie6379@example.com,Riyadh,B002,2022-09-02,Classic,0
C06380,Shahad Alshammari,0599006380,shahad.alshammari6380@example.com,Madinah,B019,2025-06-03,Classic,1
C06381,Atheer Albalawi,0599006381,atheer.albalawi6381@example.com,Riyadh,B006,2023-07-11,Gold,1
C06382,Shahad Alrashidi,0599006382,shahad.alrashidi6382@example.com,Jeddah,B017,2024-10-26,Gold,0
C06383,Mona Alqahtani,0599006383,mona.alqahtani6383@example.com,Hail,B038,2023-04-29,Silver,1
C06384,Rakan Alharbi,0599006384,rakan.alharbi6384@example.com,Riyadh,B005,2023-11-29,Classic,1
C06385,Reem Almutairi,0599006385,reem.almutairi6385@example.com,Riyadh,B008,2023-08-11,Classic,1
C06386,Maha Alnaimi,0599006386,maha.alnaimi6386@example.com,Hail,B038,2025-07-07,Classic,1
C06387,Fahad Alenezi,0599006387,fahad.alenezi6387@example.com,Qassim,B010,2021-02-16,Silver,1
C06388,Ali Alghamdi,0599006388,ali.alghamdi6388@example.com,Al Jouf,B039,2024-08-26,Classic,1
C06389,Ali Alsubaie,0599006389,ali.alsubaie6389@example.com,Riyadh,B007,2025-07-06,Classic,1
C06390,Yousef Alsubaie,0599006390,yousef.alsubaie6390@example.com,Dammam,B023,2025-12-29,Platinum,0
C06391,Jawaher Alqahtani,0599006391,jawaher.alqahtani6391@example.com,Riyadh,B001,2023-09-27,Classic,1
C06392,Reem Alshehri,0599006392,reem.alshehri6392@example.com,Jeddah,B016,2026-03-07,Classic,1
C06393,Mohammed Alqahtani,0599006393,mohammed.alqahtani6393@example.com,Jeddah,B014,2024-04-01,Classic,1
C06394,Abdullah Alkhaldi,0599006394,abdullah.alkhaldi6394@example.com,Khamis Mushait,B036,2021-06-18,Gold,1
C06395,Saud Alzahrani,0599006395,saud.alzahrani6395@example.com,Al Ahsa,B026,2025-06-26,Classic,0
C06396,Sara Alyami,0599006396,sara.alyami6396@example.com,Makkah,B018,2022-03-16,Classic,1
C06397,Shahad Alanazi,0599006397,shahad.alanazi6397@example.com,Madinah,B019,2024-12-21,Classic,0
C06398,Faisal Almutairi,0599006398,faisal.almutairi6398@example.com,Jeddah,B016,2024-05-23,Platinum,1
C06399,Omar Alqahtani,0599006399,omar.alqahtani6399@example.com,Dhahran,B030,2025-06-26,Silver,1
C06400,Ziyad Alshammari,0599006400,ziyad.alshammari6400@example.com,Najran,B034,2022-12-19,Silver,0
C06401,Jawaher Alyami,0599006401,jawaher.alyami6401@example.com,Dammam,B023,2024-08-11,Classic,1
C06402,Faisal Alyami,0599006402,faisal.alyami6402@example.com,Riyadh,B006,2022-08-01,Classic,0
C06403,Lulwa Alghamdi,0599006403,lulwa.alghamdi6403@example.com,Riyadh,B001,2021-06-19,Silver,1
C06404,Bandar Aldossary,0599006404,bandar.aldossary6404@example.com,Riyadh,B003,2023-11-04,Classic,1
C06405,Mona Alotaibi,0599006405,mona.alotaibi6405@example.com,Najran,B034,2022-08-03,Classic,0
C06406,Noura Alsubaie,0599006406,noura.alsubaie6406@example.com,Riyadh,B012,2025-01-29,Classic,
C06407,Ziyad Alfaraj,0599006407,ziyad.alfaraj6407@example.com,Riyadh,B004,2021-12-27,Silver,0
C06408,Dana Alghamdi,0599006408,dana.alghamdi6408@example.com,Jeddah,B014,2021-10-14,Silver,1
C06409,Maha Alenezi,0599006409,maha.alenezi6409@example.com,Riyadh,B002,2022-10-21,Classic,1
C06410,Maha Albalawi,0599006410,maha.albalawi6410@example.com,Jeddah,B021,2025-11-06,Silver,1
C06411,Shahad Alzahrani,0599006411,shahad.alzahrani6411@example.com,Riyadh,B005,2025-05-29,Classic,1
C06412,Omar Alamri,0599006412,omar.alamri6412@example.com,Jeddah,B015,2023-05-07,Classic,1
C06413,Mona Alsubaie,0599006413,mona.alsubaie6413@example.com,Jeddah,B015,2025-05-04,Classic,1
C06414,Nasser Alsubaie,0599006414,nasser.alsubaie6414@example.com,Dhahran,B030,2025-10-10,Classic,1
C06415,Sultan Almutairi,0599006415,sultan.almutairi6415@example.com,Jeddah,B017,2025-02-20,Classic,1
C06416,Turki Albalawi,0599006416,turki.albalawi6416@example.com,Jeddah,B022,2022-08-27,Classic,1
C06417,Rawan Aljohani,0599006417,rawan.aljohani6417@example.com,Abha,B031,2026-05-24,Classic,1
C06418,Rawan Alrashidi,0599006418,rawan.alrashidi6418@example.com,Dhahran,B025,2021-06-11,Silver,1
C06419,Atheer Alhajri,0599006419,atheer.alhajri6419@example.com,Al Kharj,B011,2021-12-06,Silver,0
C06420,Hessa Aldawsari,0599006420,hessa.aldawsari6420@example.com,Abha,B035,2026-03-19,Silver,1
C06421,Ghada Alshehri,0599006421,ghada.alshehri6421@example.com,Riyadh,B001,2024-01-16,Gold,1
C06422,Mona Almalki,0599006422,mona.almalki6422@example.com,Riyadh,B003,2025-08-15,Platinum,1
C06423,Faisal Aldossary,0599006423,faisal.aldossary6423@example.com,Tabuk,B040,2026-05-03,Gold,0
C06424,Mohammed Alamri,0599006424,mohammed.alamri6424@example.com,Qassim,B010,2026-06-04,Gold,1
C06425,Bandar Alsubaie,0599006425,bandar.alsubaie6425@example.com,Jeddah,B016,2025-03-10,Silver,0
C06426,Hind Alanazi,0599006426,hind.alanazi6426@example.com,Riyadh,B012,2026-02-24,Classic,1
C06427,Bandar Alfaraj,0599006427,bandar.alfaraj6427@example.com,Riyadh,B012,2023-08-18,Gold,1
C06428,Rakan Alfaraj,0599006428,rakan.alfaraj6428@example.com,Al Jouf,B039,2025-12-26,Classic,0
C06429,Sara Aldawsari,0599006429,sara.aldawsari6429@example.com,Jeddah,B014,2025-09-13,Classic,1
C06430,Yousef Alsubaie,0599006430,yousef.alsubaie6430@example.com,Dhahran,B030,2025-08-22,Classic,1
C06431,Jawaher Alshehri,0599006431,jawaher.alshehri6431@example.com,Riyadh,B008,2025-01-11,Classic,
C06432,Abdullah Alnaimi,0599006432,abdullah.alnaimi6432@example.com,Jeddah,B014,2026-06-03,Classic,1
C06433,Lama Aljohani,0599006433,lama.aljohani6433@example.com,Jeddah,B022,2025-07-31,Gold,1
C06434,Lulwa Albalawi,0599006434,lulwa.albalawi6434@example.com,Riyadh,B009,2021-07-03,Classic,1
C06435,Fahad Alzahrani,0599006435,fahad.alzahrani6435@example.com,Riyadh,B009,2026-03-14,Silver,1
C06436,Amal Alrashidi,0599006436,amal.alrashidi6436@example.com,Abha,B035,2023-11-03,Classic,1
C06437,Maha Alzahrani,0599006437,maha.alzahrani6437@example.com,Abha,B031,2021-10-28,Classic,1
C06438,Saud Alotaibi,0599006438,saud.alotaibi6438@example.com,Khobar,B029,2023-05-23,Silver,1
C06439,Maha Alsubaie,0599006439,maha.alsubaie6439@example.com,Tabuk,B037,2025-09-12,Classic,1
C06440,Abdullah Almalki,0599006440,abdullah.almalki6440@example.com,Al Kharj,B011,2025-02-08,Classic,1
C06441,Amal Alyami,0599006441,amal.alyami6441@example.com,Madinah,B019,2026-01-15,Classic,0
C06442,Amal Alamri,0599006442,amal.alamri6442@example.com,Jeddah,B021,2022-03-01,Gold,1
C06443,Abdullah Alhajri,0599006443,abdullah.alhajri6443@example.com,Jeddah,B022,2025-03-13,Classic,0
C06444,Atheer Aljohani,0599006444,atheer.aljohani6444@example.com,Jeddah,B014,2021-06-22,Classic,1
C06445,Maha Alghamdi,0599006445,maha.alghamdi6445@example.com,Taif,B020,2026-02-20,Silver,1
C06446,Nasser Alamri,0599006446,nasser.alamri6446@example.com,Jeddah,B015,2026-03-25,Classic,
C06447,Hessa Alyami,0599006447,hessa.alyami6447@example.com,Al Kharj,B011,2024-04-21,Silver,0
C06448,Ahmed Alnaimi,0599006448,ahmed.alnaimi6448@example.com,Jeddah,B016,2021-04-15,Classic,0
C06449,Ghada Alanazi,0599006449,ghada.alanazi6449@example.com,Makkah,B018,2022-07-17,Silver,0
C06450,Hessa Almutairi,0599006450,hessa.almutairi6450@example.com,Khamis Mushait,B032,2025-05-29,Classic,0
C06451,Saud Alqahtani,0599006451,saud.alqahtani6451@example.com,Riyadh,B008,2021-12-05,Classic,1
C06452,Mona Alkhaldi,0599006452,mona.alkhaldi6452@example.com,Qassim,B010,2026-02-17,Gold,0
C06453,Jawaher Almutairi,0599006453,jawaher.almutairi6453@example.com,Riyadh,B001,2021-10-08,Silver,1
C06454,Mohammed Alshammari,0599006454,mohammed.alshammari6454@example.com,Riyadh,B001,2025-09-30,Gold,0
C06455,Majed Alqahtani,0599006455,majed.alqahtani6455@example.com,Al Kharj,B011,2021-11-06,Silver,0
C06456,Lulwa Alhajri,0599006456,lulwa.alhajri6456@example.com,Riyadh,B007,2022-07-20,Classic,
C06457,Yousef Alyami,0599006457,yousef.alyami6457@example.com,Dhahran,B025,2023-05-25,Silver,1
C06458,Ghada Alkhaldi,0599006458,ghada.alkhaldi6458@example.com,Qassim,B010,2026-05-30,Classic,1
C06459,Noura Alenezi,0599006459,noura.alenezi6459@example.com,Khobar,B029,2024-05-19,Classic,0
C06460,Omar Albalawi,0599006460,omar.albalawi6460@example.com,Dhahran,B030,2025-01-16,Classic,0
C06461,Maha Alenezi,0599006461,maha.alenezi6461@example.com,Jeddah,B017,2026-03-03,Gold,1
C06462,Ahmed Alfaraj,0599006462,ahmed.alfaraj6462@example.com,Dammam,B028,2025-07-29,Platinum,0
C06463,Saud Alamri,0599006463,saud.alamri6463@example.com,Tabuk,B040,2024-11-18,Silver,1
C06464,Nasser Alharbi,0599006464,nasser.alharbi6464@example.com,Riyadh,B001,2024-01-29,Classic,1
C06465,Bandar Aljohani,0599006465,bandar.aljohani6465@example.com,Khamis Mushait,B032,2025-01-24,Silver,0
C06466,Faisal Aldawsari,0599006466,faisal.aldawsari6466@example.com,Riyadh,B007,2024-09-14,Classic,1
C06467,Noura Almalki,0599006467,noura.almalki6467@example.com,Jeddah,B016,2021-12-13,Classic,1
C06468,Faisal Alshammari,0599006468,faisal.alshammari6468@example.com,Makkah,B018,2023-01-07,Silver,0
C06469,Sultan Almutairi,0599006469,sultan.almutairi6469@example.com,Dhahran,B025,2024-08-10,Silver,1
C06470,Sara Alenezi,0599006470,sara.alenezi6470@example.com,Jeddah,B014,2024-12-06,Silver,1
C06471,Khalid Alhajri,0599006471,khalid.alhajri6471@example.com,Riyadh,B001,2025-08-31,Classic,1
C06472,Hind Alotaibi,0599006472,hind.alotaibi6472@example.com,Khamis Mushait,B032,2023-07-16,Gold,1
C06473,Saud Alshammari,0599006473,saud.alshammari6473@example.com,Riyadh,B008,2024-08-11,Classic,1
C06474,Reem Aldossary,0599006474,reem.aldossary6474@example.com,Khamis Mushait,B032,2026-01-24,Classic,1
C06475,Noura Alsaeed,0599006475,noura.alsaeed6475@example.com,Madinah,B019,2024-03-12,Classic,0
C06476,Reem Almalki,0599006476,reem.almalki6476@example.com,Khamis Mushait,B032,2025-02-03,Silver,0
C06477,Turki Alqahtani,0599006477,turki.alqahtani6477@example.com,Madinah,B019,2025-01-12,Classic,1
C06478,Hessa Alfaraj,0599006478,hessa.alfaraj6478@example.com,Dammam,B028,2021-03-21,Classic,0
C06479,Abdullah Alshammari,0599006479,abdullah.alshammari6479@example.com,Jeddah,B013,2023-10-23,Gold,1
C06480,Hind Alfaraj,0599006480,hind.alfaraj6480@example.com,Tabuk,B040,2025-04-11,Classic,1
C06481,Bandar Aljohani,0599006481,bandar.aljohani6481@example.com,Khobar,B024,2021-04-27,Classic,1
C06482,Fahad Alzahrani,0599006482,fahad.alzahrani6482@example.com,Jeddah,B017,2023-03-05,Silver,1
C06483,Reem Alhajri,0599006483,reem.alhajri6483@example.com,Riyadh,B006,2025-09-10,Classic,0
C06484,Mohammed Alharbi,0599006484,mohammed.alharbi6484@example.com,Riyadh,B006,2024-12-05,Classic,0
C06485,Ali Albalawi,0599006485,ali.albalawi6485@example.com,Riyadh,B002,2025-10-18,Classic,1
C06486,Saud Alghamdi,0599006486,saud.alghamdi6486@example.com,Jeddah,B013,2021-09-30,Silver,1
C06487,Sultan Alkhaldi,0599006487,sultan.alkhaldi6487@example.com,Riyadh,B006,2023-07-18,Classic,1
C06488,Ziyad Almutairi,0599006488,ziyad.almutairi6488@example.com,Riyadh,B003,2025-07-05,Gold,1
C06489,Haya Aldossary,0599006489,haya.aldossary6489@example.com,Dhahran,B030,2024-01-28,Classic,0
C06490,Sara Alsubaie,0599006490,sara.alsubaie6490@example.com,Al Ahsa,B026,2026-01-03,Gold,1
C06491,Ahmed Alzahrani,0599006491,ahmed.alzahrani6491@example.com,Riyadh,B006,2025-01-18,Classic,1
C06492,Fahad Aldawsari,0599006492,fahad.aldawsari6492@example.com,Riyadh,B007,2024-04-08,Classic,1
C06493,Mona Alsaeed,0599006493,mona.alsaeed6493@example.com,Jeddah,B014,2023-08-26,Silver,0
C06494,Saud Aldawsari,0599006494,saud.aldawsari6494@example.com,Jeddah,B015,2022-11-13,Classic,0
C06495,Sultan Alfaraj,0599006495,sultan.alfaraj6495@example.com,Najran,B034,2024-09-07,Classic,0
C06496,Amal Alshammari,0599006496,amal.alshammari6496@example.com,Riyadh,B008,2025-10-04,Classic,1
C06497,Rawan Aldawsari,0599006497,rawan.aldawsari6497@example.com,Jeddah,B016,2023-03-10,Classic,1
C06498,Ghada Alshammari,0599006498,ghada.alshammari6498@example.com,Jeddah,B014,2022-11-05,Classic,1
C06499,Bandar Alzahrani,0599006499,bandar.alzahrani6499@example.com,Qassim,B010,2025-03-31,Silver,1
C06500,Haya Aldawsari,0599006500,haya.aldawsari6500@example.com,Khobar,B029,2021-02-16,Classic,1
C06501,Faisal Alzahrani,0599006501,faisal.alzahrani6501@example.com,Khamis Mushait,B036,2024-11-05,Silver,1
C06502,Hind Alnaimi,0599006502,hind.alnaimi6502@example.com,Khamis Mushait,B036,2022-11-08,Classic,1
C06503,Khalid Alnaimi,0599006503,khalid.alnaimi6503@example.com,Jeddah,B022,2022-04-27,Silver,1
C06504,Abdullah Alotaibi,0599006504,abdullah.alotaibi6504@example.com,Jubail,B027,2023-12-14,Classic,1
C06505,Maha Almalki,0599006505,maha.almalki6505@example.com,Hail,B038,2024-03-11,Silver,
C06506,Khalid Alfaraj,0599006506,khalid.alfaraj6506@example.com,Riyadh,B012,2025-09-14,Classic,0
C06507,Dana Alkhaldi,0599006507,dana.alkhaldi6507@example.com,Jeddah,B014,2026-02-02,Classic,1
C06508,Sara Alshammari,0599006508,sara.alshammari6508@example.com,Jeddah,B017,2021-02-25,Gold,1
C06509,Mona Alqahtani,0599006509,mona.alqahtani6509@example.com,Riyadh,B006,2022-11-20,Classic,1
C06510,Rawan Alkhaldi,0599006510,rawan.alkhaldi6510@example.com,Khobar,B029,2025-01-19,Platinum,1
C06511,Shahad Alnaimi,0599006511,shahad.alnaimi6511@example.com,Jeddah,B016,2021-02-09,Gold,1
C06512,Ahmed Alharbi,0599006512,ahmed.alharbi6512@example.com,Dhahran,B025,2021-03-11,Classic,0
C06513,Hind Aljohani,0599006513,hind.aljohani6513@example.com,Taif,B020,2025-07-17,Classic,1
C06514,Sara Aljohani,0599006514,sara.aljohani6514@example.com,Riyadh,B006,2025-09-07,Silver,1
C06515,Abdullah Alshehri,0599006515,abdullah.alshehri6515@example.com,Riyadh,B006,2026-05-13,Platinum,1
C06516,Khalid Alanazi,0599006516,khalid.alanazi6516@example.com,Dhahran,B030,2025-07-01,Classic,1
C06517,Rakan Alyami,0599006517,rakan.alyami6517@example.com,Jeddah,B016,2025-11-10,Classic,0
C06518,Hind Aljohani,0599006518,hind.aljohani6518@example.com,Riyadh,B001,2026-02-05,Classic,1
C06519,Hind Alfaraj,0599006519,hind.alfaraj6519@example.com,Riyadh,B008,2025-10-05,Gold,0
C06520,Shahad Alzahrani,0599006520,shahad.alzahrani6520@example.com,Hail,B038,2024-10-23,Classic,0
C06521,Shahad Alsubaie,0599006521,shahad.alsubaie6521@example.com,Riyadh,B009,2023-03-22,Silver,1
C06522,Ali Alfaraj,0599006522,ali.alfaraj6522@example.com,Madinah,B019,2021-10-29,Classic,1
C06523,Mohammed Aldawsari,0599006523,mohammed.aldawsari6523@example.com,Khamis Mushait,B036,2025-12-21,Classic,1
C06524,Lulwa Alyami,0599006524,lulwa.alyami6524@example.com,Dammam,B028,2021-04-06,Classic,0
C06525,Mona Alshammari,0599006525,mona.alshammari6525@example.com,Riyadh,B006,2024-03-19,Platinum,1
C06526,Lama Alqahtani,0599006526,lama.alqahtani6526@example.com,Riyadh,B012,2025-11-30,Classic,1
C06527,Ghada Alghamdi,0599006527,ghada.alghamdi6527@example.com,Dammam,B028,2021-04-11,Silver,1
C06528,Sara Alfaraj,0599006528,sara.alfaraj6528@example.com,Riyadh,B001,2022-05-19,Classic,1
C06529,Nasser Alshehri,0599006529,nasser.alshehri6529@example.com,Jeddah,B015,2022-01-08,Classic,0
C06530,Ali Alghamdi,0599006530,ali.alghamdi6530@example.com,Khamis Mushait,B036,2025-04-04,Classic,0
C06531,Atheer Alshammari,0599006531,atheer.alshammari6531@example.com,Jeddah,B013,2023-02-21,Gold,1
C06532,Khalid Alamri,0599006532,khalid.alamri6532@example.com,Dammam,B028,2024-05-28,Gold,1
C06533,Mohammed Aldossary,0599006533,mohammed.aldossary6533@example.com,Riyadh,B003,2026-04-08,Silver,0
C06534,Lama Aldawsari,0599006534,lama.aldawsari6534@example.com,Al Ahsa,B026,2021-10-14,Silver,0
C06535,Atheer Aljohani,0599006535,atheer.aljohani6535@example.com,Najran,B034,2023-08-24,Classic,
C06536,Khalid Alzahrani,0599006536,khalid.alzahrani6536@example.com,Tabuk,B037,2024-06-29,Gold,1
C06537,Ziyad Albalawi,0599006537,ziyad.albalawi6537@example.com,Riyadh,B008,2025-12-03,Silver,1
C06538,Ali Alharbi,0599006538,ali.alharbi6538@example.com,Riyadh,B005,2022-02-22,Classic,
C06539,Atheer Alghamdi,0599006539,atheer.alghamdi6539@example.com,Al Kharj,B011,2026-02-02,Classic,0
C06540,Noura Aldawsari,0599006540,noura.aldawsari6540@example.com,Al Ahsa,B026,2025-10-03,Classic,1
C06541,Rakan Alanazi,0599006541,rakan.alanazi6541@example.com,Dammam,B023,2021-02-02,Platinum,1
C06542,Atheer Albalawi,0599006542,atheer.albalawi6542@example.com,Jeddah,B021,2022-03-12,Classic,1
C06543,Nasser Alzahrani,0599006543,nasser.alzahrani6543@example.com,Al Ahsa,B026,2025-11-30,Platinum,1
C06544,Saud Alhajri,0599006544,saud.alhajri6544@example.com,Jubail,B027,2025-12-17,Silver,1
C06545,Lama Alrashidi,0599006545,lama.alrashidi6545@example.com,Riyadh,B012,2021-04-13,Classic,0
C06546,Omar Aldossary,0599006546,omar.aldossary6546@example.com,Riyadh,B004,2022-12-12,Silver,1
C06547,Abdullah Alhajri,0599006547,abdullah.alhajri6547@example.com,Makkah,B018,2026-05-27,Silver,1
C06548,Sara Alqahtani,0599006548,sara.alqahtani6548@example.com,Riyadh,B006,2026-01-18,Classic,1
C06549,Dana Aldawsari,0599006549,dana.aldawsari6549@example.com,Riyadh,B008,2025-01-02,Silver,
C06550,Dana Alsaeed,0599006550,dana.alsaeed6550@example.com,Jeddah,B016,2022-10-13,Classic,0
C06551,Sultan Alzahrani,0599006551,sultan.alzahrani6551@example.com,Taif,B020,2024-04-05,Platinum,1
C06552,Maha Alamri,0599006552,maha.alamri6552@example.com,Dammam,B028,2023-07-13,Silver,1
C06553,Mohammed Alqahtani,0599006553,mohammed.alqahtani6553@example.com,Riyadh,B001,2021-06-08,Classic,1
C06554,Saud Alyami,0599006554,saud.alyami6554@example.com,Jeddah,B021,2025-02-17,Platinum,1
C06555,Amal Aljohani,0599006555,amal.aljohani6555@example.com,Riyadh,B001,2026-04-20,Classic,1
C06556,Reem Aljohani,0599006556,reem.aljohani6556@example.com,Abha,B031,2025-06-08,Classic,1
C06557,Amal Almutairi,0599006557,amal.almutairi6557@example.com,Makkah,B018,2022-08-27,Silver,1
C06558,Sara Alzahrani,0599006558,sara.alzahrani6558@example.com,Makkah,B018,2023-09-14,Gold,1
C06559,Yousef Alshehri,0599006559,yousef.alshehri6559@example.com,Dhahran,B030,2024-02-23,Gold,0
C06560,Saud Alsaeed,0599006560,saud.alsaeed6560@example.com,Madinah,B019,2022-12-12,Silver,1
C06561,Turki Alhajri,0599006561,turki.alhajri6561@example.com,Dhahran,B030,2024-12-02,Platinum,0
C06562,Mohammed Alsubaie,0599006562,mohammed.alsubaie6562@example.com,Riyadh,B001,2022-10-31,Silver,0
C06563,Amal Alfaraj,0599006563,amal.alfaraj6563@example.com,Riyadh,B008,2025-12-09,Silver,0
C06564,Noura Alkhaldi,0599006564,noura.alkhaldi6564@example.com,Jazan,B033,2021-05-11,Classic,0
C06565,Sultan Alrashidi,0599006565,sultan.alrashidi6565@example.com,Jazan,B033,2022-03-14,Classic,1
C06566,Amal Alrashidi,0599006566,amal.alrashidi6566@example.com,Abha,B035,2026-04-24,Platinum,1
C06567,Atheer Alenezi,0599006567,atheer.alenezi6567@example.com,Khamis Mushait,B032,2024-01-02,Classic,1
C06568,Faisal Almutairi,0599006568,faisal.almutairi6568@example.com,Jeddah,B014,2024-10-20,Classic,1
C06569,Abdullah Alshehri,0599006569,abdullah.alshehri6569@example.com,Riyadh,B002,2025-12-21,Silver,0
C06570,Omar Aljohani,0599006570,omar.aljohani6570@example.com,Riyadh,B006,2025-04-07,Silver,1
C06571,Yousef Almutairi,0599006571,yousef.almutairi6571@example.com,Jeddah,B013,2022-01-13,Silver,
C06572,Mona Alrashidi,0599006572,mona.alrashidi6572@example.com,Jeddah,B017,2023-12-10,Classic,1
C06573,Atheer Alanazi,0599006573,atheer.alanazi6573@example.com,Riyadh,B007,2024-07-31,Classic,1
C06574,Hind Albalawi,0599006574,hind.albalawi6574@example.com,Makkah,B018,2022-10-01,Classic,0
C06575,Reem Alhajri,0599006575,reem.alhajri6575@example.com,Dammam,B028,2025-09-07,Silver,0
C06576,Reem Almutairi,0599006576,reem.almutairi6576@example.com,Riyadh,B003,2025-04-16,Classic,1
C06577,Lulwa Alkhaldi,0599006577,lulwa.alkhaldi6577@example.com,Tabuk,B037,2022-12-31,Silver,1
C06578,Nasser Almalki,0599006578,nasser.almalki6578@example.com,Jeddah,B014,2022-07-23,Classic,0
C06579,Ziyad Alqahtani,0599006579,ziyad.alqahtani6579@example.com,Riyadh,B005,2024-08-26,Silver,1
C06580,Haya Almalki,0599006580,haya.almalki6580@example.com,Khamis Mushait,B032,2025-05-31,Classic,1
C06581,Hind Alharbi,0599006581,hind.alharbi6581@example.com,Tabuk,B037,2025-04-07,Silver,1
C06582,Maha Alhajri,0599006582,maha.alhajri6582@example.com,Jubail,B027,2024-05-24,Classic,1
C06583,Shahad Albalawi,0599006583,shahad.albalawi6583@example.com,Madinah,B019,2025-10-27,Classic,0
C06584,Majed Alanazi,0599006584,majed.alanazi6584@example.com,Madinah,B019,2024-12-01,Silver,1
C06585,Hind Albalawi,0599006585,hind.albalawi6585@example.com,Riyadh,B006,2025-07-01,Classic,0
C06586,Rakan Alsaeed,0599006586,rakan.alsaeed6586@example.com,Jeddah,B017,2026-03-28,Silver,1
C06587,Haya Alyami,0599006587,haya.alyami6587@example.com,Qassim,B010,2025-09-11,Classic,1
C06588,Hessa Alhajri,0599006588,hessa.alhajri6588@example.com,Taif,B020,2026-05-05,Platinum,1
C06589,Ziyad Alyami,0599006589,ziyad.alyami6589@example.com,Jeddah,B022,2025-10-19,Classic,1
C06590,Lama Alsubaie,0599006590,lama.alsubaie6590@example.com,Dammam,B028,2025-03-30,Classic,1
C06591,Amal Alshehri,0599006591,amal.alshehri6591@example.com,Riyadh,B004,2025-10-13,Silver,0
C06592,Faisal Aljohani,0599006592,faisal.aljohani6592@example.com,Riyadh,B005,2026-02-27,Silver,1
C06593,Majed Almalki,0599006593,majed.almalki6593@example.com,Jeddah,B014,2022-11-21,Classic,0
C06594,Ziyad Alshehri,0599006594,ziyad.alshehri6594@example.com,Khamis Mushait,B032,2021-03-06,Silver,1
C06595,Sultan Alzahrani,0599006595,sultan.alzahrani6595@example.com,Riyadh,B006,2022-07-27,Silver,1
C06596,Mona Alanazi,0599006596,mona.alanazi6596@example.com,Taif,B020,2025-07-12,Classic,
C06597,Haya Alamri,0599006597,haya.alamri6597@example.com,Jazan,B033,2021-06-09,Classic,1
C06598,Haya Aldossary,0599006598,haya.aldossary6598@example.com,Dammam,B028,2021-02-22,Classic,1
C06599,Nasser Alkhaldi,0599006599,nasser.alkhaldi6599@example.com,Khobar,B024,2023-06-22,Platinum,1
C06600,Rakan Alharbi,0599006600,rakan.alharbi6600@example.com,Khobar,B024,2026-02-21,Gold,1
C06601,Mohammed Almalki,0599006601,mohammed.almalki6601@example.com,Dhahran,B025,2022-03-23,Gold,1
C06602,Bandar Alshehri,0599006602,bandar.alshehri6602@example.com,Makkah,B018,2023-04-12,Platinum,1
C06603,Hind Alotaibi,0599006603,hind.alotaibi6603@example.com,Jeddah,B014,2023-04-29,Gold,0
C06604,Rakan Aldawsari,0599006604,rakan.aldawsari6604@example.com,Riyadh,B008,2025-07-30,Gold,1
C06605,Maha Alqahtani,0599006605,maha.alqahtani6605@example.com,Qassim,B010,2022-12-06,Silver,0
C06606,Abdullah Aljohani,0599006606,abdullah.aljohani6606@example.com,Makkah,B018,2022-02-17,Classic,1
C06607,Amal Alshammari,0599006607,amal.alshammari6607@example.com,Riyadh,B003,2026-02-19,Classic,1
C06608,Hessa Alsaeed,0599006608,hessa.alsaeed6608@example.com,Tabuk,B040,2025-11-24,Gold,1
C06609,Reem Alsubaie,0599006609,reem.alsubaie6609@example.com,Riyadh,B001,2026-01-05,Gold,1
C06610,Ahmed Albalawi,0599006610,ahmed.albalawi6610@example.com,Qassim,B010,2021-09-12,Classic,1
C06611,Sultan Alkhaldi,0599006611,sultan.alkhaldi6611@example.com,Jubail,B027,2025-08-11,Classic,1
C06612,Maha Albalawi,0599006612,maha.albalawi6612@example.com,Dhahran,B025,2025-07-31,Classic,1
C06613,Ghada Aljohani,0599006613,ghada.aljohani6613@example.com,Al Ahsa,B026,2022-04-19,Platinum,1
C06614,Faisal Alshehri,0599006614,faisal.alshehri6614@example.com,Dhahran,B025,2025-08-15,Classic,1
C06615,Lama Alamri,0599006615,lama.alamri6615@example.com,Jubail,B027,2022-10-24,Silver,1
C06616,Bandar Alnaimi,0599006616,bandar.alnaimi6616@example.com,Dhahran,B030,2025-10-07,Classic,1
C06617,Omar Alrashidi,0599006617,omar.alrashidi6617@example.com,Riyadh,B001,2024-11-17,Classic,0
C06618,Noura Alshehri,0599006618,noura.alshehri6618@example.com,Taif,B020,2025-01-24,Classic,1
C06619,Fahad Albalawi,0599006619,fahad.albalawi6619@example.com,Dammam,B023,2022-11-02,Gold,0
C06620,Lulwa Alenezi,0599006620,lulwa.alenezi6620@example.com,Jeddah,B015,2024-05-04,Classic,1
C06621,Shahad Alshehri,0599006621,shahad.alshehri6621@example.com,Jazan,B033,2023-07-31,Classic,1
C06622,Mohammed Alsaeed,0599006622,mohammed.alsaeed6622@example.com,Makkah,B018,2025-11-07,Classic,0
C06623,Rakan Alnaimi,0599006623,rakan.alnaimi6623@example.com,Jeddah,B022,2021-03-16,Classic,1
C06624,Omar Alotaibi,0599006624,omar.alotaibi6624@example.com,Madinah,B019,2024-06-22,Classic,1
C06625,Sultan Aljohani,0599006625,sultan.aljohani6625@example.com,Jeddah,B014,2024-10-17,Classic,1
C06626,Rawan Alsubaie,0599006626,rawan.alsubaie6626@example.com,Jazan,B033,2023-07-28,Classic,1
C06627,Lama Alzahrani,0599006627,lama.alzahrani6627@example.com,Riyadh,B008,2025-12-21,Classic,0
C06628,Mona Albalawi,0599006628,mona.albalawi6628@example.com,Abha,B031,2023-10-31,Silver,1
C06629,Khalid Alghamdi,0599006629,khalid.alghamdi6629@example.com,Hail,B038,2023-11-30,Classic,0
C06630,Lulwa Alshehri,0599006630,lulwa.alshehri6630@example.com,Riyadh,B009,2025-09-19,Classic,0
C06631,Abdullah Alrashidi,0599006631,abdullah.alrashidi6631@example.com,Riyadh,B009,2022-09-05,Classic,0
C06632,Dana Alqahtani,0599006632,dana.alqahtani6632@example.com,Dammam,B023,2022-08-29,Classic,1
C06633,Rakan Aldossary,0599006633,rakan.aldossary6633@example.com,Tabuk,B040,2022-02-02,Classic,1
C06634,Noura Alfaraj,0599006634,noura.alfaraj6634@example.com,Dammam,B023,2025-07-11,Classic,1
C06635,Bandar Aldossary,0599006635,bandar.aldossary6635@example.com,Riyadh,B007,2021-07-03,Classic,
C06636,Rawan Alrashidi,0599006636,rawan.alrashidi6636@example.com,Jeddah,B016,2021-05-26,Classic,0
C06637,Ali Alzahrani,0599006637,ali.alzahrani6637@example.com,Riyadh,B006,2022-05-02,Silver,
C06638,Sara Almutairi,0599006638,sara.almutairi6638@example.com,Al Kharj,B011,2023-08-01,Silver,1
C06639,Hind Alshammari,0599006639,hind.alshammari6639@example.com,Jeddah,B015,2026-02-20,Silver,1
C06640,Shahad Alqahtani,0599006640,shahad.alqahtani6640@example.com,Jeddah,B016,2021-05-09,Silver,0
C06641,Khalid Alfaraj,0599006641,khalid.alfaraj6641@example.com,Riyadh,B004,2021-11-11,Classic,0
C06642,Ali Alanazi,0599006642,ali.alanazi6642@example.com,Jeddah,B021,2025-09-14,Classic,0
C06643,Hessa Alshehri,0599006643,hessa.alshehri6643@example.com,Riyadh,B006,2023-11-07,Silver,1
C06644,Ziyad Almutairi,0512345,ziyad.almutairi6644@example.com,Riyadh,B012,2025-04-02,Gold,0
C06645,Noura Alamri,0599006645,noura.alamri6645@example.com,Taif,B020,2022-05-30,Classic,1
C06646,Amal Aljohani,0599006646,amal.aljohani6646@example.com,Hail,B038,2021-12-30,Gold,1
C06647,Rawan Alamri,0599006647,rawan.alamri6647@example.com,Dhahran,B030,2023-01-17,Silver,0
C06648,Mohammed Aldawsari,0599006648,mohammed.aldawsari6648@example.com,Madinah,B019,2021-05-31,Classic,0
C06649,Lama Alkhaldi,0599006649,lama.alkhaldi6649@example.com,Jeddah,B021,2024-07-16,Classic,1
C06650,Yousef Alotaibi,0599006650,yousef.alotaibi6650@example.com,Jeddah,B014,2024-01-16,Silver,1
C06651,Ali Aldawsari,0599006651,ali.aldawsari6651@example.com,Khobar,B024,2024-04-12,Classic,1
C06652,Rawan Alharbi,0599006652,rawan.alharbi6652@example.com,Riyadh,B002,2025-07-26,Classic,1
C06653,Reem Alzahrani,0599006653,reem.alzahrani6653@example.com,Riyadh,B002,2025-07-21,Classic,1
C06654,Yousef Aldawsari,0599006654,yousef.aldawsari6654@example.com,Riyadh,B012,2021-02-03,Gold,1
C06655,Dana Aldawsari,0599006655,dana.aldawsari6655@example.com,Dammam,B023,2023-09-27,Gold,1
C06656,Haya Alrashidi,0599006656,haya.alrashidi6656@example.com,Riyadh,B003,2024-08-21,Silver,1
C06657,Fahad Alqahtani,0599006657,fahad.alqahtani6657@example.com,Makkah,B018,2025-03-05,Silver,1
C06658,Fahad Alshehri,0599006658,fahad.alshehri6658@example.com,Riyadh,B006,2022-11-27,Classic,1
C06659,Saud Albalawi,0599006659,saud.albalawi6659@example.com,Riyadh,B012,2021-08-13,Classic,0
C06660,Khalid Alharbi,0599006660,khalid.alharbi6660@example.com,Dhahran,B025,2021-08-22,Classic,0
C06661,Haya Alyami,0599006661,haya.alyami6661@example.com,Al Kharj,B011,2023-12-08,Classic,1
C06662,Ghada Alghamdi,0599006662,ghada.alghamdi6662@example.com,Taif,B020,2021-02-09,Classic,1
C06663,Sara Alnaimi,0599006663,sara.alnaimi6663@example.com,Riyadh,B004,2022-07-13,Silver,0
C06664,Rawan Alamri,0599006664,rawan.alamri6664@example.com,Madinah,B019,2025-01-08,Gold,1
C06665,Ziyad Alsubaie,0599006665,ziyad.alsubaie6665@example.com,Jeddah,B016,2025-01-14,Gold,0
C06666,Ahmed Alnaimi,0599006666,ahmed.alnaimi6666@example.com,Jeddah,B013,2026-03-09,Classic,0
C06667,Hind Alqahtani,0599006667,hind.alqahtani6667@example.com,Riyadh,B005,2026-01-19,Classic,1
C06668,Faisal Alsubaie,0599006668,faisal.alsubaie6668@example.com,Riyadh,B009,2026-05-17,Classic,1
C06669,Lama Alfaraj,0599006669,lama.alfaraj6669@example.com,Taif,B020,2025-05-30,Silver,0
C06670,Nasser Alotaibi,0599006670,nasser.alotaibi6670@example.com,Dammam,B023,2025-08-18,Classic,1
C06671,Mona Alnaimi,0599006671,mona.alnaimi6671@example.com,Khobar,B024,2021-08-13,Classic,1
C06672,Maha Alnaimi,0599006672,maha.alnaimi6672@example.com,Jubail,B027,2026-05-13,Silver,1
C06673,Amal Alharbi,0599006673,amal.alharbi6673@example.com,Madinah,B019,2023-12-01,Silver,1
C06674,Khalid Alghamdi,0599006674,khalid.alghamdi6674@example.com,Riyadh,B008,2025-03-16,Classic,1
C06675,Ali Alenezi,0599006675,ali.alenezi6675@example.com,Tabuk,B040,2023-05-26,Classic,1
C06676,Rakan Alrashidi,0599006676,rakan.alrashidi6676@example.com,Taif,B020,2021-10-10,Silver,1
C06677,Noura Aljohani,0599006677,noura.aljohani6677@example.com,Dhahran,B030,2025-07-07,Silver,1
C06678,Hessa Alanazi,0599006678,hessa.alanazi6678@example.com,Tabuk,B037,2021-03-10,Platinum,1
C06679,Ghada Alharbi,0599006679,ghada.alharbi6679@example.com,Jeddah,B016,2021-06-10,Silver,1
C06680,Bandar Alsubaie,0599006680,bandar.alsubaie6680@example.com,Jeddah,B015,2022-12-02,Classic,1
C06681,Mona Alnaimi,0599006681,mona.alnaimi6681@example.com,Hail,B038,2022-02-11,Classic,0
C06682,Ziyad Aljohani,0599006682,ziyad.aljohani6682@example.com,Najran,B034,2025-11-12,Silver,0
C06683,Saud Alzahrani,0599006683,saud.alzahrani6683@example.com,Riyadh,B007,2024-06-23,Silver,0
C06684,Mohammed Alshammari,0599006684,mohammed.alshammari6684@example.com,Jeddah,B013,2024-06-08,Classic,1
C06685,Hessa Alzahrani,0599006685,hessa.alzahrani6685@example.com,Madinah,B019,2021-05-06,Classic,0
C06686,Mona Almutairi,0599006686,mona.almutairi6686@example.com,Riyadh,B002,2025-09-29,Classic,1
C06687,Hessa Alsubaie,0599006687,hessa.alsubaie6687@example.com,Jeddah,B021,2021-05-16,Classic,0
C06688,Hessa Almalki,0599006688,hessa.almalki6688@example.com,Madinah,B019,2023-07-31,Gold,1
C06689,Bandar Alsubaie,0599006689,bandar.alsubaie6689@example.com,Jeddah,B022,2023-02-17,Classic,1
C06690,Haya Alsaeed,0599006690,haya.alsaeed6690@example.com,Riyadh,B004,2022-02-12,Silver,0
C06691,Fahad Alshammari,0599006691,fahad.alshammari6691@example.com,Riyadh,B002,2022-06-29,Classic,1
C06692,Sultan Alrashidi,0599006692,sultan.alrashidi6692@example.com,Jubail,B027,2026-05-18,Classic,1
C06693,Fahad Alharbi,0599006693,fahad.alharbi6693@example.com,Riyadh,B008,2023-11-17,Classic,1
C06694,Ziyad Alfaraj,0599006694,ziyad.alfaraj6694@example.com,Madinah,B019,2024-07-21,Classic,0
C06695,Majed Almalki,0599006695,majed.almalki6695@example.com,Makkah,B018,2021-02-12,Silver,0
C06696,Bandar Alzahrani,0599006696,bandar.alzahrani6696@example.com,Dammam,B028,2023-05-31,Classic,0
C06697,Khalid Alyami,0599006697,khalid.alyami6697@example.com,Riyadh,B006,2024-04-08,Classic,1
C06698,Mohammed Alshehri,0599006698,mohammed.alshehri6698@example.com,Jazan,B033,2023-09-26,Silver,1
C06699,Reem Alsaeed,0599006699,reem.alsaeed6699@example.com,Riyadh,B001,2026-06-03,Classic,1
C06700,Jawaher Alotaibi,0599006700,jawaher.alotaibi6700@example.com,Dhahran,B030,2026-06-06,Gold,1
C06701,Fahad Alotaibi,0599006701,fahad.alotaibi6701@example.com,Khobar,B024,2022-12-12,Silver,1
C06702,Amal Alkhaldi,0599006702,amal.alkhaldi6702@example.com,Khobar,B024,2026-05-30,Silver,1
C06703,Atheer Alqahtani,0599006703,atheer.alqahtani6703@example.com,Madinah,B019,2024-11-27,Classic,1
C06704,Lulwa Alsubaie,0599006704,lulwa.alsubaie6704@example.com,Qassim,B010,2022-02-09,Silver,0
C06705,Dana Alfaraj,0599006705,dana.alfaraj6705@example.com,Najran,B034,2026-04-09,Classic,1
C06706,Faisal Alqahtani,0599006706,faisal.alqahtani6706@example.com,Al Kharj,B011,2025-07-16,Classic,0
C06707,Saud Albalawi,0599006707,saud.albalawi6707@example.com,Riyadh,B006,2024-09-01,Classic,1
C06708,Sultan Alqahtani,0599006708,sultan.alqahtani6708@example.com,Jazan,B033,2025-04-13,Classic,0
C06709,Nasser Alotaibi,0599006709,nasser.alotaibi6709@example.com,Taif,B020,2021-03-11,Classic,1
C06710,Amal Alamri,05X1234567,amal.alamri6710@example.com,Jeddah,B016,2023-05-07,Silver,1
C06711,Rawan Alshehri,0599006711,rawan.alshehri6711@example.com,Jeddah,B021,2022-03-03,Silver,1
C06712,Bandar Alkhaldi,0599006712,bandar.alkhaldi6712@example.com,Makkah,B018,2021-12-31,Classic,1
C06713,Rawan Alzahrani,0599006713,rawan.alzahrani6713@example.com,Jeddah,B017,2022-10-18,Silver,1
C06714,Lama Almalki,0599006714,lama.almalki6714@example.com,Riyadh,B008,2022-07-08,Classic,1
C06715,Dana Alyami,0599006715,dana.alyami6715@example.com,Riyadh,B005,2025-10-10,Gold,1
C06716,Yousef Alnaimi,0599006716,yousef.alnaimi6716@example.com,Jubail,B027,2021-08-10,Classic,1
C06717,Abdullah Alkhaldi,0599006717,abdullah.alkhaldi6717@example.com,Dammam,B023,2025-03-22,Classic,0
C06718,Lama Alnaimi,0599006718,lama.alnaimi6718@example.com,Hail,B038,2025-11-18,Classic,1
C06719,Hessa Alshammari,0599006719,hessa.alshammari6719@example.com,Tabuk,B037,2026-02-15,Classic,0
C06720,Nasser Alsubaie,0599006720,nasser.alsubaie6720@example.com,Riyadh,B001,2022-01-07,Classic,1
C06721,Omar Almutairi,0599006721,omar.almutairi6721@example.com,Riyadh,B001,2025-07-13,Silver,1
C06722,Lama Alotaibi,0599006722,lama.alotaibi6722@example.com,Riyadh,B006,2026-02-22,Classic,1
C06723,Dana Alshehri,0599006723,dana.alshehri6723@example.com,Khamis Mushait,B036,2025-06-23,Silver,0
C06724,Ali Aldossary,0599006724,ali.aldossary6724@example.com,Qassim,B010,2026-02-12,Silver,0
C06725,Maha Alkhaldi,0599006725,maha.alkhaldi6725@example.com,Khamis Mushait,B036,2021-09-03,Silver,1
C06726,Faisal Alenezi,0599006726,faisal.alenezi6726@example.com,Al Jouf,B039,2024-07-02,Classic,1
C06727,Rawan Alamri,0599006727,rawan.alamri6727@example.com,Makkah,B018,2022-06-23,Silver,1
C06728,Turki Alhajri,0599006728,turki.alhajri6728@example.com,Madinah,B019,2023-02-01,Silver,1
C06729,Dana Alshammari,0599006729,dana.alshammari6729@example.com,Tabuk,B040,2021-03-25,Gold,1
C06730,Omar Alqahtani,0599006730,omar.alqahtani6730@example.com,Tabuk,B040,2024-08-23,Classic,1
C06731,Dana Alrashidi,0599006731,dana.alrashidi6731@example.com,Tabuk,B040,2022-02-16,Silver,1
C06732,Nasser Alharbi,0599006732,nasser.alharbi6732@example.com,Riyadh,B004,2021-08-17,Classic,1
C06733,Nasser Alamri,0599006733,nasser.alamri6733@example.com,Hail,B038,2023-02-11,Gold,0
C06734,Hessa Albalawi,0599006734,hessa.albalawi6734@example.com,Al Jouf,B039,2024-06-18,Silver,1
C06735,Faisal Alanazi,0599006735,faisal.alanazi6735@example.com,Dhahran,B030,2025-01-07,Classic,0
C06736,Mona Alhajri,0599006736,mona.alhajri6736@example.com,Jubail,B027,2025-04-23,Classic,1
C06737,Ali Almalki,0599006737,ali.almalki6737@example.com,Riyadh,B008,2025-08-07,Classic,1
C06738,Atheer Almalki,0599006738,atheer.almalki6738@example.com,Abha,B031,2024-09-22,Classic,1
C06739,Lama Alqahtani,0599006739,lama.alqahtani6739@example.com,Najran,B034,2024-08-25,Classic,1
C06740,Maha Alshehri,0599006740,maha.alshehri6740@example.com,Dammam,B028,2021-12-23,Classic,1
C06741,Sara Alenezi,0599006741,sara.alenezi6741@example.com,Dammam,B023,2025-07-04,Classic,1
C06742,Abdullah Alanazi,0599006742,abdullah.alanazi6742@example.com,Jeddah,B013,2024-09-17,Classic,1
C06743,Saud Alenezi,0599006743,saud.alenezi6743@example.com,Jeddah,B013,2023-04-11,Classic,1
C06744,Yousef Alnaimi,0599006744,yousef.alnaimi6744@example.com,Khobar,B029,2022-07-09,Classic,1
C06745,Reem Alharbi,0599006745,reem.alharbi6745@example.com,Riyadh,B006,2022-03-05,Classic,0
C06746,Ahmed Alhajri,0599006746,ahmed.alhajri6746@example.com,Riyadh,B008,2026-02-27,Silver,1
C06747,Rakan Alharbi,0599006747,rakan.alharbi6747@example.com,Khobar,B024,2024-08-03,Classic,1
C06748,Sara Alsaeed,0599006748,sara.alsaeed6748@example.com,Abha,B035,2024-02-11,Silver,1
C06749,Faisal Alfaraj,0599006749,faisal.alfaraj6749@example.com,Khamis Mushait,B032,2023-09-06,Silver,1
C06750,Ahmed Alhajri,0599006750,ahmed.alhajri6750@example.com,Riyadh,B006,2024-10-22,Classic,1
C06751,Amal Alsubaie,0599006751,amal.alsubaie6751@example.com,Riyadh,B002,2025-05-21,Classic,1
C06752,Reem Alhajri,0599006752,reem.alhajri6752@example.com,Riyadh,B001,2023-04-28,Classic,0
C06753,Lama Alotaibi,0599006753,lama.alotaibi6753@example.com,Dammam,B023,2025-06-29,Gold,1
C06754,Turki Alkhaldi,0599006754,turki.alkhaldi6754@example.com,Riyadh,B001,2024-06-17,Gold,1
C06755,Maha Alamri,0599006755,maha.alamri6755@example.com,Jeddah,B021,2025-09-19,Silver,1
C06756,Khalid Aljohani,0599006756,khalid.aljohani6756@example.com,Khobar,B024,2024-11-23,Gold,1
C06757,Yousef Alshammari,0599006757,yousef.alshammari6757@example.com,Riyadh,B001,2025-03-31,Classic,1
C06758,Rawan Alnaimi,0599006758,rawan.alnaimi6758@example.com,Al Jouf,B039,2026-02-03,Silver,1
C06759,Ghada Alhajri,0599006759,ghada.alhajri6759@example.com,Riyadh,B006,2022-01-18,Classic,1
C06760,Sara Aldossary,0599006760,sara.aldossary6760@example.com,Abha,B031,2026-01-27,Silver,1
C06761,Ziyad Alghamdi,0599006761,ziyad.alghamdi6761@example.com,Makkah,B018,2023-07-30,Classic,0
C06762,Hind Alenezi,0599006762,hind.alenezi6762@example.com,Riyadh,B003,2021-01-18,Gold,0
C06763,Amal Almutairi,0599006763,amal.almutairi6763@example.com,Makkah,B018,2026-02-17,Platinum,0
C06764,Mona Aldossary,0599006764,mona.aldossary6764@example.com,Khamis Mushait,B032,2025-12-03,Gold,1
C06765,Khalid Alotaibi,0599006765,khalid.alotaibi6765@example.com,Riyadh,B006,2025-05-05,Classic,1
C06766,Ghada Alenezi,0599006766,ghada.alenezi6766@example.com,Abha,B031,2022-06-07,Classic,1
C06767,Shahad Almalki,0599006767,shahad.almalki6767@example.com,Riyadh,B001,2022-02-19,Classic,1
C06768,Atheer Alyami,0599006768,atheer.alyami6768@example.com,Jeddah,B022,2025-05-19,Classic,1
C06769,Khalid Alamri,0599006769,khalid.alamri6769@example.com,Jeddah,B014,2022-08-31,Classic,1
C06770,Maha Alharbi,0599006770,maha.alharbi6770@example.com,Khobar,B029,2023-06-18,Gold,1
C06771,Reem Alenezi,0599006771,reem.alenezi6771@example.com,Jeddah,B016,2025-12-06,Gold,0
C06772,Rawan Aldossary,0599006772,rawan.aldossary6772@example.com,Riyadh,B003,2025-07-11,Classic,0
C06773,Maha Alanazi,0599006773,maha.alanazi6773@example.com,Taif,B020,2022-01-17,Silver,1
C06774,Omar Alrashidi,0599006774,omar.alrashidi6774@example.com,Abha,B031,2022-12-04,Silver,1
C06775,Maha Alhajri,0599006775,maha.alhajri6775@example.com,Dammam,B023,2025-02-08,Classic,1
C06776,Mona Alshehri,0599006776,mona.alshehri6776@example.com,Khobar,B024,2025-11-19,Silver,1
C06777,Mohammed Alkhaldi,0599006777,mohammed.alkhaldi6777@example.com,Jeddah,B017,2023-05-24,Silver,1
C06778,Saud Almalki,0599006778,saud.almalki6778@example.com,Taif,B020,2026-05-18,Classic,1
C06779,Maha Albalawi,0599006779,maha.albalawi6779@example.com,Riyadh,B008,2025-03-08,Classic,1
C06780,Amal Alanazi,0599006780,amal.alanazi6780@example.com,Madinah,B019,2025-06-03,Classic,0
C06781,Abdullah Alqahtani,0599006781,abdullah.alqahtani6781@example.com,Khamis Mushait,B032,2021-01-23,Gold,1
C06782,Amal Alqahtani,0599006782,amal.alqahtani6782@example.com,Al Kharj,B011,2026-06-04,Classic,1
C06783,Rawan Alghamdi,0599006783,rawan.alghamdi6783@example.com,Riyadh,B004,2021-06-20,Silver,1
C06784,Khalid Alshehri,0599006784,khalid.alshehri6784@example.com,Jeddah,B021,2022-03-16,Classic,1
C06785,Khalid Alhajri,0599006785,khalid.alhajri6785@example.com,Najran,B034,2021-12-22,Classic,1
C06786,Sultan Aldawsari,0599006786,sultan.aldawsari6786@example.com,Riyadh,B012,2025-07-03,Classic,1
C06787,Hessa Alfaraj,0599006787,hessa.alfaraj6787@example.com,Madinah,B019,2025-07-14,Silver,0
C06788,Ahmed Alrashidi,0599006788,ahmed.alrashidi6788@example.com,Tabuk,B037,2026-01-05,Silver,
C06789,Jawaher Alotaibi,0599006789,jawaher.alotaibi6789@example.com,Riyadh,B005,2021-05-31,Gold,
C06790,Hind Aljohani,0599006790,hind.aljohani6790@example.com,Khobar,B029,2025-10-26,Gold,1
C06791,Atheer Alharbi,0599006791,atheer.alharbi6791@example.com,Riyadh,B012,2023-07-31,Gold,1
C06792,Lulwa Albalawi,0599006792,lulwa.albalawi6792@example.com,Madinah,B019,2025-01-15,Classic,1
C06793,Reem Almutairi,0599006793,reem.almutairi6793@example.com,Dhahran,B025,2021-03-23,Platinum,0
C06794,Atheer Alhajri,0599006794,atheer.alhajri6794@example.com,Riyadh,B002,2025-07-26,Classic,1
C06795,Hessa Almutairi,0599006795,hessa.almutairi6795@example.com,Abha,B031,2024-09-01,Classic,1
C06796,Mohammed Alotaibi,0599006796,mohammed.alotaibi6796@example.com,Tabuk,B037,2025-04-16,Classic,1
C06797,Omar Alsaeed,0599006797,omar.alsaeed6797@example.com,Najran,B034,2022-11-29,Silver,1
C06798,Omar Alshammari,0599006798,omar.alshammari6798@example.com,Riyadh,B004,2022-12-30,Classic,1
C06799,Ahmed Alanazi,0599006799,ahmed.alanazi6799@example.com,Jeddah,B014,2025-04-18,Classic,1
C06800,Hessa Almutairi,0599006800,hessa.almutairi6800@example.com,Jubail,B027,2022-07-31,Classic,1
C06801,Rawan Aljohani,0599006801,rawan.aljohani6801@example.com,Riyadh,B005,2025-03-22,Classic,0
C06802,Majed Alzahrani,0599006802,majed.alzahrani6802@example.com,Madinah,B019,2025-09-22,Classic,1
C06803,Dana Alqahtani,0599006803,dana.alqahtani6803@example.com,Riyadh,B008,2024-06-23,Classic,0
C06804,Hind Alshammari,0599006804,hind.alshammari6804@example.com,Makkah,B018,2023-02-11,Platinum,1
C06805,Hind Alanazi,0599006805,hind.alanazi6805@example.com,Najran,B034,2025-05-16,Classic,1
C06806,Mohammed Alanazi,0599006806,mohammed.alanazi6806@example.com,Abha,B031,2025-12-29,Classic,1
C06807,Dana Alotaibi,0599006807,dana.alotaibi6807@example.com,Riyadh,B003,2026-01-26,Classic,1
C06808,Ziyad Almutairi,0599006808,ziyad.almutairi6808@example.com,Riyadh,B008,2021-03-19,Classic,0
C06809,Reem Almalki,0599006809,reem.almalki6809@example.com,Abha,B035,2026-04-21,Classic,1
C06810,Hessa Alkhaldi,0599006810,hessa.alkhaldi6810@example.com,Jeddah,B013,2024-10-13,Classic,1
C06811,Lulwa Alsaeed,0599006811,lulwa.alsaeed6811@example.com,Riyadh,B007,2024-10-30,Gold,0
C06812,Bandar Alqahtani,0599006812,bandar.alqahtani6812@example.com,Dhahran,B025,2026-04-05,Platinum,1
C06813,Sara Alkhaldi,0599006813,sara.alkhaldi6813@example.com,Abha,B035,2025-01-09,Classic,1
C06814,Lama Alotaibi,0599006814,lama.alotaibi6814@example.com,Riyadh,B012,2025-02-10,Classic,1
C06815,Omar Aldossary,0599006815,omar.aldossary6815@example.com,Riyadh,B004,2021-07-21,Classic,1
C06816,Mona Alamri,0599006816,mona.alamri6816@example.com,Jeddah,B013,2024-04-05,Classic,1
C06817,Saud Alenezi,0599006817,saud.alenezi6817@example.com,Dammam,B023,2023-05-21,Classic,1
C06818,Hind Almutairi,0599006818,hind.almutairi6818@example.com,Abha,B031,2021-10-29,Gold,1
C06819,Lulwa Alfaraj,0599006819,lulwa.alfaraj6819@example.com,Riyadh,B007,2025-08-17,Classic,1
C06820,Rakan Almalki,0599006820,rakan.almalki6820@example.com,Jeddah,B013,2023-08-05,Silver,0
C06821,Ali Alghamdi,0599006821,ali.alghamdi6821@example.com,Jeddah,B016,2025-07-31,Classic,1
C06822,Maha Alsubaie,0599006822,maha.alsubaie6822@example.com,Riyadh,B006,2021-07-28,Classic,1
C06823,Ghada Alshammari,0599006823,ghada.alshammari6823@example.com,Riyadh,B003,2026-04-11,Classic,0
C06824,Ali Albalawi,0599006824,ali.albalawi6824@example.com,Riyadh,B001,2022-05-05,Classic,1
C06825,Yousef Alamri,0599006825,yousef.alamri6825@example.com,Riyadh,B008,2025-08-01,Classic,
C06826,Jawaher Alshammari,0599006826,jawaher.alshammari6826@example.com,Riyadh,B004,2024-11-15,Gold,1
C06827,Faisal Alqahtani,0599006827,faisal.alqahtani6827@example.com,Jeddah,B013,2025-11-15,Platinum,1
C06828,Rawan Alenezi,0599006828,rawan.alenezi6828@example.com,Jeddah,B017,2024-07-25,Classic,1
C06829,Noura Alsaeed,0599006829,noura.alsaeed6829@example.com,Jubail,B027,2022-01-15,Classic,1
C06830,Turki Alamri,0599006830,turki.alamri6830@example.com,Dammam,B023,2023-02-09,Classic,1
C06831,Dana Alzahrani,0599006831,dana.alzahrani6831@example.com,Riyadh,B001,2021-08-29,Classic,
C06832,Yousef Aldawsari,0599006832,yousef.aldawsari6832@example.com,Riyadh,B012,2021-06-27,Platinum,0
C06833,Mohammed Alghamdi,0599006833,mohammed.alghamdi6833@example.com,Riyadh,B008,2025-05-13,Silver,1
C06834,Majed Alsaeed,0599006834,majed.alsaeed6834@example.com,Riyadh,B012,2025-04-22,Classic,1
C06835,Amal Alsaeed,0599006835,amal.alsaeed6835@example.com,Madinah,B019,2025-12-15,Silver,1
C06836,Ahmed Alshehri,0599006836,ahmed.alshehri6836@example.com,Qassim,B010,2025-07-15,Classic,1
C06837,Sara Alghamdi,0599006837,sara.alghamdi6837@example.com,Khobar,B024,2024-01-22,Classic,1
C06838,Majed Alsubaie,0599006838,majed.alsubaie6838@example.com,Tabuk,B037,2025-04-16,Silver,1
C06839,Nasser Almutairi,0599006839,nasser.almutairi6839@example.com,Khamis Mushait,B032,2023-11-13,Classic,1
C06840,Reem Albalawi,0599006840,reem.albalawi6840@example.com,Al Ahsa,B026,2025-06-26,Gold,1
C06841,Bandar Alhajri,0599006841,bandar.alhajri6841@example.com,Riyadh,B006,2025-03-30,Classic,1
C06842,Jawaher Alotaibi,0599006842,jawaher.alotaibi6842@example.com,Riyadh,B008,2024-10-02,Classic,1
C06843,Maha Alqahtani,0599006843,maha.alqahtani6843@example.com,Qassim,B010,2026-05-10,Classic,0
C06844,Maha Alyami,0599006844,maha.alyami6844@example.com,Khobar,B029,2022-08-12,Silver,1
C06845,Rawan Alkhaldi,0599006845,rawan.alkhaldi6845@example.com,Riyadh,B009,2025-06-16,Classic,1
C06846,Omar Alsubaie,0599006846,omar.alsubaie6846@example.com,Abha,B035,2022-04-04,Classic,1
C06847,Atheer Aldawsari,0599006847,atheer.aldawsari6847@example.com,Najran,B034,2024-02-18,Classic,0
C06848,Lama Alhajri,0599006848,lama.alhajri6848@example.com,Khamis Mushait,B036,2025-01-19,Classic,1
C06849,Sultan Alghamdi,0599006849,sultan.alghamdi6849@example.com,Jeddah,B013,2021-08-16,Classic,1
C06850,Haya Alamri,0599006850,haya.alamri6850@example.com,Riyadh,B007,2025-12-02,Silver,1
C06851,Hessa Alhajri,0599006851,hessa.alhajri6851@example.com,Qassim,B010,2026-04-02,Silver,0
C06852,Yousef Alyami,0599006852,yousef.alyami6852@example.com,Riyadh,B005,2025-07-31,Classic,1
C06853,Saud Alsaeed,0599006853,saud.alsaeed6853@example.com,Jeddah,B013,2021-01-01,Gold,1
C06854,Mohammed Alsaeed,0599006854,mohammed.alsaeed6854@example.com,Najran,B034,2026-01-02,Platinum,0
C06855,Ali Almalki,0599006855,ali.almalki6855@example.com,Tabuk,B037,2021-12-22,Gold,
C06856,Majed Alanazi,0599006856,majed.alanazi6856@example.com,Dhahran,B025,2025-12-21,Silver,0
C06857,Ali Alamri,0599006857,ali.alamri6857@example.com,Dhahran,B025,2023-12-17,Classic,1
C06858,Ali Alkhaldi,0599006858,ali.alkhaldi6858@example.com,Riyadh,B012,2025-01-12,Gold,1
C06859,Turki Alzahrani,0599006859,turki.alzahrani6859@example.com,Jeddah,B014,2023-10-12,Classic,1
C06860,Ahmed Alshehri,0599006860,ahmed.alshehri6860@example.com,Jazan,B033,2024-10-17,Classic,1
C06861,Lama Alharbi,0599006861,lama.alharbi6861@example.com,Riyadh,B009,2023-04-25,Silver,1
C06862,Ahmed Alamri,0599006862,ahmed.alamri6862@example.com,Najran,B034,2025-07-26,Silver,1
C06863,Nasser Alyami,0599006863,nasser.alyami6863@example.com,Jeddah,B015,2025-05-10,Classic,1
C06864,Hessa Alghamdi,0599006864,hessa.alghamdi6864@example.com,Al Ahsa,B026,2025-10-02,Silver,
C06865,Rawan Alshammari,0599006865,rawan.alshammari6865@example.com,Riyadh,B012,2026-01-27,Silver,0
C06866,Rawan Alsubaie,0599006866,rawan.alsubaie6866@example.com,Riyadh,B001,2025-03-10,Silver,1
C06867,Rakan Alanazi,0599006867,rakan.alanazi6867@example.com,Jeddah,B017,2025-12-17,Classic,1
C06868,Dana Alrashidi,0599006868,dana.alrashidi6868@example.com,Taif,B020,2023-06-23,Classic,1
C06869,Majed Alanazi,0599006869,majed.alanazi6869@example.com,Al Kharj,B011,2023-07-27,Silver,0
C06870,Sultan Alenezi,0599006870,sultan.alenezi6870@example.com,Khobar,B029,2026-05-27,Silver,1
C06871,Haya Alanazi,0599006871,haya.alanazi6871@example.com,Taif,B020,2021-06-30,Classic,1
C06872,Ghada Aljohani,0599006872,ghada.aljohani6872@example.com,Khobar,B024,2023-02-22,Classic,1
C06873,Lulwa Aldawsari,0599006873,lulwa.aldawsari6873@example.com,Taif,B020,2022-04-21,Classic,1
C06874,Nasser Aldawsari,0599006874,nasser.aldawsari6874@example.com,Riyadh,B012,2021-04-04,Classic,
C06875,Ali Alkhaldi,0599006875,ali.alkhaldi6875@example.com,Jeddah,B021,2022-07-11,Classic,1
C06876,Bandar Alsaeed,0599006876,bandar.alsaeed6876@example.com,Taif,B020,2024-09-17,Classic,1
C06877,Bandar Aldawsari,0599006877,bandar.aldawsari6877@example.com,Riyadh,B004,2025-03-15,Silver,1
C06878,Mona Almalki,0599006878,mona.almalki6878@example.com,Dhahran,B025,2023-09-08,Classic,1
C06879,Yousef Alshehri,0599006879,yousef.alshehri6879@example.com,Jeddah,B013,2021-05-10,Classic,0
C06880,Hessa Aljohani,0599006880,hessa.aljohani6880@example.com,Jubail,B027,2023-10-16,Classic,1
C06881,Ghada Alamri,0599006881,ghada.alamri6881@example.com,Jeddah,B021,2024-03-08,Classic,1
C06882,Rawan Alotaibi,0599006882,rawan.alotaibi6882@example.com,Jeddah,B013,2025-07-06,Gold,0
C06883,Mona Alhajri,0599006883,mona.alhajri6883@example.com,Tabuk,B040,2023-09-11,Classic,1
C06884,Mona Almalki,0599006884,mona.almalki6884@example.com,Taif,B020,2024-09-30,Silver,1
C06885,Haya Alshammari,0599006885,haya.alshammari6885@example.com,Tabuk,B037,2026-01-29,Silver,1
C06886,Fahad Almutairi,0599006886,fahad.almutairi6886@example.com,Riyadh,B005,2023-06-21,Classic,
C06887,Lama Alenezi,0599006887,lama.alenezi6887@example.com,Dammam,B028,2026-01-20,Silver,1
C06888,Atheer Alharbi,0599006888,atheer.alharbi6888@example.com,Riyadh,B003,2021-10-07,Platinum,0
C06889,Atheer Alqahtani,0599006889,atheer.alqahtani6889@example.com,Riyadh,B004,2022-11-27,Platinum,1
C06890,Shahad Alsaeed,0599006890,shahad.alsaeed6890@example.com,Riyadh,B012,2023-10-20,Gold,1
C06891,Lulwa Alanazi,0599006891,lulwa.alanazi6891@example.com,Al Kharj,B011,2025-01-26,Silver,1
C06892,Nasser Alsubaie,0599006892,nasser.alsubaie6892@example.com,Tabuk,B037,2024-06-09,Silver,0
C06893,Ghada Alhajri,0599006893,ghada.alhajri6893@example.com,Khobar,B024,2024-08-04,Silver,0
C06894,Atheer Alqahtani,0599006894,atheer.alqahtani6894@example.com,Abha,B035,2021-04-23,Classic,0
C06895,Ali Aljohani,0599006895,ali.aljohani6895@example.com,Jeddah,B016,2026-01-08,Classic,1
C06896,Hessa Alrashidi,0599006896,hessa.alrashidi6896@example.com,Riyadh,B007,2021-05-23,Classic,1
C06897,Maha Aljohani,0599006897,maha.aljohani6897@example.com,Jeddah,B017,2024-09-06,Classic,0
C06898,Shahad Almutairi,0599006898,shahad.almutairi6898@example.com,Jubail,B027,2022-04-15,Platinum,1
C06899,Fahad Alharbi,0599006899,fahad.alharbi6899@example.com,Riyadh,B007,2026-02-23,Silver,0
C06900,Ghada Alamri,0599006900,ghada.alamri6900@example.com,Riyadh,B012,2026-03-13,Silver,1
C06901,Hind Alamri,0599006901,hind.alamri6901@example.com,Riyadh,B012,2023-09-19,Classic,1
C06902,Rawan Alnaimi,0599006902,rawan.alnaimi6902@example.com,Dammam,B023,2024-11-12,Silver,1
C06903,Sultan Albalawi,0599006903,sultan.albalawi6903@example.com,Jubail,B027,2024-02-28,Silver,0
C06904,Abdullah Alsaeed,0599006904,abdullah.alsaeed6904@example.com,Riyadh,B001,2024-12-13,Silver,1
C06905,Haya Alkhaldi,0599006905,haya.alkhaldi6905@example.com,Riyadh,B007,2026-04-06,Platinum,1
C06906,Amal Alzahrani,0599006906,amal.alzahrani6906@example.com,Khamis Mushait,B036,2021-05-04,Classic,1
C06907,Fahad Alshehri,0599006907,fahad.alshehri6907@example.com,Jazan,B033,2023-07-03,Silver,1
C06908,Lulwa Alzahrani,0599006908,lulwa.alzahrani6908@example.com,Jeddah,B013,2023-01-01,Classic,1
C06909,Ghada Alyami,0599006909,ghada.alyami6909@example.com,Riyadh,B006,2021-01-26,Classic,1
C06910,Rakan Almutairi,0599006910,rakan.almutairi6910@example.com,Khamis Mushait,B036,2021-10-31,Platinum,
C06911,Ahmed Almutairi,0599006911,ahmed.almutairi6911@example.com,Riyadh,B002,2026-05-10,Classic,1
C06912,Lama Almalki,0599006912,lama.almalki6912@example.com,Jeddah,B022,2023-07-23,Classic,0
C06913,Omar Alghamdi,0599006913,omar.alghamdi6913@example.com,Dhahran,B025,2021-03-22,Classic,1
C06914,Dana Alamri,0599006914,dana.alamri6914@example.com,Riyadh,B009,2023-09-22,Classic,1
C06915,Bandar Alrashidi,0599006915,bandar.alrashidi6915@example.com,Riyadh,B009,2021-08-01,Silver,1
C06916,Ali Albalawi,0599006916,ali.albalawi6916@example.com,Riyadh,B005,2021-05-28,Classic,1
C06917,Ahmed Alfaraj,0599006917,ahmed.alfaraj6917@example.com,Jeddah,B015,2022-08-14,Classic,0
C06918,Mona Almutairi,0599006918,mona.almutairi6918@example.com,Madinah,B019,2026-04-05,Classic,1
C06919,Bandar Alfaraj,0599006919,bandar.alfaraj6919@example.com,Khamis Mushait,B036,2025-02-04,Classic,1
C06920,Saud Almalki,0599006920,saud.almalki6920@example.com,Jeddah,B015,2022-05-25,Classic,1
C06921,Majed Aljohani,0599006921,majed.aljohani6921@example.com,Jeddah,B022,2024-05-15,Classic,0
C06922,Atheer Alfaraj,0599006922,atheer.alfaraj6922@example.com,Jeddah,B014,2024-03-09,Classic,1
C06923,Turki Alkhaldi,0599006923,turki.alkhaldi6923@example.com,Riyadh,B009,2023-04-29,Silver,1
C06924,Dana Alamri,0599006924,dana.alamri6924@example.com,Abha,B031,2021-09-09,Classic,0
C06925,Reem Alanazi,0599006925,reem.alanazi6925@example.com,Riyadh,B009,2022-09-26,Gold,1
C06926,Shahad Almalki,0599006926,shahad.almalki6926@example.com,Riyadh,B006,2022-07-07,Classic,1
C06927,Fahad Alzahrani,0599006927,fahad.alzahrani6927@example.com,Riyadh,B012,2023-02-04,Silver,0
C06928,Amal Almutairi,0599006928,amal.almutairi6928@example.com,Hail,B038,2024-05-24,Classic,1
C06929,Mohammed Albalawi,0599006929,mohammed.albalawi6929@example.com,Jeddah,B021,2021-09-15,Classic,1
C06930,Mohammed Alrashidi,0599006930,mohammed.alrashidi6930@example.com,Riyadh,B006,2025-07-27,Classic,0
C06931,Majed Alshehri,0599006931,majed.alshehri6931@example.com,Riyadh,B006,2026-01-24,Classic,1
C06932,Rakan Alamri,0599006932,rakan.alamri6932@example.com,Hail,B038,2021-12-16,Classic,1
C06933,Noura Alsubaie,0599006933,noura.alsubaie6933@example.com,Khamis Mushait,B032,2025-09-10,Gold,1
C06934,Noura Alfaraj,0599006934,noura.alfaraj6934@example.com,Riyadh,B003,2026-03-13,Classic,1
C06935,Reem Alamri,0599006935,reem.alamri6935@example.com,Riyadh,B005,2026-02-28,Classic,0
C06936,Dana Alfaraj,0599006936,dana.alfaraj6936@example.com,Riyadh,B012,2022-03-26,Classic,0
C06937,Faisal Alzahrani,0599006937,faisal.alzahrani6937@example.com,Riyadh,B012,2023-08-19,Silver,0
C06938,Rawan Alfaraj,0599006938,rawan.alfaraj6938@example.com,Khamis Mushait,B036,2024-04-21,Classic,1
C06939,Amal Alrashidi,0599006939,amal.alrashidi6939@example.com,Dhahran,B030,2021-10-14,Silver,1
C06940,Turki Alamri,0599006940,turki.alamri6940@example.com,Al Ahsa,B026,2025-04-21,Gold,0
C06941,Yousef Albalawi,0599006941,yousef.albalawi6941@example.com,Jazan,B033,2021-09-22,Classic,1
C06942,Hessa Alrashidi,0599006942,hessa.alrashidi6942@example.com,Riyadh,B005,2025-10-01,Silver,1
C06943,Majed Almutairi,0599006943,majed.almutairi6943@example.com,Riyadh,B009,2023-01-06,Gold,1
C06944,Nasser Aljohani,0599006944,nasser.aljohani6944@example.com,Riyadh,B012,2022-02-26,Classic,1
C06945,Turki Alamri,0599006945,turki.alamri6945@example.com,Dammam,B028,2025-04-24,Classic,1
C06946,Shahad Alanazi,0599006946,shahad.alanazi6946@example.com,Riyadh,B008,2023-03-22,Classic,1
C06947,Rakan Alhajri,0599006947,rakan.alhajri6947@example.com,Jeddah,B021,2023-12-12,Gold,1
C06948,Khalid Alsubaie,0599006948,khalid.alsubaie6948@example.com,Jeddah,B014,2022-01-08,Classic,1
C06949,Noura Alnaimi,0599006949,noura.alnaimi6949@example.com,Jeddah,B017,2024-04-18,Platinum,1
C06950,Hind Alshehri,0599006950,hind.alshehri6950@example.com,Riyadh,B002,2023-05-27,Gold,0
C06951,Amal Alotaibi,0599006951,amal.alotaibi6951@example.com,Jazan,B033,2025-07-01,Silver,1
C06952,Mona Aljohani,0599006952,mona.aljohani6952@example.com,Jeddah,B022,2025-06-30,Silver,1
C06953,Faisal Almutairi,0599006953,faisal.almutairi6953@example.com,Al Ahsa,B026,2021-11-23,Classic,0
C06954,Maha Alzahrani,0599006954,maha.alzahrani6954@example.com,Dammam,B023,2024-02-25,Gold,1
C06955,Jawaher Alghamdi,0599006955,jawaher.alghamdi6955@example.com,Jubail,B027,2021-08-15,Classic,1
C06956,Jawaher Aldawsari,0599006956,jawaher.aldawsari6956@example.com,Jeddah,B013,2023-09-03,Classic,0
C06957,Maha Alhajri,0599006957,maha.alhajri6957@example.com,Jeddah,B014,2025-08-29,Classic,1
C06958,Noura Alkhaldi,0599006958,noura.alkhaldi6958@example.com,Jeddah,B022,2022-07-29,Classic,1
C06959,Abdullah Alsaeed,0599006959,abdullah.alsaeed6959@example.com,Riyadh,B006,2021-03-11,Classic,1
C06960,Majed Almalki,0599006960,majed.almalki6960@example.com,Khamis Mushait,B036,2024-10-10,Silver,1
C06961,Fahad Alotaibi,0599006961,fahad.alotaibi6961@example.com,Khamis Mushait,B036,2021-03-29,Platinum,0
C06962,Lulwa Alkhaldi,0599006962,lulwa.alkhaldi6962@example.com,Riyadh,B012,2022-06-23,Classic,0
C06963,Sara Albalawi,0599006963,sara.albalawi6963@example.com,Riyadh,B009,2025-10-25,Silver,0
C06964,Reem Alenezi,0599006964,reem.alenezi6964@example.com,Abha,B031,2026-01-31,Classic,0
C06965,Ahmed Alhajri,0599006965,ahmed.alhajri6965@example.com,Riyadh,B008,2025-12-13,Classic,0
C06966,Ali Alyami,0599006966,ali.alyami6966@example.com,Madinah,B019,2025-05-01,Silver,0
C06967,Dana Alfaraj,0599006967,dana.alfaraj6967@example.com,Jeddah,B013,2025-09-13,Gold,0
C06968,Hind Aldawsari,0599006968,hind.aldawsari6968@example.com,Riyadh,B001,2022-04-16,Classic,1
C06969,Lulwa Alsubaie,0599006969,lulwa.alsubaie6969@example.com,Abha,B031,2023-11-18,Classic,1
C06970,Rakan Albalawi,0599006970,rakan.albalawi6970@example.com,Riyadh,B004,2021-07-16,Classic,1
C06971,Ziyad Alfaraj,0599006971,ziyad.alfaraj6971@example.com,Jeddah,B017,2023-03-04,Classic,1
C06972,Haya Aldawsari,0599006972,haya.aldawsari6972@example.com,Riyadh,B003,2025-11-29,Classic,0
C06973,Atheer Alfaraj,0599006973,atheer.alfaraj6973@example.com,Madinah,B019,2025-02-28,Silver,0
C06974,Turki Alshehri,0599006974,turki.alshehri6974@example.com,Al Ahsa,B026,2026-01-11,Gold,1
C06975,Haya Alshammari,0599006975,haya.alshammari6975@example.com,Taif,B020,2026-02-13,Classic,1
C06976,Lulwa Aldawsari,0599006976,lulwa.aldawsari6976@example.com,Abha,B035,2024-02-11,Silver,1
C06977,Yousef Albalawi,0599006977,yousef.albalawi6977@example.com,Qassim,B010,2024-09-15,Classic,1
C06978,Atheer Aldawsari,0599006978,atheer.aldawsari6978@example.com,Dhahran,B030,2023-01-10,Platinum,1
C06979,Ali Alamri,0599006979,ali.alamri6979@example.com,Jubail,B027,2021-07-06,Classic,1
C06980,Amal Almutairi,0599006980,amal.almutairi6980@example.com,Riyadh,B008,2025-07-23,Silver,1
C06981,Ahmed Alamri,0599006981,ahmed.alamri6981@example.com,Riyadh,B003,2022-04-29,Silver,1
C06982,Fahad Alharbi,0599006982,fahad.alharbi6982@example.com,Khobar,B029,2026-05-29,Platinum,1
C06983,Dana Alnaimi,0599006983,dana.alnaimi6983@example.com,Riyadh,B012,2025-07-21,Gold,0
C06984,Jawaher Aljohani,0599006984,jawaher.aljohani6984@example.com,Najran,B034,2025-12-16,Classic,1
C06985,Ahmed Aldawsari,0599006985,ahmed.aldawsari6985@example.com,Abha,B035,2022-10-28,Silver,1
C06986,Rakan Alkhaldi,0599006986,rakan.alkhaldi6986@example.com,Riyadh,B002,2022-03-06,Silver,1
C06987,Bandar Alnaimi,0599006987,bandar.alnaimi6987@example.com,Khobar,B029,2022-05-10,Classic,1
C06988,Lulwa Aldawsari,0599006988,lulwa.aldawsari6988@example.com,Dhahran,B025,2024-01-28,Classic,1
C06989,Omar Alqahtani,0599006989,omar.alqahtani6989@example.com,Jeddah,B017,2026-01-01,Classic,1
C06990,Fahad Alhajri,0599006990,fahad.alhajri6990@example.com,Al Jouf,B039,2023-12-09,Gold,1
C06991,Sultan Alqahtani,0599006991,sultan.alqahtani6991@example.com,Riyadh,B004,2024-03-28,Classic,1
C06992,Omar Alharbi,0599006992,omar.alharbi6992@example.com,Jeddah,B022,2023-07-15,Gold,1
C06993,Mohammed Alshammari,0599006993,mohammed.alshammari6993@example.com,Al Jouf,B039,2025-03-18,Classic,1
C06994,Yousef Alnaimi,0599006994,yousef.alnaimi6994@example.com,Riyadh,B009,2025-12-18,Classic,1
C06995,Fahad Alshammari,0599006995,fahad.alshammari6995@example.com,Khobar,B029,2026-04-14,Gold,1
C06996,Yousef Alsaeed,0599006996,yousef.alsaeed6996@example.com,Jeddah,B014,2023-06-14,Classic,1
C06997,Bandar Alamri,0599006997,bandar.alamri6997@example.com,Riyadh,B005,2021-04-11,Platinum,0
C06998,Ali Almutairi,0599006998,ali.almutairi6998@example.com,Jeddah,B022,2025-11-30,Silver,1
C06999,Maha Albalawi,0599006999,maha.albalawi6999@example.com,Riyadh,B012,2026-02-01,Classic,0
C07000,Noura Aldossary,0599007000,noura.aldossary7000@example.com,Jeddah,B014,2022-04-29,Classic,1
C07001,Ziyad Alshehri,0599007001,ziyad.alshehri7001@example.com,Hail,B038,2024-03-15,Classic,1
C07002,Maha Almalki,0599007002,maha.almalki7002@example.com,Jeddah,B016,2024-01-12,Silver,1
C07003,Saud Alrashidi,0599007003,saud.alrashidi7003@example.com,Jubail,B027,2024-03-19,Silver,0
C07004,Majed Alkhaldi,0599007004,majed.alkhaldi7004@example.com,Al Kharj,B011,2025-10-26,Classic,1
C07005,Majed Alamri,0599007005,majed.alamri7005@example.com,Qassim,B010,2021-12-04,Silver,1
C07006,Dana Alhajri,0599007006,dana.alhajri7006@example.com,Riyadh,B007,2021-01-25,Silver,1
C07007,Ziyad Aljohani,0599007007,ziyad.aljohani7007@example.com,Riyadh,B003,2024-12-14,Classic,
C07008,Saud Alanazi,0599007008,saud.alanazi7008@example.com,Dammam,B028,2025-07-07,Silver,1
C07009,Sultan Alkhaldi,0599007009,sultan.alkhaldi7009@example.com,Khobar,B024,2022-07-21,Gold,1
C07010,Dana Aldossary,0599007010,dana.aldossary7010@example.com,Riyadh,B007,2026-03-15,Platinum,1
C07011,Mohammed Alshehri,0599007011,mohammed.alshehri7011@example.com,Riyadh,B006,2021-05-27,Gold,1
C07012,Fahad Alsubaie,0599007012,fahad.alsubaie7012@example.com,Al Kharj,B011,2021-07-06,Classic,1
C07013,Ziyad Alkhaldi,0599007013,ziyad.alkhaldi7013@example.com,Al Jouf,B039,2022-04-01,Classic,1
C07014,Hessa Alanazi,0599007014,hessa.alanazi7014@example.com,Abha,B031,2021-04-13,Platinum,
C07015,Faisal Alsubaie,0599007015,faisal.alsubaie7015@example.com,Riyadh,B002,2022-04-08,Classic,1
C07016,Hind Alhajri,0599007016,hind.alhajri7016@example.com,Riyadh,B006,2026-02-05,Classic,0
C07017,Hessa Aljohani,0599007017,hessa.aljohani7017@example.com,Riyadh,B006,2026-02-13,Classic,0
C07018,Faisal Alamri,0599007018,faisal.alamri7018@example.com,Al Kharj,B011,2025-08-10,Classic,1
C07019,Shahad Alyami,0599007019,shahad.alyami7019@example.com,Jubail,B027,2025-07-03,Classic,1
C07020,Rakan Aljohani,0599007020,rakan.aljohani7020@example.com,Riyadh,B006,2023-12-04,Classic,0
C07021,Amal Aldossary,0599007021,amal.aldossary7021@example.com,Khobar,B029,2025-09-26,Classic,1
C07022,Shahad Albalawi,0599007022,shahad.albalawi7022@example.com,Dammam,B023,2024-04-17,Classic,0
C07023,Nasser Alnaimi,0599007023,nasser.alnaimi7023@example.com,Riyadh,B008,2021-08-23,Classic,1
C07024,Abdullah Alenezi,0599007024,abdullah.alenezi7024@example.com,Najran,B034,2025-11-28,Silver,1
C07025,Abdullah Alanazi,0599007025,abdullah.alanazi7025@example.com,Riyadh,B006,2023-06-18,Silver,0
C07026,Lama Albalawi,0599007026,lama.albalawi7026@example.com,Riyadh,B009,2024-04-10,Classic,1
C07027,Rawan Alnaimi,0599007027,rawan.alnaimi7027@example.com,Qassim,B010,2023-04-16,Gold,1
C07028,Khalid Albalawi,0599007028,khalid.albalawi7028@example.com,Khamis Mushait,B032,2024-10-26,Classic,1
C07029,Rawan Alzahrani,0599007029,rawan.alzahrani7029@example.com,Dhahran,B025,2024-04-28,Gold,1
C07030,Maha Alsaeed,0599007030,maha.alsaeed7030@example.com,Hail,B038,2022-07-16,Classic,0
C07031,Lama Alzahrani,0599007031,lama.alzahrani7031@example.com,Taif,B020,2022-05-25,Silver,1
C07032,Saud Alqahtani,0599007032,saud.alqahtani7032@example.com,Khobar,B029,2026-02-13,Classic,1
C07033,Sultan Albalawi,0599007033,sultan.albalawi7033@example.com,Riyadh,B002,2025-04-17,Gold,1
C07034,Atheer Alnaimi,0599007034,atheer.alnaimi7034@example.com,Riyadh,B008,2022-01-12,Silver,1
C07035,Shahad Alharbi,0599007035,shahad.alharbi7035@example.com,Riyadh,B007,2025-06-11,Classic,1
C07036,Dana Alsaeed,0599007036,dana.alsaeed7036@example.com,Taif,B020,2023-01-18,Classic,0
C07037,Hind Alzahrani,0599007037,hind.alzahrani7037@example.com,Tabuk,B040,2022-09-27,Classic,1
C07038,Hind Alyami,0599007038,hind.alyami7038@example.com,Jeddah,B014,2026-02-10,Classic,1
C07039,Abdullah Alenezi,0599007039,abdullah.alenezi7039@example.com,Abha,B031,2021-01-07,Classic,1
C07040,Lama Almutairi,0599007040,lama.almutairi7040@example.com,Abha,B035,2021-10-22,Classic,1
C07041,Maha Alkhaldi,0599007041,maha.alkhaldi7041@example.com,Abha,B035,2023-01-01,Classic,1
C07042,Lulwa Aldawsari,0599007042,lulwa.aldawsari7042@example.com,Jeddah,B017,2022-08-18,Classic,1
C07043,Amal Alrashidi,0599007043,amal.alrashidi7043@example.com,Jazan,B033,2025-10-17,Classic,1
C07044,Faisal Alghamdi,0599007044,faisal.alghamdi7044@example.com,Riyadh,B008,2024-06-04,Classic,1
C07045,Sultan Alenezi,0599007045,sultan.alenezi7045@example.com,Taif,B020,2026-03-02,Classic,0
C07046,Rawan Alshehri,0599007046,rawan.alshehri7046@example.com,Taif,B020,2023-10-04,Platinum,0
C07047,Khalid Alyami,0599007047,khalid.alyami7047@example.com,Jeddah,B013,2026-04-27,Classic,1
C07048,Faisal Alanazi,0599007048,faisal.alanazi7048@example.com,Al Kharj,B011,2023-04-14,Silver,1
C07049,Noura Almalki,0599007049,noura.almalki7049@example.com,Riyadh,B009,2024-08-08,Classic,1
C07050,Dana Alyami,0599007050,dana.alyami7050@example.com,Jeddah,B017,2023-07-23,Classic,0
C07051,Mohammed Alsubaie,0599007051,mohammed.alsubaie7051@example.com,Riyadh,B006,2024-09-17,Gold,1
C07052,Sara Alrashidi,0599007052,sara.alrashidi7052@example.com,Riyadh,B002,2021-01-09,Classic,1
C07053,Rakan Aldossary,0599007053,rakan.aldossary7053@example.com,Dhahran,B030,2024-12-30,Silver,1
C07054,Reem Alenezi,0599007054,reem.alenezi7054@example.com,Al Jouf,B039,2021-06-23,Classic,1
C07055,Haya Alshammari,0599007055,haya.alshammari7055@example.com,Khobar,B024,2025-01-08,Classic,1
C07056,Hessa Almutairi,0599007056,hessa.almutairi7056@example.com,Riyadh,B008,2025-05-04,Classic,1
C07057,Fahad Alghamdi,0599007057,fahad.alghamdi7057@example.com,Riyadh,B002,2022-11-19,Gold,0
C07058,Turki Alotaibi,0599007058,turki.alotaibi7058@example.com,Khobar,B024,2022-09-02,Silver,
C07059,Mohammed Alzahrani,0599007059,mohammed.alzahrani7059@example.com,Makkah,B018,2021-09-25,Gold,1
C07060,Omar Almalki,0599007060,omar.almalki7060@example.com,Jeddah,B015,2025-09-23,Classic,0
C07061,Majed Alfaraj,0599007061,majed.alfaraj7061@example.com,Al Kharj,B011,2026-04-11,Gold,1
C07062,Hind Albalawi,0599007062,hind.albalawi7062@example.com,Dhahran,B025,2023-03-22,Classic,0
C07063,Hessa Alghamdi,0599007063,hessa.alghamdi7063@example.com,Madinah,B019,2021-12-28,Classic,1
C07064,Maha Albalawi,0599007064,maha.albalawi7064@example.com,Dammam,B023,2022-09-09,Classic,1
C07065,Dana Almutairi,0599007065,dana.almutairi7065@example.com,Madinah,B019,2022-05-17,Gold,0
C07066,Ahmed Alhajri,0599007066,ahmed.alhajri7066@example.com,Riyadh,B007,2022-06-28,Gold,1
C07067,Lama Alamri,0599007067,lama.alamri7067@example.com,Jeddah,B013,2021-02-23,Classic,1
C07068,Ziyad Alotaibi,0599007068,ziyad.alotaibi7068@example.com,Khamis Mushait,B036,2025-11-13,Classic,1
C07069,Jawaher Alshammari,0599007069,jawaher.alshammari7069@example.com,Riyadh,B001,2021-02-21,Silver,1
C07070,Faisal Alyami,0599007070,faisal.alyami7070@example.com,Riyadh,B012,2025-12-13,Classic,0
C07071,Ahmed Alrashidi,0599007071,ahmed.alrashidi7071@example.com,Abha,B031,2025-07-16,Classic,1
C07072,Ziyad Aldossary,0599007072,ziyad.aldossary7072@example.com,Al Kharj,B011,2025-04-06,Silver,1
C07073,Omar Aldawsari,0599007073,omar.aldawsari7073@example.com,Riyadh,B001,2025-11-10,Silver,1
C07074,Faisal Alrashidi,0599007074,faisal.alrashidi7074@example.com,Khamis Mushait,B036,2023-01-28,Classic,1
C07075,Khalid Albalawi,0599007075,khalid.albalawi7075@example.com,Khamis Mushait,B032,2026-01-04,Classic,1
C07076,Maha Alsaeed,0599007076,maha.alsaeed7076@example.com,Riyadh,B005,2025-12-08,Silver,1
C07077,Ahmed Alzahrani,0599007077,ahmed.alzahrani7077@example.com,Riyadh,B007,2025-06-16,Classic,1
C07078,Lulwa Alhajri,0599007078,lulwa.alhajri7078@example.com,Dammam,B023,2025-10-29,Silver,1
C07079,Fahad Alzahrani,0599007079,fahad.alzahrani7079@example.com,Riyadh,B001,2025-05-16,Gold,1
C07080,Atheer Alenezi,0599007080,atheer.alenezi7080@example.com,Abha,B035,2023-02-20,Classic,1
C07081,Sara Alkhaldi,0599007081,sara.alkhaldi7081@example.com,Hail,B038,2026-01-07,Classic,1
C07082,Saud Alenezi,0599007082,saud.alenezi7082@example.com,Riyadh,B008,2022-02-21,Classic,1
C07083,Ahmed Almutairi,0599007083,ahmed.almutairi7083@example.com,Jeddah,B021,2026-01-16,Gold,1
C07084,Rawan Alsubaie,0599007084,rawan.alsubaie7084@example.com,Najran,B034,2021-10-28,Gold,0
C07085,Amal Alshammari,0599007085,amal.alshammari7085@example.com,Tabuk,B040,2025-08-24,Silver,1
C07086,Majed Alnaimi,0599007086,majed.alnaimi7086@example.com,Makkah,B018,2023-07-24,Classic,1
C07087,Rawan Alshehri,0599007087,rawan.alshehri7087@example.com,Dhahran,B025,2023-02-17,Classic,1
C07088,Reem Alotaibi,0599007088,reem.alotaibi7088@example.com,Abha,B035,2023-02-08,Classic,1
C07089,Ziyad Aldawsari,0599007089,ziyad.aldawsari7089@example.com,Jeddah,B013,2021-01-31,Classic,0
C07090,Ziyad Almalki,0599007090,ziyad.almalki7090@example.com,Riyadh,B003,2025-10-06,Classic,1
C07091,Ghada Alamri,0599007091,ghada.alamri7091@example.com,Dammam,B028,2025-11-18,Classic,1
C07092,Hessa Alamri,0599007092,hessa.alamri7092@example.com,Al Kharj,B011,2021-02-13,Classic,1
C07093,Lama Alnaimi,0599007093,lama.alnaimi7093@example.com,Tabuk,B040,2023-06-12,Classic,1
C07094,Saud Alotaibi,0599007094,saud.alotaibi7094@example.com,Abha,B035,2025-05-21,Classic,1
C07095,Khalid Albalawi,0599007095,khalid.albalawi7095@example.com,Riyadh,B006,2021-07-31,Silver,1
C07096,Mona Alyami,0599007096,mona.alyami7096@example.com,Jeddah,B022,2024-07-08,Classic,1
C07097,Rakan Alenezi,0599007097,rakan.alenezi7097@example.com,Jeddah,B013,2021-11-02,Silver,0
C07098,Ali Alghamdi,0599007098,ali.alghamdi7098@example.com,Dhahran,B030,2022-02-10,Silver,0
C07099,Ghada Alzahrani,0599007099,ghada.alzahrani7099@example.com,Makkah,B018,2022-11-26,Silver,1
C07100,Saud Alsaeed,0599007100,saud.alsaeed7100@example.com,Riyadh,B003,2021-04-17,Classic,0
C07101,Ahmed Alanazi,0599007101,ahmed.alanazi7101@example.com,Jeddah,B017,2025-11-01,Gold,1
C07102,Fahad Almalki,0599007102,fahad.almalki7102@example.com,Khamis Mushait,B032,2022-03-22,Classic,
C07103,Atheer Almutairi,0599007103,atheer.almutairi7103@example.com,Dhahran,B025,2024-01-23,Classic,1
C07104,Ahmed Alsaeed,0599007104,ahmed.alsaeed7104@example.com,Al Jouf,B039,2026-04-27,Classic,1
C07105,Bandar Alsubaie,0599007105,bandar.alsubaie7105@example.com,Najran,B034,2025-10-14,Classic,1
C07106,Sara Alkhaldi,0599007106,sara.alkhaldi7106@example.com,Al Kharj,B011,2025-11-21,Classic,1
C07107,Majed Alenezi,0599007107,majed.alenezi7107@example.com,Riyadh,B005,2024-04-10,Silver,1
C07108,Rakan Alnaimi,0599007108,rakan.alnaimi7108@example.com,Khobar,B024,2025-02-16,Classic,1
C07109,Majed Alrashidi,0599007109,majed.alrashidi7109@example.com,Al Kharj,B011,2023-08-16,Classic,1
C07110,Fahad Alrashidi,0599007110,fahad.alrashidi7110@example.com,Riyadh,B003,2026-01-21,Classic,0
C07111,Bandar Alzahrani,0599007111,bandar.alzahrani7111@example.com,Dhahran,B025,2025-07-23,Gold,1
C07112,Ghada Alsaeed,0599007112,ghada.alsaeed7112@example.com,Dammam,B028,2025-05-18,Silver,1
C07113,Ghada Alyami,0599007113,ghada.alyami7113@example.com,Tabuk,B037,2023-07-31,Gold,1
C07114,Ziyad Alnaimi,0599007114,ziyad.alnaimi7114@example.com,Dammam,B028,2022-04-05,Silver,1
C07115,Lama Almutairi,0599007115,lama.almutairi7115@example.com,Riyadh,B009,2025-09-20,Silver,1
C07116,Dana Alanazi,0599007116,dana.alanazi7116@example.com,Riyadh,B012,2025-10-19,Gold,0
C07117,Rawan Alsaeed,0599007117,rawan.alsaeed7117@example.com,Hail,B038,2023-03-28,Classic,0
C07118,Atheer Alshehri,0599007118,atheer.alshehri7118@example.com,Jeddah,B017,2025-04-05,Silver,1
C07119,Sultan Alfaraj,0599007119,sultan.alfaraj7119@example.com,Jeddah,B013,2025-06-12,Classic,1
C07120,Ali Alharbi,0599007120,ali.alharbi7120@example.com,Abha,B031,2022-03-10,Classic,1
C07121,Hind Alanazi,0599007121,hind.alanazi7121@example.com,Dammam,B023,2024-10-19,Classic,1
C07122,Dana Alamri,0599007122,dana.alamri7122@example.com,Jazan,B033,2025-05-24,Classic,1
C07123,Nasser Alhajri,0599007123,nasser.alhajri7123@example.com,Dammam,B023,2025-07-25,Classic,1
C07124,Ali Alharbi,0599007124,ali.alharbi7124@example.com,Najran,B034,2023-09-01,Gold,1
C07125,Majed Alqahtani,0599007125,majed.alqahtani7125@example.com,Hail,B038,2022-03-13,Platinum,1
C07126,Sultan Alharbi,0599007126,sultan.alharbi7126@example.com,Qassim,B010,2022-05-16,Classic,1
C07127,Lulwa Albalawi,0599007127,lulwa.albalawi7127@example.com,Khobar,B029,2023-04-03,Gold,1
C07128,Lulwa Alshammari,0599007128,lulwa.alshammari7128@example.com,Riyadh,B003,2024-12-19,Classic,1
C07129,Ahmed Alkhaldi,0599007129,ahmed.alkhaldi7129@example.com,Jeddah,B013,2021-08-20,Classic,1
C07130,Rawan Alhajri,0599007130,rawan.alhajri7130@example.com,Abha,B035,2024-08-22,Classic,1
C07131,Haya Alqahtani,0599007131,haya.alqahtani7131@example.com,Dammam,B028,2023-03-01,Classic,1
C07132,Amal Alzahrani,0599007132,amal.alzahrani7132@example.com,Jeddah,B016,2025-05-14,Classic,1
C07133,Lulwa Alsubaie,0599007133,lulwa.alsubaie7133@example.com,Jeddah,B015,2025-07-09,Gold,1
C07134,Majed Alhajri,0599007134,majed.alhajri7134@example.com,Abha,B031,2024-02-04,Silver,1
C07135,Sultan Alkhaldi,0599007135,sultan.alkhaldi7135@example.com,Riyadh,B002,2023-10-09,Classic,1
C07136,Rakan Alkhaldi,0599007136,rakan.alkhaldi7136@example.com,Makkah,B018,2022-01-27,Classic,1
C07137,Hind Almutairi,0599007137,hind.almutairi7137@example.com,Makkah,B018,2025-07-16,Classic,
C07138,Nasser Aljohani,0599007138,nasser.aljohani7138@example.com,Najran,B034,2022-08-15,Classic,1
C07139,Ahmed Alshehri,0599007139,ahmed.alshehri7139@example.com,Abha,B031,2024-11-04,Gold,0
C07140,Lulwa Alamri,0599007140,lulwa.alamri7140@example.com,Riyadh,B008,2025-03-19,Classic,0
C07141,Rakan Alkhaldi,0599007141,rakan.alkhaldi7141@example.com,Riyadh,B004,2026-03-08,Classic,1
C07142,Jawaher Albalawi,0599007142,jawaher.albalawi7142@example.com,Dhahran,B025,2023-08-24,Classic,1
C07143,Lulwa Alharbi,0599007143,lulwa.alharbi7143@example.com,Jeddah,B021,2021-04-24,Silver,1
C07144,Turki Almutairi,0599007144,turki.almutairi7144@example.com,Riyadh,B005,2022-12-05,Classic,0
C07145,Atheer Alenezi,0599007145,atheer.alenezi7145@example.com,Riyadh,B005,2025-09-30,Classic,1
C07146,Faisal Alyami,0599007146,faisal.alyami7146@example.com,Jeddah,B014,2021-11-24,Classic,1
C07147,Nasser Alsubaie,0599007147,nasser.alsubaie7147@example.com,Riyadh,B002,2025-06-23,Gold,1
C07148,Ali Aljohani,0599007148,ali.aljohani7148@example.com,Al Jouf,B039,2025-07-28,Classic,1
C07149,Saud Alzahrani,0599007149,saud.alzahrani7149@example.com,Tabuk,B037,2023-09-03,Classic,1
C07150,Rawan Alhajri,0599007150,rawan.alhajri7150@example.com,Khamis Mushait,B036,2022-09-05,Silver,1
C07151,Mohammed Alenezi,0599007151,mohammed.alenezi7151@example.com,Khobar,B029,2026-04-11,Classic,1
C07152,Omar Alshammari,0599007152,omar.alshammari7152@example.com,Riyadh,B003,2026-04-23,Classic,1
C07153,Ahmed Alotaibi,0599007153,ahmed.alotaibi7153@example.com,Jubail,B027,2026-01-24,Platinum,1
C07154,Turki Alrashidi,0599007154,turki.alrashidi7154@example.com,Jeddah,B013,2021-11-21,Silver,1
C07155,Yousef Alkhaldi,0599007155,yousef.alkhaldi7155@example.com,Jeddah,B014,2026-02-24,Classic,1
C07156,Saud Almutairi,0599007156,saud.almutairi7156@example.com,Jeddah,B014,2023-02-16,Classic,1
C07157,Ziyad Aldossary,0599007157,ziyad.aldossary7157@example.com,Jubail,B027,2025-01-07,Classic,1
C07158,Ziyad Alkhaldi,0599007158,ziyad.alkhaldi7158@example.com,Riyadh,B008,2025-11-15,Classic,1
C07159,Dana Almutairi,0599007159,dana.almutairi7159@example.com,Riyadh,B007,2023-10-11,Classic,0
C07160,Ahmed Alqahtani,0599007160,ahmed.alqahtani7160@example.com,Jeddah,B022,2023-10-27,Classic,1
C07161,Reem Alyami,0599007161,reem.alyami7161@example.com,Madinah,B019,2025-07-08,Classic,1
C07162,Majed Alanazi,0599007162,majed.alanazi7162@example.com,Jeddah,B016,2026-05-13,Silver,1
C07163,Yousef Alnaimi,0599007163,yousef.alnaimi7163@example.com,Jazan,B033,2026-05-19,Platinum,0
C07164,Dana Aldawsari,0599007164,dana.aldawsari7164@example.com,Riyadh,B006,2024-09-02,Platinum,1
C07165,Ahmed Almalki,0599007165,ahmed.almalki7165@example.com,Riyadh,B008,2023-12-04,Silver,1
C07166,Reem Alshammari,0599007166,reem.alshammari7166@example.com,Riyadh,B007,2025-09-20,Classic,1
C07167,Atheer Aldawsari,0599007167,atheer.aldawsari7167@example.com,Khobar,B024,2024-01-25,Silver,0
C07168,Dana Alnaimi,0599007168,dana.alnaimi7168@example.com,Abha,B035,2025-08-05,Silver,1
C07169,Haya Almutairi,0599007169,haya.almutairi7169@example.com,Jeddah,B016,2025-12-21,Classic,0
C07170,Omar Alqahtani,0599007170,omar.alqahtani7170@example.com,Jeddah,B022,2021-09-21,Classic,1
C07171,Dana Alanazi,0599007171,dana.alanazi7171@example.com,Dhahran,B025,2024-07-03,Classic,1
C07172,Hind Almalki,0599007172,hind.almalki7172@example.com,Khobar,B029,2025-03-10,Classic,0
C07173,Rakan Alsaeed,0599007173,rakan.alsaeed7173@example.com,Najran,B034,2022-08-08,Platinum,1
C07174,Nasser Alrashidi,0599007174,nasser.alrashidi7174@example.com,Dhahran,B025,2025-07-10,Classic,0
C07175,Mona Aldossary,0599007175,mona.aldossary7175@example.com,Riyadh,B002,2024-06-20,Silver,1
C07176,Lama Alharbi,0599007176,lama.alharbi7176@example.com,Dammam,B028,2023-07-07,Gold,0
C07177,Ghada Alanazi,0599007177,ghada.alanazi7177@example.com,Abha,B035,2024-02-16,Classic,1
C07178,Hind Alsubaie,0599007178,hind.alsubaie7178@example.com,Makkah,B018,2024-07-19,Classic,0
C07179,Lama Alhajri,0599007179,lama.alhajri7179@example.com,Khamis Mushait,B036,2026-05-26,Silver,1
C07180,Mona Alfaraj,0599007180,mona.alfaraj7180@example.com,Jeddah,B017,2022-10-06,Classic,1
C07181,Nasser Alhajri,0599007181,nasser.alhajri7181@example.com,Makkah,B018,2024-05-17,Classic,1
C07182,Mona Alhajri,0599007182,mona.alhajri7182@example.com,Riyadh,B008,2026-02-06,Classic,1
C07183,Lama Alghamdi,0599007183,lama.alghamdi7183@example.com,Riyadh,B006,2024-06-22,Platinum,1
C07184,Saud Alsubaie,0599007184,saud.alsubaie7184@example.com,Jeddah,B014,2021-03-21,Classic,1
C07185,Jawaher Alhajri,0599007185,jawaher.alhajri7185@example.com,Tabuk,B040,2024-08-19,Classic,1
C07186,Hessa Aldossary,0599007186,hessa.aldossary7186@example.com,Jeddah,B014,2021-04-08,Classic,
C07187,Hind Alshehri,0599007187,hind.alshehri7187@example.com,Dhahran,B025,2026-02-21,Classic,1
C07188,Noura Alamri,0599007188,noura.alamri7188@example.com,Khobar,B029,2026-05-24,Classic,1
C07189,Dana Alharbi,0599007189,dana.alharbi7189@example.com,Riyadh,B012,2025-07-16,Silver,1
C07190,Majed Alhajri,0599007190,majed.alhajri7190@example.com,Khobar,B024,2021-03-31,Gold,0
C07191,Bandar Alshehri,0599007191,bandar.alshehri7191@example.com,Madinah,B019,2026-01-22,Silver,1
C07192,Ahmed Alyami,0599007192,ahmed.alyami7192@example.com,Abha,B035,2021-11-01,Classic,1
C07193,Yousef Alshehri,0599007193,yousef.alshehri7193@example.com,Abha,B035,2025-11-04,Classic,1
C07194,Omar Alsubaie,0599007194,omar.alsubaie7194@example.com,Dhahran,B030,2025-05-12,Classic,1
C07195,Ghada Alanazi,0599007195,ghada.alanazi7195@example.com,Taif,B020,2025-06-04,Classic,1
C07196,Atheer Alsubaie,0599007196,atheer.alsubaie7196@example.com,Hail,B038,2022-12-18,Gold,1
C07197,Rawan Alenezi,0599007197,rawan.alenezi7197@example.com,Riyadh,B005,2026-05-23,Classic,
C07198,Reem Aldawsari,0599007198,reem.aldawsari7198@example.com,Jeddah,B017,2023-05-22,Classic,1
C07199,Ziyad Alenezi,0599007199,ziyad.alenezi7199@example.com,Qassim,B010,2021-01-16,Silver,1
C07200,Majed Alamri,0599007200,majed.alamri7200@example.com,Al Ahsa,B026,2022-08-05,Silver,1
C07201,Fahad Almalki,0599007201,fahad.almalki7201@example.com,Khobar,B029,2021-12-20,Classic,1
C07202,Lama Almutairi,0599007202,lama.almutairi7202@example.com,Riyadh,B006,2023-01-30,Silver,1
C07203,Lama Alamri,0599007203,lama.alamri7203@example.com,Makkah,B018,2026-02-28,Silver,1
C07204,Dana Alhajri,0599007204,dana.alhajri7204@example.com,Tabuk,B037,2021-09-02,Silver,1
C07205,Turki Almutairi,0599007205,turki.almutairi7205@example.com,Jeddah,B016,2023-07-13,Classic,1
C07206,Nasser Alsubaie,0599007206,nasser.alsubaie7206@example.com,Qassim,B010,2025-06-20,Classic,1
C07207,Mona Almutairi,0599007207,mona.almutairi7207@example.com,Taif,B020,2021-09-17,Platinum,1
C07208,Yousef Alnaimi,0599007208,yousef.alnaimi7208@example.com,Jeddah,B016,2022-06-12,Classic,1
C07209,Fahad Alharbi,0599007209,fahad.alharbi7209@example.com,Jeddah,B013,2021-08-23,Platinum,1
C07210,Khalid Alhajri,0599007210,khalid.alhajri7210@example.com,Qassim,B010,2023-05-17,Silver,
C07211,Maha Alrashidi,0599007211,maha.alrashidi7211@example.com,Al Ahsa,B026,2022-05-08,Classic,1
C07212,Saud Alhajri,0512345,saud.alhajri7212@example.com,Qassim,B010,2022-06-05,Classic,1
C07213,Hessa Albalawi,0599007213,hessa.albalawi7213@example.com,Taif,B020,2025-12-04,Platinum,0
C07214,Saud Aljohani,0599007214,saud.aljohani7214@example.com,Riyadh,B009,2025-06-24,Gold,1
C07215,Ahmed Alharbi,0599007215,ahmed.alharbi7215@example.com,Riyadh,B003,2026-05-05,Silver,1
C07216,Reem Aldawsari,0599007216,reem.aldawsari7216@example.com,Riyadh,B009,2021-08-21,Silver,1
C07217,Amal Aljohani,0599007217,amal.aljohani7217@example.com,Najran,B034,2026-01-29,Gold,0
C07218,Maha Alanazi,0599007218,maha.alanazi7218@example.com,Dammam,B028,2021-07-10,Classic,0
C07219,Yousef Aljohani,0599007219,yousef.aljohani7219@example.com,Jeddah,B016,2024-09-07,Classic,1
C07220,Amal Aldossary,0599007220,amal.aldossary7220@example.com,Riyadh,B008,2021-12-16,Classic,1
C07221,Maha Alrashidi,0599007221,maha.alrashidi7221@example.com,Riyadh,B008,2021-10-18,Gold,1
C07222,Fahad Aldawsari,0599007222,fahad.aldawsari7222@example.com,Riyadh,B002,2023-08-25,Classic,1
C07223,Sara Alghamdi,0599007223,sara.alghamdi7223@example.com,Jeddah,B013,2026-04-10,Classic,1
C07224,Lulwa Alqahtani,0599007224,lulwa.alqahtani7224@example.com,Jeddah,B017,2023-04-30,Classic,1
C07225,Majed Alsaeed,0599007225,majed.alsaeed7225@example.com,Dhahran,B025,2022-07-22,Gold,1
C07226,Sultan Alhajri,0599007226,sultan.alhajri7226@example.com,Hail,B038,2023-01-25,Classic,
C07227,Majed Alshammari,0599007227,majed.alshammari7227@example.com,Dhahran,B025,2025-07-14,Classic,0
C07228,Noura Alshehri,0599007228,noura.alshehri7228@example.com,Riyadh,B004,2025-07-08,Classic,0
C07229,Haya Alghamdi,0599007229,haya.alghamdi7229@example.com,Dammam,B028,2024-07-16,Classic,1
C07230,Saud Alfaraj,0599007230,saud.alfaraj7230@example.com,Jeddah,B022,2025-09-28,Classic,1
C07231,Mohammed Almutairi,0599007231,mohammed.almutairi7231@example.com,Jeddah,B021,2025-05-10,Silver,0
C07232,Mona Alharbi,0599007232,mona.alharbi7232@example.com,Dammam,B028,2025-12-17,Classic,1
C07233,Turki Almutairi,0599007233,turki.almutairi7233@example.com,Khobar,B029,2025-08-20,Classic,1
C07234,Shahad Almutairi,0599007234,shahad.almutairi7234@example.com,Jeddah,B016,2022-05-30,Classic,
C07235,Omar Almutairi,0599007235,omar.almutairi7235@example.com,Jeddah,B016,2025-05-25,Classic,1
C07236,Sultan Alyami,0599007236,sultan.alyami7236@example.com,Khobar,B029,2024-03-02,Classic,0
C07237,Ghada Alzahrani,0599007237,ghada.alzahrani7237@example.com,Hail,B038,2022-12-09,Classic,1
C07238,Majed Aljohani,0599007238,majed.aljohani7238@example.com,Makkah,B018,2025-10-21,Gold,1
C07239,Dana Alkhaldi,0599007239,dana.alkhaldi7239@example.com,Jeddah,B013,2024-07-16,Silver,1
C07240,Maha Alzahrani,0599007240,maha.alzahrani7240@example.com,Riyadh,B008,2022-06-03,Classic,1
C07241,Noura Alghamdi,0599007241,noura.alghamdi7241@example.com,Al Ahsa,B026,2022-06-01,Classic,1
C07242,Hind Alsaeed,0599007242,hind.alsaeed7242@example.com,Madinah,B019,2022-01-03,Classic,1
C07243,Abdullah Aldossary,0599007243,abdullah.aldossary7243@example.com,Qassim,B010,2022-06-17,Classic,1
C07244,Khalid Alghamdi,0599007244,khalid.alghamdi7244@example.com,Makkah,B018,2024-04-10,Classic,
C07245,Shahad Alkhaldi,0599007245,shahad.alkhaldi7245@example.com,Khamis Mushait,B036,2025-01-22,Gold,1
C07246,Fahad Alnaimi,0599007246,fahad.alnaimi7246@example.com,Riyadh,B005,2023-06-24,Silver,0
C07247,Sultan Aldawsari,0599007247,sultan.aldawsari7247@example.com,Jubail,B027,2021-08-18,Classic,1
C07248,Hind Alzahrani,0599007248,hind.alzahrani7248@example.com,Riyadh,B008,2021-12-15,Classic,0
C07249,Rawan Alshehri,0599007249,rawan.alshehri7249@example.com,Jubail,B027,2021-11-29,Classic,1
C07250,Ali Aldawsari,0599007250,ali.aldawsari7250@example.com,Najran,B034,2021-10-21,Silver,1
C07251,Noura Alsaeed,0599007251,noura.alsaeed7251@example.com,Jeddah,B021,2022-03-13,Silver,0
C07252,Fahad Alzahrani,0599007252,fahad.alzahrani7252@example.com,Makkah,B018,2024-05-14,Classic,1
C07253,Reem Alkhaldi,0599007253,reem.alkhaldi7253@example.com,Madinah,B019,2025-01-25,Gold,1
C07254,Saud Almutairi,0599007254,saud.almutairi7254@example.com,Najran,B034,2023-02-24,Classic,1
C07255,Turki Albalawi,0599007255,turki.albalawi7255@example.com,Tabuk,B040,2026-06-03,Gold,1
C07256,Reem Alamri,0599007256,reem.alamri7256@example.com,Qassim,B010,2022-05-27,Silver,0
C07257,Atheer Alkhaldi,0599007257,atheer.alkhaldi7257@example.com,Abha,B031,2024-04-20,Classic,1
C07258,Lulwa Alfaraj,0599007258,lulwa.alfaraj7258@example.com,Riyadh,B007,2023-12-22,Gold,0
C07259,Fahad Almalki,0599007259,fahad.almalki7259@example.com,Khamis Mushait,B036,2021-07-01,Classic,0
C07260,Rawan Alsaeed,0599007260,rawan.alsaeed7260@example.com,Tabuk,B037,2021-02-02,Platinum,1
C07261,Lulwa Alsubaie,0599007261,lulwa.alsubaie7261@example.com,Al Kharj,B011,2022-03-20,Classic,1
C07262,Sara Alzahrani,0599007262,sara.alzahrani7262@example.com,Jubail,B027,2026-04-11,Classic,1
C07263,Amal Aldossary,0599007263,amal.aldossary7263@example.com,Riyadh,B012,2024-11-22,Classic,1
C07264,Jawaher Alsaeed,0599007264,jawaher.alsaeed7264@example.com,Dammam,B023,2025-11-29,Classic,0
C07265,Reem Alghamdi,0599007265,reem.alghamdi7265@example.com,Abha,B035,2022-03-21,Classic,1
C07266,Hessa Alrashidi,0599007266,hessa.alrashidi7266@example.com,Dhahran,B030,2025-02-05,Classic,1
C07267,Sultan Alsaeed,0599007267,sultan.alsaeed7267@example.com,Khamis Mushait,B032,2026-01-09,Silver,1
C07268,Shahad Alfaraj,0599007268,shahad.alfaraj7268@example.com,Riyadh,B004,2025-08-06,Classic,0
C07269,Hessa Alrashidi,0599007269,hessa.alrashidi7269@example.com,Dhahran,B025,2025-05-24,Silver,1
C07270,Fahad Alghamdi,0599007270,fahad.alghamdi7270@example.com,Al Ahsa,B026,2026-05-22,Platinum,1
C07271,Noura Alshammari,0599007271,noura.alshammari7271@example.com,Dammam,B023,2021-01-17,Classic,1
C07272,Amal Alzahrani,0599007272,amal.alzahrani7272@example.com,Jeddah,B014,2022-11-15,Classic,1
C07273,Mona Alkhaldi,0599007273,mona.alkhaldi7273@example.com,Jazan,B033,2025-01-30,Classic,1
C07274,Mona Almalki,0599007274,mona.almalki7274@example.com,Jeddah,B017,2023-06-27,Platinum,1
C07275,Noura Almalki,0599007275,noura.almalki7275@example.com,Jeddah,B013,2022-11-07,Classic,0
C07276,Amal Alsubaie,0599007276,amal.alsubaie7276@example.com,Riyadh,B001,2024-10-19,Gold,
C07277,Omar Alhajri,0599007277,omar.alhajri7277@example.com,Riyadh,B007,2026-04-06,Silver,
C07278,Reem Alzahrani,0599007278,reem.alzahrani7278@example.com,Riyadh,B004,2022-11-27,Classic,1
C07279,Maha Alsubaie,0599007279,maha.alsubaie7279@example.com,Qassim,B010,2021-10-10,Classic,1
C07280,Dana Aldawsari,0599007280,dana.aldawsari7280@example.com,Dhahran,B025,2026-02-21,Silver,1
C07281,Khalid Alshehri,0599007281,khalid.alshehri7281@example.com,Riyadh,B005,2022-05-26,Silver,0
C07282,Lama Albalawi,0599007282,lama.albalawi7282@example.com,Riyadh,B007,2021-06-20,Classic,0
C07283,Fahad Alrashidi,0599007283,fahad.alrashidi7283@example.com,Jeddah,B014,2024-06-15,Classic,0
C07284,Ghada Alsaeed,0599007284,ghada.alsaeed7284@example.com,Dhahran,B030,2023-01-24,Silver,1
C07285,Atheer Alhajri,0599007285,atheer.alhajri7285@example.com,Jeddah,B017,2023-02-01,Gold,1
C07286,Shahad Alfaraj,0599007286,shahad.alfaraj7286@example.com,Qassim,B010,2024-07-09,Silver,1
C07287,Ghada Alzahrani,0599007287,ghada.alzahrani7287@example.com,Riyadh,B007,2023-11-24,Classic,1
C07288,Jawaher Alyami,0599007288,jawaher.alyami7288@example.com,Riyadh,B009,2023-06-22,Classic,1
C07289,Maha Alshammari,0599007289,maha.alshammari7289@example.com,Riyadh,B007,2022-08-16,Silver,1
C07290,Mona Alharbi,0599007290,mona.alharbi7290@example.com,Tabuk,B040,2025-11-10,Classic,0
C07291,Turki Alenezi,0599007291,turki.alenezi7291@example.com,Najran,B034,2021-09-19,Silver,1
C07292,Rakan Aldawsari,0599007292,rakan.aldawsari7292@example.com,Dhahran,B025,2022-07-31,Gold,0
C07293,Noura Alsaeed,0599007293,noura.alsaeed7293@example.com,Al Ahsa,B026,2026-04-26,Gold,1
C07294,Mohammed Alkhaldi,0599007294,mohammed.alkhaldi7294@example.com,Riyadh,B009,2025-12-06,Gold,1
C07295,Lulwa Alamri,0599007295,lulwa.alamri7295@example.com,Khamis Mushait,B032,2022-11-11,Silver,1
C07296,Bandar Aljohani,0599007296,bandar.aljohani7296@example.com,Riyadh,B009,2023-09-06,Classic,1
C07297,Shahad Alghamdi,0599007297,shahad.alghamdi7297@example.com,Riyadh,B003,2025-01-07,Silver,1
C07298,Yousef Alshammari,0599007298,yousef.alshammari7298@example.com,Riyadh,B006,2025-07-24,Silver,1
C07299,Mona Alotaibi,0599007299,mona.alotaibi7299@example.com,Taif,B020,2024-11-05,Classic,0
C07300,Amal Alghamdi,0599007300,amal.alghamdi7300@example.com,Dhahran,B025,2026-03-29,Classic,1
C07301,Shahad Alsubaie,0599007301,shahad.alsubaie7301@example.com,Jubail,B027,2026-03-23,Classic,1
C07302,Sara Alzahrani,0599007302,sara.alzahrani7302@example.com,Khobar,B024,2025-12-23,Gold,1
C07303,Noura Alrashidi,0599007303,noura.alrashidi7303@example.com,Al Kharj,B011,2024-04-13,Gold,1
C07304,Haya Alghamdi,0599007304,haya.alghamdi7304@example.com,Khobar,B029,2025-10-13,Silver,1
C07305,Rakan Alshehri,0599007305,rakan.alshehri7305@example.com,Riyadh,B009,2025-05-24,Classic,1
C07306,Lulwa Alhajri,0599007306,lulwa.alhajri7306@example.com,Dammam,B028,2021-01-16,Platinum,1
C07307,Maha Alsaeed,0599007307,maha.alsaeed7307@example.com,Riyadh,B003,2025-09-17,Classic,1
C07308,Jawaher Albalawi,0599007308,jawaher.albalawi7308@example.com,Al Kharj,B011,2025-04-18,Classic,0
C07309,Khalid Alhajri,0599007309,khalid.alhajri7309@example.com,Taif,B020,2021-06-08,Classic,1
C07310,Saud Almalki,0599007310,saud.almalki7310@example.com,Riyadh,B008,2024-01-14,Classic,1
C07311,Ziyad Almalki,0599007311,ziyad.almalki7311@example.com,Taif,B020,2022-02-28,Classic,1
C07312,Hind Alhajri,0000000000,hind.alhajri7312@example.com,Riyadh,B004,2026-03-12,Silver,0
C07313,Mohammed Alkhaldi,0599007313,mohammed.alkhaldi7313@example.com,Al Kharj,B011,2022-07-17,Classic,1
C07314,Ahmed Aljohani,0599007314,ahmed.aljohani7314@example.com,Riyadh,B005,2022-07-18,Gold,1
C07315,Rawan Alotaibi,0599007315,rawan.alotaibi7315@example.com,Jeddah,B017,2021-01-22,Classic,1
C07316,Mona Alfaraj,0599007316,mona.alfaraj7316@example.com,Riyadh,B007,2025-08-13,Classic,1
C07317,Mona Almalki,0599007317,mona.almalki7317@example.com,Khamis Mushait,B036,2023-05-14,Silver,0
C07318,Turki Alotaibi,0599007318,turki.alotaibi7318@example.com,Jeddah,B014,2023-07-04,Silver,0
C07319,Atheer Albalawi,0599007319,atheer.albalawi7319@example.com,Dhahran,B025,2025-05-31,Silver,
C07320,Ghada Alnaimi,0599007320,ghada.alnaimi7320@example.com,Riyadh,B012,2021-03-13,Classic,1
C07321,Faisal Alsubaie,0599007321,faisal.alsubaie7321@example.com,Riyadh,B008,2021-02-01,Silver,1
C07322,Majed Alrashidi,0599007322,majed.alrashidi7322@example.com,Dammam,B028,2024-02-21,Classic,0
C07323,Ahmed Alamri,0599007323,ahmed.alamri7323@example.com,Al Jouf,B039,2025-06-23,Silver,1
C07324,Rawan Almalki,0599007324,rawan.almalki7324@example.com,Riyadh,B005,2022-09-26,Classic,1
C07325,Sara Alghamdi,0599007325,sara.alghamdi7325@example.com,Riyadh,B001,2025-04-23,Classic,1
C07326,Haya Almalki,0599007326,haya.almalki7326@example.com,Khobar,B029,2021-03-03,Classic,1
C07327,Maha Alanazi,0599007327,maha.alanazi7327@example.com,Al Ahsa,B026,2022-03-29,Classic,1
C07328,Rawan Aldossary,0599007328,rawan.aldossary7328@example.com,Makkah,B018,2022-12-13,Classic,0
C07329,Lulwa Alharbi,0599007329,lulwa.alharbi7329@example.com,Jeddah,B021,2026-01-16,Classic,0
C07330,Hind Aljohani,0599007330,hind.aljohani7330@example.com,Jeddah,B013,2023-12-10,Silver,1
C07331,Khalid Alyami,0599007331,khalid.alyami7331@example.com,Riyadh,B004,2024-09-02,Classic,1
C07332,Mohammed Alnaimi,0599007332,mohammed.alnaimi7332@example.com,Taif,B020,2026-05-30,Silver,0
C07333,Atheer Alamri,0599007333,atheer.alamri7333@example.com,Riyadh,B008,2024-09-05,Gold,1
C07334,Saud Alharbi,0599007334,saud.alharbi7334@example.com,Riyadh,B005,2024-06-25,Classic,0
C07335,Lama Alotaibi,0599007335,lama.alotaibi7335@example.com,Khobar,B024,2021-12-21,Classic,0
C07336,Shahad Alrashidi,0599007336,shahad.alrashidi7336@example.com,Madinah,B019,2023-07-18,Platinum,1
C07337,Faisal Alnaimi,0599007337,faisal.alnaimi7337@example.com,Riyadh,B005,2023-05-26,Silver,1
C07338,Dana Almutairi,0599007338,dana.almutairi7338@example.com,Jubail,B027,2023-10-07,Silver,1
C07339,Sara Alshehri,0599007339,sara.alshehri7339@example.com,Khamis Mushait,B032,2025-11-21,Classic,0
C07340,Haya Alkhaldi,0599007340,haya.alkhaldi7340@example.com,Riyadh,B009,2025-11-06,Silver,0
C07341,Abdullah Alzahrani,0599007341,abdullah.alzahrani7341@example.com,Riyadh,B012,2023-04-19,Classic,1
C07342,Haya Alnaimi,0599007342,haya.alnaimi7342@example.com,Riyadh,B001,2023-06-27,Classic,1
C07343,Dana Alqahtani,0599007343,dana.alqahtani7343@example.com,Jazan,B033,2023-05-18,Classic,1
C07344,Ziyad Alghamdi,0599007344,ziyad.alghamdi7344@example.com,Abha,B031,2025-05-14,Platinum,0
C07345,Ziyad Alsaeed,0599007345,ziyad.alsaeed7345@example.com,Jeddah,B015,2026-04-14,Classic,0
C07346,Faisal Alnaimi,0599007346,faisal.alnaimi7346@example.com,Tabuk,B037,2026-03-24,Silver,0
C07347,Majed Aldawsari,0599007347,majed.aldawsari7347@example.com,Dhahran,B030,2023-12-15,Silver,
C07348,Noura Aldawsari,0599007348,noura.aldawsari7348@example.com,Makkah,B018,2026-03-05,Classic,1
C07349,Fahad Alotaibi,0599007349,fahad.alotaibi7349@example.com,Riyadh,B003,2023-09-12,Gold,1
C07350,Yousef Alshammari,0599007350,yousef.alshammari7350@example.com,Dhahran,B025,2022-02-08,Classic,1
C07351,Mohammed Alharbi,0599007351,mohammed.alharbi7351@example.com,Jeddah,B016,2022-09-05,Silver,1
C07352,Amal Alrashidi,0599007352,amal.alrashidi7352@example.com,Riyadh,B012,2021-03-25,Platinum,1
C07353,Fahad Alsubaie,0599007353,fahad.alsubaie7353@example.com,Riyadh,B004,2025-05-14,Classic,1
C07354,Lama Alamri,0599007354,lama.alamri7354@example.com,Khamis Mushait,B032,2025-07-12,Silver,1
C07355,Yousef Alghamdi,0599007355,yousef.alghamdi7355@example.com,Makkah,B018,2022-04-30,Classic,0
C07356,Hind Alnaimi,0599007356,hind.alnaimi7356@example.com,Riyadh,B005,2021-06-20,Classic,1
C07357,Majed Aldossary,0599007357,majed.aldossary7357@example.com,Jeddah,B013,2022-12-28,Classic,1
C07358,Lulwa Alshehri,0599007358,lulwa.alshehri7358@example.com,Khobar,B024,2025-10-17,Platinum,1
C07359,Jawaher Alkhaldi,0599007359,jawaher.alkhaldi7359@example.com,Jeddah,B014,2025-07-02,Silver,0
C07360,Sultan Alnaimi,0599007360,sultan.alnaimi7360@example.com,Khamis Mushait,B032,2021-08-15,Silver,1
C07361,Hessa Alhajri,0599007361,hessa.alhajri7361@example.com,Dhahran,B025,2026-04-11,Gold,1
C07362,Ghada Aldossary,0599007362,ghada.aldossary7362@example.com,Najran,B034,2023-11-22,Silver,1
C07363,Ali Alanazi,0599007363,ali.alanazi7363@example.com,Khamis Mushait,B032,2024-07-02,Classic,1
C07364,Khalid Aldossary,0599007364,khalid.aldossary7364@example.com,Riyadh,B004,2025-02-06,Classic,0
C07365,Lulwa Alzahrani,0599007365,lulwa.alzahrani7365@example.com,Tabuk,B040,2025-06-23,Gold,1
C07366,Sara Alghamdi,0599007366,sara.alghamdi7366@example.com,Al Jouf,B039,2023-08-25,Classic,1
C07367,Fahad Almalki,0599007367,fahad.almalki7367@example.com,Al Jouf,B039,2024-09-24,Gold,1
C07368,Sara Alnaimi,0599007368,sara.alnaimi7368@example.com,Jeddah,B022,2023-04-07,Platinum,1
C07369,Abdullah Alkhaldi,0599007369,abdullah.alkhaldi7369@example.com,Al Ahsa,B026,2025-11-11,Silver,0
C07370,Atheer Alyami,0599007370,atheer.alyami7370@example.com,Riyadh,B005,2022-12-15,Silver,0
C07371,Hessa Almalki,0599007371,hessa.almalki7371@example.com,Jeddah,B016,2026-04-21,Platinum,0
C07372,Lulwa Alkhaldi,0599007372,lulwa.alkhaldi7372@example.com,Tabuk,B037,2026-02-07,Classic,1
C07373,Haya Alamri,0599007373,haya.alamri7373@example.com,Makkah,B018,2025-04-27,Classic,1
C07374,Saud Alenezi,0599007374,saud.alenezi7374@example.com,Madinah,B019,2021-12-09,Classic,1
C07375,Haya Albalawi,0599007375,haya.albalawi7375@example.com,Riyadh,B006,2026-04-11,Classic,1
C07376,Lulwa Alamri,0599007376,lulwa.alamri7376@example.com,Jeddah,B021,2021-08-11,Gold,0
C07377,Hessa Alghamdi,0599007377,hessa.alghamdi7377@example.com,Al Kharj,B011,2026-05-05,Classic,1
C07378,Ali Alkhaldi,0599007378,ali.alkhaldi7378@example.com,Dhahran,B030,2023-12-04,Silver,1
C07379,Ziyad Alharbi,0599007379,ziyad.alharbi7379@example.com,Najran,B034,2021-07-14,Gold,1
C07380,Turki Alzahrani,0599007380,turki.alzahrani7380@example.com,Jeddah,B021,2025-01-10,Silver,0
C07381,Atheer Alqahtani,0599007381,atheer.alqahtani7381@example.com,Riyadh,B009,2023-11-05,Classic,1
C07382,Dana Alotaibi,0599007382,dana.alotaibi7382@example.com,Jeddah,B015,2025-10-23,Classic,1
C07383,Majed Alsaeed,0599007383,majed.alsaeed7383@example.com,Riyadh,B005,2025-07-31,Classic,0
C07384,Jawaher Alyami,0599007384,jawaher.alyami7384@example.com,Jeddah,B014,2026-03-18,Classic,0
C07385,Yousef Alamri,0599007385,yousef.alamri7385@example.com,Jeddah,B017,2023-03-02,Silver,1
C07386,Fahad Alotaibi,0599007386,fahad.alotaibi7386@example.com,Jubail,B027,2025-08-26,Classic,1
C07387,Fahad Alamri,0599007387,fahad.alamri7387@example.com,Riyadh,B001,2021-08-19,Silver,0
C07388,Fahad Alrashidi,0599007388,fahad.alrashidi7388@example.com,Riyadh,B003,2022-08-24,Classic,0
C07389,Lama Alyami,0599007389,lama.alyami7389@example.com,Riyadh,B009,2025-12-05,Classic,1
C07390,Hessa Alfaraj,0599007390,hessa.alfaraj7390@example.com,Dhahran,B030,2026-01-19,Silver,1
C07391,Hind Almalki,0599007391,hind.almalki7391@example.com,Al Kharj,B011,2021-01-07,Classic,1
C07392,Faisal Alfaraj,0599007392,faisal.alfaraj7392@example.com,Jeddah,B014,2022-08-11,Silver,
C07393,Abdullah Alghamdi,0599007393,abdullah.alghamdi7393@example.com,Abha,B031,2025-09-30,Gold,1
C07394,Dana Alsaeed,0599007394,dana.alsaeed7394@example.com,Najran,B034,2025-03-11,Gold,1
C07395,Rakan Alkhaldi,0599007395,rakan.alkhaldi7395@example.com,Dhahran,B030,2023-02-15,Silver,1
C07396,Abdullah Alrashidi,0599007396,abdullah.alrashidi7396@example.com,Riyadh,B009,2023-01-12,Classic,1
C07397,Lama Alghamdi,0599007397,lama.alghamdi7397@example.com,Dhahran,B025,2024-06-13,Classic,1
C07398,Yousef Alsubaie,0599007398,yousef.alsubaie7398@example.com,Riyadh,B008,2024-03-15,Classic,1
C07399,Dana Alanazi,0599007399,dana.alanazi7399@example.com,Jeddah,B022,2021-11-26,Classic,0
C07400,Hind Alkhaldi,0599007400,hind.alkhaldi7400@example.com,Dammam,B023,2025-11-14,Silver,0
C07401,Nasser Alenezi,0599007401,nasser.alenezi7401@example.com,Jubail,B027,2026-06-03,Silver,1
C07402,Shahad Alotaibi,0599007402,shahad.alotaibi7402@example.com,Jeddah,B015,2022-05-27,Classic,0
C07403,Noura Alamri,0599007403,noura.alamri7403@example.com,Riyadh,B012,2025-10-15,Gold,0
C07404,Shahad Alotaibi,0599007404,shahad.alotaibi7404@example.com,Makkah,B018,2025-12-04,Silver,0
C07405,Hind Alshammari,0599007405,hind.alshammari7405@example.com,Qassim,B010,2021-10-14,Classic,1
C07406,Noura Alhajri,0599007406,noura.alhajri7406@example.com,Al Jouf,B039,2023-09-16,Classic,1
C07407,Bandar Aljohani,0599007407,bandar.aljohani7407@example.com,Jeddah,B022,2025-05-31,Classic,1
C07408,Haya Alshammari,0599007408,haya.alshammari7408@example.com,Jeddah,B013,2021-06-14,Classic,0
C07409,Mona Alyami,0599007409,mona.alyami7409@example.com,Dammam,B023,2022-12-09,Silver,1
C07410,Mona Alnaimi,0599007410,mona.alnaimi7410@example.com,Riyadh,B004,2025-10-02,Silver,1
C07411,Noura Alqahtani,0599007411,noura.alqahtani7411@example.com,Riyadh,B012,2026-03-31,Gold,1
C07412,Majed Alsubaie,0599007412,majed.alsubaie7412@example.com,Riyadh,B004,2021-03-28,Classic,0
C07413,Turki Alsubaie,0599007413,turki.alsubaie7413@example.com,Abha,B035,2021-09-30,Silver,
C07414,Noura Alyami,0599007414,noura.alyami7414@example.com,Jeddah,B014,2025-07-22,Classic,1
C07415,Rawan Alamri,0599007415,rawan.alamri7415@example.com,Riyadh,B006,2022-05-17,Classic,1
C07416,Atheer Albalawi,0599007416,atheer.albalawi7416@example.com,Khobar,B029,2021-11-30,Gold,1
C07417,Faisal Alnaimi,0599007417,faisal.alnaimi7417@example.com,Riyadh,B003,2024-10-26,Classic,1
C07418,Majed Alotaibi,0599007418,majed.alotaibi7418@example.com,Al Kharj,B011,2025-05-26,Classic,0
C07419,Faisal Alrashidi,0599007419,faisal.alrashidi7419@example.com,Khobar,B029,2025-01-16,Classic,1
C07420,Reem Alotaibi,0599007420,reem.alotaibi7420@example.com,Dhahran,B025,2023-03-07,Silver,1
C07421,Sara Alenezi,0599007421,sara.alenezi7421@example.com,Jeddah,B013,2024-11-15,Gold,1
C07422,Atheer Alshehri,0599007422,atheer.alshehri7422@example.com,Riyadh,B008,2025-07-26,Silver,1
C07423,Abdullah Almalki,0599007423,abdullah.almalki7423@example.com,Taif,B020,2025-05-23,Silver,1
C07424,Ahmed Aljohani,0599007424,ahmed.aljohani7424@example.com,Hail,B038,2025-04-25,Silver,1
C07425,Mona Aljohani,0599007425,mona.aljohani7425@example.com,Najran,B034,2025-09-08,Gold,1
C07426,Noura Almutairi,0599007426,noura.almutairi7426@example.com,Jeddah,B017,2023-03-18,Classic,1
C07427,Abdullah Alamri,0599007427,abdullah.alamri7427@example.com,Jeddah,B013,2025-07-21,Gold,1
C07428,Maha Alotaibi,0599007428,maha.alotaibi7428@example.com,Jeddah,B015,2026-05-22,Classic,1
C07429,Rawan Alanazi,0599007429,rawan.alanazi7429@example.com,Jeddah,B017,2025-05-26,Classic,1
C07430,Jawaher Aljohani,0599007430,jawaher.aljohani7430@example.com,Al Ahsa,B026,2023-04-01,Classic,0
C07431,Reem Alzahrani,0599007431,reem.alzahrani7431@example.com,Riyadh,B006,2021-02-09,Classic,1
C07432,Lulwa Alanazi,0599007432,lulwa.alanazi7432@example.com,Khobar,B024,2024-04-11,Platinum,0
C07433,Sultan Alanazi,0599007433,sultan.alanazi7433@example.com,Hail,B038,2023-07-16,Silver,0
C07434,Dana Alamri,0599007434,dana.alamri7434@example.com,Jeddah,B015,2025-08-26,Classic,
C07435,Faisal Albalawi,0599007435,faisal.albalawi7435@example.com,Makkah,B018,2025-10-29,Classic,1
C07436,Turki Alharbi,0599007436,turki.alharbi7436@example.com,Khamis Mushait,B032,2023-01-03,Classic,1
C07437,Bandar Alnaimi,0599007437,bandar.alnaimi7437@example.com,Riyadh,B007,2021-12-24,Silver,1
C07438,Mona Alrashidi,0599007438,mona.alrashidi7438@example.com,Al Kharj,B011,2025-08-31,Silver,1
C07439,Sara Aldawsari,0599007439,sara.aldawsari7439@example.com,Riyadh,B012,2023-09-23,Classic,1
C07440,Sara Almalki,0599007440,sara.almalki7440@example.com,Khamis Mushait,B036,2025-08-18,Classic,1
C07441,Nasser Alzahrani,0599007441,nasser.alzahrani7441@example.com,Jeddah,B021,2021-10-24,Platinum,0
C07442,Rawan Alsaeed,0599007442,rawan.alsaeed7442@example.com,Dammam,B023,2025-08-16,Gold,1
C07443,Yousef Alotaibi,0599007443,yousef.alotaibi7443@example.com,Dammam,B028,2022-09-02,Silver,1
C07444,Ali Alhajri,0599007444,ali.alhajri7444@example.com,Riyadh,B004,2023-11-09,Classic,1
C07445,Turki Alzahrani,0599007445,turki.alzahrani7445@example.com,Jeddah,B021,2022-05-11,Classic,1
C07446,Faisal Alshehri,0599007446,faisal.alshehri7446@example.com,Khamis Mushait,B036,2023-09-09,Silver,1
C07447,Reem Alyami,0599007447,reem.alyami7447@example.com,Riyadh,B005,2025-09-17,Platinum,1
C07448,Rakan Alzahrani,0599007448,rakan.alzahrani7448@example.com,Riyadh,B005,2022-10-14,Classic,1
C07449,Ziyad Alfaraj,0599007449,ziyad.alfaraj7449@example.com,Riyadh,B008,2023-11-22,Silver,1
C07450,Mona Aljohani,0599007450,mona.aljohani7450@example.com,Riyadh,B005,2025-09-01,Silver,0
C07451,Reem Alhajri,0599007451,reem.alhajri7451@example.com,Hail,B038,2025-09-27,Gold,1
C07452,Yousef Alrashidi,0599007452,yousef.alrashidi7452@example.com,Hail,B038,2021-10-25,Gold,1
C07453,Turki Alkhaldi,0599007453,turki.alkhaldi7453@example.com,Riyadh,B012,2025-02-28,Silver,1
C07454,Maha Alanazi,0599007454,maha.alanazi7454@example.com,Jeddah,B016,2025-05-11,Platinum,1
C07455,Mona Alfaraj,0599007455,mona.alfaraj7455@example.com,Tabuk,B040,2022-01-03,Classic,1
C07456,Ziyad Aljohani,0599007456,ziyad.aljohani7456@example.com,Qassim,B010,2022-03-20,Classic,1
C07457,Jawaher Alshammari,0599007457,jawaher.alshammari7457@example.com,Abha,B035,2023-01-24,Platinum,1
C07458,Sara Alhajri,0599007458,sara.alhajri7458@example.com,Riyadh,B004,2023-12-29,Gold,1
C07459,Rakan Alrashidi,0599007459,rakan.alrashidi7459@example.com,Qassim,B010,2023-04-21,Classic,0
C07460,Ali Alharbi,0599007460,ali.alharbi7460@example.com,Riyadh,B006,2025-05-17,Gold,0
C07461,Mohammed Alsubaie,0599007461,mohammed.alsubaie7461@example.com,Khamis Mushait,B032,2023-01-25,Classic,1
C07462,Dana Alshehri,0599007462,dana.alshehri7462@example.com,Najran,B034,2026-04-30,Classic,1
C07463,Sara Alsubaie,0599007463,sara.alsubaie7463@example.com,Abha,B031,2025-09-09,Classic,1
C07464,Rawan Aldossary,0599007464,rawan.aldossary7464@example.com,Al Jouf,B039,2023-08-23,Silver,0
C07465,Turki Alnaimi,0599007465,turki.alnaimi7465@example.com,Riyadh,B003,2023-01-06,Silver,0
C07466,Turki Alzahrani,0599007466,turki.alzahrani7466@example.com,Riyadh,B007,2021-08-01,Classic,1
C07467,Atheer Alshehri,0599007467,atheer.alshehri7467@example.com,Khobar,B024,2022-12-28,Gold,1
C07468,Lama Alqahtani,0599007468,lama.alqahtani7468@example.com,Riyadh,B009,2024-03-27,Classic,1
C07469,Amal Alkhaldi,0599007469,amal.alkhaldi7469@example.com,Riyadh,B005,2024-09-18,Silver,1
C07470,Ghada Aljohani,0599007470,ghada.aljohani7470@example.com,Khobar,B024,2024-03-30,Silver,1
C07471,Majed Alqahtani,N/A,majed.alqahtani7471@example.com,Dhahran,B030,2025-08-17,Classic,1
C07472,Nasser Alharbi,0599007472,nasser.alharbi7472@example.com,Al Jouf,B039,2022-05-22,Classic,1
C07473,Omar Alenezi,0599007473,omar.alenezi7473@example.com,Abha,B035,2021-05-06,Classic,1
C07474,Khalid Alshehri,0599007474,khalid.alshehri7474@example.com,Riyadh,B007,2024-09-08,Gold,1
C07475,Sara Alanazi,0599007475,sara.alanazi7475@example.com,Jeddah,B016,2021-09-13,Silver,0
C07476,Rakan Aldawsari,0599007476,rakan.aldawsari7476@example.com,Jeddah,B013,2022-04-09,Classic,1
C07477,Ahmed Aldossary,0599007477,ahmed.aldossary7477@example.com,Jeddah,B016,2025-01-18,Gold,1
C07478,Hessa Almutairi,0599007478,hessa.almutairi7478@example.com,Jeddah,B017,2025-08-11,Silver,1
C07479,Lama Almalki,0599007479,lama.almalki7479@example.com,Jeddah,B017,2025-02-02,Classic,1
C07480,Turki Aljohani,0599007480,turki.aljohani7480@example.com,Riyadh,B002,2021-08-31,Gold,1
C07481,Dana Alsubaie,0599007481,dana.alsubaie7481@example.com,Najran,B034,2025-01-08,Gold,1
C07482,Yousef Aldawsari,0599007482,yousef.aldawsari7482@example.com,Riyadh,B005,2024-12-29,Classic,1
C07483,Sara Almutairi,0599007483,sara.almutairi7483@example.com,Jeddah,B015,2024-10-26,Silver,1
C07484,Turki Alhajri,0599007484,turki.alhajri7484@example.com,Khobar,B024,2023-05-10,Classic,0
C07485,Sara Aljohani,0599007485,sara.aljohani7485@example.com,Jeddah,B013,2022-02-02,Classic,1
C07486,Mohammed Alyami,0599007486,mohammed.alyami7486@example.com,Jeddah,B015,2021-11-15,Classic,1
C07487,Sara Alqahtani,0599007487,sara.alqahtani7487@example.com,Riyadh,B001,2026-05-14,Silver,0
C07488,Jawaher Alenezi,0599007488,jawaher.alenezi7488@example.com,Qassim,B010,2023-02-26,Gold,1
C07489,Lama Alharbi,0599007489,lama.alharbi7489@example.com,Jeddah,B015,2021-10-30,Silver,0
C07490,Jawaher Aljohani,0599007490,jawaher.aljohani7490@example.com,Dhahran,B030,2024-03-26,Classic,
C07491,Lulwa Alghamdi,0599007491,lulwa.alghamdi7491@example.com,Riyadh,B005,2023-03-09,Gold,1
C07492,Noura Almalki,0599007492,noura.almalki7492@example.com,Khobar,B024,2025-09-19,Classic,0
C07493,Faisal Alenezi,0599007493,faisal.alenezi7493@example.com,Riyadh,B012,2024-07-28,Classic,1
C07494,Khalid Alsubaie,0599007494,khalid.alsubaie7494@example.com,Dammam,B028,2024-07-22,Classic,1
C07495,Noura Alotaibi,0599007495,noura.alotaibi7495@example.com,Riyadh,B001,2021-11-15,Gold,1
C07496,Turki Alkhaldi,0599007496,turki.alkhaldi7496@example.com,Riyadh,B005,2023-04-20,Classic,1
C07497,Nasser Alharbi,0599007497,nasser.alharbi7497@example.com,Dhahran,B025,2024-03-07,Classic,0
C07498,Dana Aldawsari,0599007498,dana.aldawsari7498@example.com,Jeddah,B017,2021-12-28,Gold,1
C07499,Abdullah Albalawi,0599007499,abdullah.albalawi7499@example.com,Makkah,B018,2026-01-12,Classic,
C07500,Fahad Alqahtani,0599007500,fahad.alqahtani7500@example.com,Qassim,B010,2025-11-04,Classic,1
C07501,Fahad Almutairi,0599007501,fahad.almutairi7501@example.com,Jeddah,B014,2025-11-24,Silver,1
C07502,Jawaher Aldawsari,0599007502,jawaher.aldawsari7502@example.com,Khamis Mushait,B032,2022-12-25,Classic,1
C07503,Bandar Alanazi,0599007503,bandar.alanazi7503@example.com,Khobar,B024,2021-04-23,Silver,0
C07504,Mona Aldossary,0599007504,mona.aldossary7504@example.com,Riyadh,B003,2023-11-14,Classic,0
C07505,Saud Alotaibi,0599007505,saud.alotaibi7505@example.com,Jazan,B033,2025-12-23,Silver,1
C07506,Nasser Alanazi,0599007506,nasser.alanazi7506@example.com,Al Kharj,B011,2025-08-11,Classic,1
C07507,Nasser Alanazi,0599007507,nasser.alanazi7507@example.com,Jubail,B027,2023-09-04,Classic,1
C07508,Fahad Alkhaldi,0599007508,fahad.alkhaldi7508@example.com,Riyadh,B012,2025-06-12,Classic,1
C07509,Maha Almutairi,0599007509,maha.almutairi7509@example.com,Al Kharj,B011,2025-12-01,Silver,1
C07510,Ahmed Alshehri,0599007510,ahmed.alshehri7510@example.com,Dammam,B028,2023-02-09,Silver,1
C07511,Reem Alsubaie,0599007511,reem.alsubaie7511@example.com,Riyadh,B009,2025-05-24,Classic,0
C07512,Lama Almutairi,0599007512,lama.almutairi7512@example.com,Jeddah,B013,2021-12-25,Silver,0
C07513,Shahad Alfaraj,0599007513,shahad.alfaraj7513@example.com,Dhahran,B030,2024-05-13,Classic,1
C07514,Yousef Almutairi,0599007514,yousef.almutairi7514@example.com,Khamis Mushait,B032,2025-03-05,Platinum,1
C07515,Hessa Alharbi,0599007515,hessa.alharbi7515@example.com,Riyadh,B007,2025-01-08,Classic,1
C07516,Maha Alsaeed,0599007516,maha.alsaeed7516@example.com,Jeddah,B021,2024-06-26,Classic,1
C07517,Turki Alshehri,0599007517,turki.alshehri7517@example.com,Al Ahsa,B026,2025-01-26,Gold,0
C07518,Hessa Alnaimi,0599007518,hessa.alnaimi7518@example.com,Khobar,B024,2024-07-01,Silver,1
C07519,Shahad Alzahrani,0599007519,shahad.alzahrani7519@example.com,Najran,B034,2025-01-10,Gold,0
C07520,Turki Alshammari,0599007520,turki.alshammari7520@example.com,Riyadh,B005,2021-11-09,Gold,1
C07521,Nasser Aldossary,0599007521,nasser.aldossary7521@example.com,Jeddah,B022,2025-10-09,Classic,0
C07522,Majed Alharbi,0599007522,majed.alharbi7522@example.com,Taif,B020,2025-06-28,Classic,1
C07523,Haya Alrashidi,0599007523,haya.alrashidi7523@example.com,Riyadh,B009,2026-06-10,Silver,0
C07524,Khalid Alfaraj,0599007524,khalid.alfaraj7524@example.com,Madinah,B019,2022-07-09,Platinum,1
C07525,Lama Alamri,0599007525,lama.alamri7525@example.com,Riyadh,B005,2022-11-15,Silver,1
C07526,Rakan Alhajri,0599007526,rakan.alhajri7526@example.com,Taif,B020,2022-02-25,Silver,0
C07527,Mona Alamri,0599007527,mona.alamri7527@example.com,Tabuk,B040,2025-04-21,Classic,1
C07528,Majed Alshammari,0599007528,majed.alshammari7528@example.com,Dammam,B023,2022-08-29,Classic,0
C07529,Turki Alhajri,0599007529,turki.alhajri7529@example.com,Jeddah,B021,2024-01-17,Silver,1
C07530,Mona Alsubaie,0599007530,mona.alsubaie7530@example.com,Jeddah,B014,2023-03-03,Silver,1
C07531,Hessa Alfaraj,0599007531,hessa.alfaraj7531@example.com,Dammam,B028,2025-12-29,Gold,1
C07532,Rawan Alamri,0599007532,rawan.alamri7532@example.com,Al Kharj,B011,2025-12-03,Gold,1
C07533,Ahmed Alharbi,0599007533,ahmed.alharbi7533@example.com,Jeddah,B014,2025-01-09,Classic,1
C07534,Atheer Alanazi,0599007534,atheer.alanazi7534@example.com,Riyadh,B006,2025-03-03,Classic,1
C07535,Shahad Alyami,0599007535,shahad.alyami7535@example.com,Riyadh,B007,2022-01-23,Gold,
C07536,Mohammed Alkhaldi,0599007536,mohammed.alkhaldi7536@example.com,Jeddah,B021,2023-07-29,Classic,1
C07537,Abdullah Alshammari,0599007537,abdullah.alshammari7537@example.com,Riyadh,B005,2025-11-27,Classic,1
C07538,Ahmed Alnaimi,0599007538,ahmed.alnaimi7538@example.com,Riyadh,B005,2021-09-17,Gold,1
C07539,Haya Alhajri,0599007539,haya.alhajri7539@example.com,Riyadh,B005,2026-05-26,Classic,1
C07540,Jawaher Alamri,0599007540,jawaher.alamri7540@example.com,Jeddah,B021,2022-03-31,Classic,0
C07541,Haya Alsubaie,0599007541,haya.alsubaie7541@example.com,Dammam,B028,2022-04-29,Classic,1
C07542,Sultan Alghamdi,0599007542,sultan.alghamdi7542@example.com,Taif,B020,2025-01-02,Silver,0
C07543,Ali Alotaibi,0599007543,ali.alotaibi7543@example.com,Qassim,B010,2025-05-12,Silver,1
C07544,Khalid Alyami,0599007544,khalid.alyami7544@example.com,Riyadh,B003,2023-02-14,Classic,0
C07545,Bandar Alyami,0599007545,bandar.alyami7545@example.com,Jeddah,B017,2024-12-16,Classic,0
C07546,Noura Alanazi,0599007546,noura.alanazi7546@example.com,Jubail,B027,2024-12-12,Classic,1
C07547,Nasser Alyami,0599007547,nasser.alyami7547@example.com,Riyadh,B009,2021-07-24,Classic,0
C07548,Reem Aljohani,0599007548,reem.aljohani7548@example.com,Riyadh,B004,2025-02-06,Gold,1
C07549,Ahmed Alrashidi,0599007549,ahmed.alrashidi7549@example.com,Riyadh,B005,2021-06-07,Gold,0
C07550,Fahad Alharbi,0599007550,fahad.alharbi7550@example.com,Jeddah,B022,2022-03-03,Silver,0
C07551,Hind Alenezi,0599007551,hind.alenezi7551@example.com,Khobar,B029,2021-12-15,Platinum,1
C07552,Ziyad Alsubaie,0599007552,ziyad.alsubaie7552@example.com,Riyadh,B005,2021-03-25,Classic,1
C07553,Yousef Alsaeed,0599007553,yousef.alsaeed7553@example.com,Jazan,B033,2024-02-22,Silver,1
C07554,Atheer Alsubaie,0599007554,atheer.alsubaie7554@example.com,Riyadh,B009,2022-07-22,Classic,1
C07555,Rakan Alhajri,0599007555,rakan.alhajri7555@example.com,Riyadh,B004,2021-03-05,Silver,1
C07556,Nasser Alghamdi,0599007556,nasser.alghamdi7556@example.com,Riyadh,B006,2023-06-09,Classic,0
C07557,Haya Aljohani,0599007557,haya.aljohani7557@example.com,Jeddah,B022,2022-04-13,Silver,1
C07558,Hind Alharbi,0599007558,hind.alharbi7558@example.com,Abha,B031,2025-07-27,Silver,0
C07559,Atheer Alanazi,0599007559,atheer.alanazi7559@example.com,Khobar,B024,2023-01-12,Silver,1
C07560,Abdullah Alkhaldi,0599007560,abdullah.alkhaldi7560@example.com,Jeddah,B015,2023-03-28,Silver,0
C07561,Haya Aljohani,0599007561,haya.aljohani7561@example.com,Riyadh,B001,2022-07-09,Classic,1
C07562,Jawaher Alkhaldi,0599007562,jawaher.alkhaldi7562@example.com,Jeddah,B015,2024-06-22,Classic,1
C07563,Lulwa Alharbi,0599007563,lulwa.alharbi7563@example.com,Riyadh,B008,2025-05-14,Classic,0
C07564,Mona Alamri,0599007564,mona.alamri7564@example.com,Jazan,B033,2022-01-18,Classic,1
C07565,Khalid Alamri,0599007565,khalid.alamri7565@example.com,Jeddah,B015,2022-03-05,Classic,0
C07566,Turki Almutairi,0599007566,turki.almutairi7566@example.com,Dammam,B023,2024-05-19,Classic,1
C07567,Rawan Alzahrani,0599007567,rawan.alzahrani7567@example.com,Jazan,B033,2026-05-25,Classic,1
C07568,Amal Almalki,0599007568,amal.almalki7568@example.com,Riyadh,B012,2026-02-06,Classic,1
C07569,Hind Alotaibi,0599007569,hind.alotaibi7569@example.com,Jubail,B027,2021-10-12,Gold,1
C07570,Majed Alharbi,0599007570,majed.alharbi7570@example.com,Qassim,B010,2023-12-09,Silver,1
C07571,Ziyad Alsaeed,0599007571,ziyad.alsaeed7571@example.com,Riyadh,B008,2023-05-23,Classic,0
C07572,Nasser Alyami,0599007572,nasser.alyami7572@example.com,Tabuk,B040,2025-02-15,Classic,1
C07573,Ali Aljohani,0599007573,ali.aljohani7573@example.com,Tabuk,B037,2021-01-14,Platinum,1
C07574,Faisal Aldossary,0599007574,faisal.aldossary7574@example.com,Khobar,B029,2025-12-04,Silver,
C07575,Rakan Alshehri,0599007575,rakan.alshehri7575@example.com,Riyadh,B008,2025-05-23,Classic,1
C07576,Dana Alzahrani,0599007576,dana.alzahrani7576@example.com,Jubail,B027,2022-01-22,Classic,1
C07577,Haya Alnaimi,0599007577,haya.alnaimi7577@example.com,Khamis Mushait,B032,2021-02-16,Classic,1
C07578,Ziyad Alsaeed,0599007578,ziyad.alsaeed7578@example.com,Tabuk,B040,2022-12-17,Classic,0
C07579,Atheer Alqahtani,0599007579,atheer.alqahtani7579@example.com,Khamis Mushait,B036,2021-10-01,Gold,1
C07580,Ziyad Aljohani,0599007580,ziyad.aljohani7580@example.com,Dhahran,B025,2025-12-03,Platinum,1
C07581,Amal Alsaeed,0599007581,amal.alsaeed7581@example.com,Riyadh,B008,2022-09-09,Classic,0
C07582,Lulwa Alfaraj,0599007582,lulwa.alfaraj7582@example.com,Dhahran,B025,2026-02-22,Gold,0
C07583,Khalid Alsubaie,0599007583,khalid.alsubaie7583@example.com,Hail,B038,2025-04-25,Classic,1
C07584,Atheer Alshehri,0599007584,atheer.alshehri7584@example.com,Jeddah,B016,2021-11-15,Silver,1
C07585,Lulwa Alotaibi,0599007585,lulwa.alotaibi7585@example.com,Najran,B034,2024-05-29,Platinum,1
C07586,Lulwa Alqahtani,0599007586,lulwa.alqahtani7586@example.com,Al Ahsa,B026,2023-08-25,Silver,1
C07587,Mona Alshammari,0599007587,mona.alshammari7587@example.com,Qassim,B010,2023-04-19,Classic,1
C07588,Majed Alshammari,0599007588,majed.alshammari7588@example.com,Jeddah,B021,2026-05-11,Silver,1
C07589,Hind Alsubaie,0599007589,hind.alsubaie7589@example.com,Jubail,B027,2023-11-09,Gold,0
C07590,Ghada Aldossary,0599007590,ghada.aldossary7590@example.com,Jeddah,B021,2024-03-09,Classic,1
C07591,Mona Alamri,0599007591,mona.alamri7591@example.com,Jeddah,B022,2024-07-16,Silver,1
C07592,Faisal Alyami,0599007592,faisal.alyami7592@example.com,Riyadh,B002,2026-04-02,Silver,1
C07593,Majed Alnaimi,0599007593,majed.alnaimi7593@example.com,Abha,B031,2025-09-18,Silver,1
C07594,Nasser Almalki,0599007594,nasser.almalki7594@example.com,Jeddah,B021,2023-03-24,Classic,1
C07595,Lama Albalawi,0599007595,lama.albalawi7595@example.com,Al Jouf,B039,2025-12-10,Gold,1
C07596,Abdullah Almalki,0599007596,abdullah.almalki7596@example.com,Riyadh,B006,2023-07-07,Classic,1
C07597,Ziyad Alenezi,0599007597,ziyad.alenezi7597@example.com,Dammam,B028,2023-07-26,Gold,1
C07598,Sultan Alzahrani,0599007598,sultan.alzahrani7598@example.com,Khamis Mushait,B036,2021-10-14,Platinum,0
C07599,Noura Alshammari,0599007599,noura.alshammari7599@example.com,Dhahran,B030,2024-06-25,Gold,1
C07600,Lama Albalawi,0599007600,lama.albalawi7600@example.com,Riyadh,B003,2021-08-03,Silver,1
C07601,Yousef Almalki,0599007601,yousef.almalki7601@example.com,Khamis Mushait,B032,2026-05-15,Classic,1
C07602,Ziyad Alsaeed,0599007602,ziyad.alsaeed7602@example.com,Al Jouf,B039,2026-03-04,Classic,1
C07603,Jawaher Albalawi,0599007603,jawaher.albalawi7603@example.com,Dhahran,B025,2023-06-27,Classic,1
C07604,Turki Alnaimi,0599007604,turki.alnaimi7604@example.com,Jeddah,B014,2026-05-31,Classic,0
C07605,Mona Alenezi,0599007605,mona.alenezi7605@example.com,Khobar,B029,2024-07-19,Classic,1
C07606,Hessa Alrashidi,0599007606,hessa.alrashidi7606@example.com,Khamis Mushait,B032,2024-08-03,Silver,0
C07607,Sultan Alanazi,0599007607,sultan.alanazi7607@example.com,Al Ahsa,B026,2025-03-29,Classic,1
C07608,Noura Alotaibi,0599007608,noura.alotaibi7608@example.com,Riyadh,B012,2024-10-15,Gold,0
C07609,Yousef Alkhaldi,0599007609,yousef.alkhaldi7609@example.com,Riyadh,B007,2025-04-01,Silver,1
C07610,Hessa Albalawi,0599007610,hessa.albalawi7610@example.com,Qassim,B010,2022-04-18,Platinum,1
C07611,Sultan Aljohani,0599007611,sultan.aljohani7611@example.com,Jeddah,B021,2024-01-02,Platinum,0
C07612,Mona Aljohani,0599007612,mona.aljohani7612@example.com,Riyadh,B008,2023-12-19,Classic,1
C07613,Rakan Alanazi,0599007613,rakan.alanazi7613@example.com,Jeddah,B015,2025-08-20,Platinum,1
C07614,Hind Alsaeed,0599007614,hind.alsaeed7614@example.com,Jeddah,B021,2023-08-13,Gold,0
C07615,Dana Aljohani,0599007615,dana.aljohani7615@example.com,Abha,B031,2022-10-10,Gold,1
C07616,Rakan Alkhaldi,0599007616,rakan.alkhaldi7616@example.com,Riyadh,B004,2022-07-14,Silver,1
C07617,Lulwa Alzahrani,0599007617,lulwa.alzahrani7617@example.com,Al Jouf,B039,2021-08-06,Gold,1
C07618,Hessa Aljohani,0599007618,hessa.aljohani7618@example.com,Khobar,B029,2025-08-15,Classic,
C07619,Haya Alshammari,0599007619,haya.alshammari7619@example.com,Khamis Mushait,B032,2026-04-21,Classic,1
C07620,Faisal Alshammari,0599007620,faisal.alshammari7620@example.com,Riyadh,B005,2023-06-19,Platinum,1
C07621,Reem Aldossary,0599007621,reem.aldossary7621@example.com,Riyadh,B008,2025-08-29,Classic,1
C07622,Fahad Almutairi,0599007622,fahad.almutairi7622@example.com,Tabuk,B040,2026-05-13,Silver,1
C07623,Saud Alrashidi,0599007623,saud.alrashidi7623@example.com,Jeddah,B013,2025-02-18,Gold,0
C07624,Bandar Alenezi,0599007624,bandar.alenezi7624@example.com,Riyadh,B001,2021-11-09,Classic,1
C07625,Rawan Alshehri,0599007625,rawan.alshehri7625@example.com,Riyadh,B001,2022-11-23,Gold,1
C07626,Rakan Alharbi,0599007626,rakan.alharbi7626@example.com,Riyadh,B006,2024-10-18,Classic,1
C07627,Abdullah Alrashidi,0599007627,abdullah.alrashidi7627@example.com,Khamis Mushait,B036,2025-12-17,Silver,1
C07628,Mona Alanazi,0599007628,mona.alanazi7628@example.com,Jeddah,B015,2026-05-15,Platinum,1
C07629,Majed Alkhaldi,0599007629,majed.alkhaldi7629@example.com,Riyadh,B008,2023-07-19,Classic,1
C07630,Fahad Alrashidi,0599007630,fahad.alrashidi7630@example.com,Riyadh,B006,2025-08-28,Silver,1
C07631,Abdullah Albalawi,0599007631,abdullah.albalawi7631@example.com,Hail,B038,2022-03-20,Silver,1
C07632,Bandar Alzahrani,0599007632,bandar.alzahrani7632@example.com,Riyadh,B008,2026-01-16,Platinum,1
C07633,Mona Alshehri,0599007633,mona.alshehri7633@example.com,Najran,B034,2021-12-02,Classic,1
C07634,Khalid Alzahrani,0599007634,khalid.alzahrani7634@example.com,Tabuk,B040,2021-09-07,Classic,1
C07635,Hind Alharbi,0599007635,hind.alharbi7635@example.com,Jeddah,B022,2021-12-24,Classic,1
C07636,Ziyad Aljohani,0599007636,ziyad.aljohani7636@example.com,Najran,B034,2026-05-05,Silver,1
C07637,Sara Alenezi,0599007637,sara.alenezi7637@example.com,Al Kharj,B011,2025-08-27,Silver,0
C07638,Hessa Alkhaldi,0599007638,hessa.alkhaldi7638@example.com,Riyadh,B008,2021-07-07,Classic,1
C07639,Mohammed Aljohani,0599007639,mohammed.aljohani7639@example.com,Al Ahsa,B026,2026-05-12,Classic,1
C07640,Jawaher Alamri,0599007640,jawaher.alamri7640@example.com,Taif,B020,2023-12-04,Silver,0
C07641,Fahad Alshammari,0599007641,fahad.alshammari7641@example.com,Al Ahsa,B026,2026-03-14,Classic,1
C07642,Nasser Alanazi,0599007642,nasser.alanazi7642@example.com,Al Jouf,B039,2022-07-24,Silver,1
C07643,Rawan Almalki,0599007643,rawan.almalki7643@example.com,Taif,B020,2022-08-27,Silver,1
C07644,Nasser Alyami,0599007644,nasser.alyami7644@example.com,Abha,B031,2023-07-02,Silver,1
C07645,Rawan Alyami,0599007645,rawan.alyami7645@example.com,Jeddah,B022,2025-11-13,Classic,1
C07646,Bandar Alamri,0599007646,bandar.alamri7646@example.com,Riyadh,B004,2026-02-17,Silver,1
C07647,Bandar Alqahtani,0599007647,bandar.alqahtani7647@example.com,Tabuk,B037,2026-01-22,Classic,1
C07648,Reem Alzahrani,0599007648,reem.alzahrani7648@example.com,Najran,B034,2025-01-15,Classic,1
C07649,Rawan Alfaraj,0599007649,rawan.alfaraj7649@example.com,Dhahran,B030,2022-08-07,Classic,1
C07650,Faisal Alsaeed,0599007650,faisal.alsaeed7650@example.com,Qassim,B010,2021-07-14,Silver,0
C07651,Reem Alrashidi,0599007651,reem.alrashidi7651@example.com,Makkah,B018,2022-07-03,Gold,0
C07652,Sara Alghamdi,0599007652,sara.alghamdi7652@example.com,Riyadh,B009,2021-05-24,Gold,1
C07653,Mohammed Alfaraj,0599007653,mohammed.alfaraj7653@example.com,Jeddah,B016,2022-05-14,Silver,0
C07654,Mohammed Aldawsari,0599007654,mohammed.aldawsari7654@example.com,Riyadh,B005,2026-02-10,Gold,1
C07655,Majed Alamri,0599007655,majed.alamri7655@example.com,Taif,B020,2025-07-26,Classic,1
C07656,Sultan Alqahtani,0599007656,sultan.alqahtani7656@example.com,Dammam,B023,2025-07-11,Classic,1
C07657,Ziyad Alenezi,0599007657,ziyad.alenezi7657@example.com,Al Jouf,B039,2025-01-21,Classic,0
C07658,Omar Almalki,0599007658,omar.almalki7658@example.com,Jeddah,B015,2022-08-15,Classic,1
C07659,Ziyad Alshehri,0599007659,ziyad.alshehri7659@example.com,Jeddah,B021,2023-09-20,Classic,1
C07660,Saud Alshehri,0599007660,saud.alshehri7660@example.com,Khobar,B029,2025-07-18,Classic,1
C07661,Hind Alsubaie,0599007661,hind.alsubaie7661@example.com,Riyadh,B012,2025-12-12,Silver,1
C07662,Majed Alshehri,0599007662,majed.alshehri7662@example.com,Jeddah,B015,2026-06-10,Classic,0
C07663,Abdullah Albalawi,0599007663,abdullah.albalawi7663@example.com,Dammam,B028,2024-01-28,Classic,1
C07664,Sara Almutairi,0599007664,sara.almutairi7664@example.com,Qassim,B010,2024-08-27,Platinum,1
C07665,Hessa Alghamdi,0599007665,hessa.alghamdi7665@example.com,Dhahran,B030,2025-10-15,Silver,0
C07666,Ziyad Alshammari,0599007666,ziyad.alshammari7666@example.com,Dhahran,B025,2021-05-31,Silver,1
C07667,Shahad Alotaibi,0599007667,shahad.alotaibi7667@example.com,Jubail,B027,2025-05-26,Gold,1
C07668,Dana Aldawsari,0599007668,dana.aldawsari7668@example.com,Al Ahsa,B026,2022-12-18,Classic,1
C07669,Yousef Aldossary,0599007669,yousef.aldossary7669@example.com,Jeddah,B015,2024-09-19,Classic,1
C07670,Nasser Alrashidi,0599007670,nasser.alrashidi7670@example.com,Khamis Mushait,B032,2025-08-18,Classic,0
C07671,Noura Alqahtani,0599007671,noura.alqahtani7671@example.com,Riyadh,B012,2026-05-27,Classic,0
C07672,Abdullah Aljohani,0599007672,abdullah.aljohani7672@example.com,Khobar,B024,2024-04-07,Classic,1
C07673,Sara Alsaeed,0599007673,sara.alsaeed7673@example.com,Abha,B031,2025-09-20,Classic,1
C07674,Reem Alharbi,0599007674,reem.alharbi7674@example.com,Riyadh,B005,2023-12-07,Gold,1
C07675,Abdullah Alfaraj,0599007675,abdullah.alfaraj7675@example.com,Riyadh,B006,2022-01-09,Silver,1
C07676,Bandar Aldossary,0599007676,bandar.aldossary7676@example.com,Riyadh,B007,2026-03-08,Platinum,1
C07677,Lama Alenezi,0599007677,lama.alenezi7677@example.com,Khobar,B024,2022-12-28,Classic,0
C07678,Fahad Alotaibi,05X1234567,fahad.alotaibi7678@example.com,Jeddah,B021,2024-04-25,Classic,1
C07679,Saud Alshehri,0599007679,saud.alshehri7679@example.com,Al Kharj,B011,2026-05-28,Silver,0
C07680,Noura Almutairi,0599007680,noura.almutairi7680@example.com,Dammam,B028,2021-03-16,Gold,1
C07681,Khalid Aldossary,0599007681,khalid.aldossary7681@example.com,Hail,B038,2026-01-18,Classic,0
C07682,Faisal Alotaibi,0599007682,faisal.alotaibi7682@example.com,Riyadh,B006,2021-02-04,Gold,1
C07683,Hind Alqahtani,0599007683,hind.alqahtani7683@example.com,Dhahran,B025,2025-12-27,Gold,1
C07684,Maha Alnaimi,0599007684,maha.alnaimi7684@example.com,Hail,B038,2025-06-14,Classic,1
C07685,Ali Alkhaldi,0599007685,ali.alkhaldi7685@example.com,Riyadh,B002,2023-07-02,Gold,1
C07686,Lulwa Alotaibi,0599007686,lulwa.alotaibi7686@example.com,Riyadh,B006,2022-03-07,Classic,0
C07687,Khalid Alfaraj,0599007687,khalid.alfaraj7687@example.com,Khobar,B029,2025-03-05,Classic,0
C07688,Fahad Alfaraj,0599007688,fahad.alfaraj7688@example.com,Riyadh,B006,2025-07-08,Gold,1
C07689,Lulwa Alsubaie,0599007689,lulwa.alsubaie7689@example.com,Riyadh,B005,2025-10-07,Classic,1
C07690,Turki Alsaeed,0599007690,turki.alsaeed7690@example.com,Riyadh,B002,2021-04-18,Silver,0
C07691,Rawan Aldossary,0599007691,rawan.aldossary7691@example.com,Jeddah,B016,2022-12-29,Classic,1
C07692,Rakan Alyami,0599007692,rakan.alyami7692@example.com,Khobar,B029,2026-05-19,Silver,1
C07693,Rawan Alhajri,0599007693,rawan.alhajri7693@example.com,Dhahran,B025,2026-04-14,Classic,1
C07694,Nasser Alharbi,0599007694,nasser.alharbi7694@example.com,Al Jouf,B039,2025-05-23,Silver,1
C07695,Faisal Alfaraj,0599007695,faisal.alfaraj7695@example.com,Riyadh,B006,2026-01-13,Classic,
C07696,Mona Almalki,0599007696,mona.almalki7696@example.com,Najran,B034,2021-05-26,Silver,1
C07697,Haya Alghamdi,0599007697,haya.alghamdi7697@example.com,Jeddah,B014,2025-03-01,Classic,0
C07698,Fahad Alshehri,0599007698,fahad.alshehri7698@example.com,Al Jouf,B039,2022-08-23,Silver,1
C07699,Ali Almalki,0599007699,ali.almalki7699@example.com,Jeddah,B017,2025-02-21,Silver,1
C07700,Amal Alotaibi,0599007700,amal.alotaibi7700@example.com,Riyadh,B004,2024-10-08,Silver,0
C07701,Majed Alhajri,0599007701,majed.alhajri7701@example.com,Al Kharj,B011,2021-09-27,Gold,1
C07702,Ali Alyami,0599007702,ali.alyami7702@example.com,Qassim,B010,2022-02-26,Silver,1
C07703,Bandar Almalki,0599007703,bandar.almalki7703@example.com,Jubail,B027,2025-08-31,Classic,0
C07704,Abdullah Alqahtani,0599007704,abdullah.alqahtani7704@example.com,Najran,B034,2023-03-18,Classic,1
C07705,Majed Alrashidi,0599007705,majed.alrashidi7705@example.com,Riyadh,B005,2021-07-10,Classic,1
C07706,Sara Alghamdi,0599007706,sara.alghamdi7706@example.com,Dhahran,B025,2022-01-21,Classic,1
C07707,Atheer Alkhaldi,0599007707,atheer.alkhaldi7707@example.com,Dhahran,B030,2021-12-19,Classic,1
C07708,Jawaher Almutairi,0599007708,jawaher.almutairi7708@example.com,Taif,B020,2025-02-03,Classic,1
C07709,Mona Alamri,0599007709,mona.alamri7709@example.com,Riyadh,B012,2025-05-22,Classic,1
C07710,Majed Alyami,0599007710,majed.alyami7710@example.com,Jeddah,B021,2021-07-01,Classic,0
C07711,Fahad Alsaeed,0599007711,fahad.alsaeed7711@example.com,Qassim,B010,2025-06-18,Classic,1
C07712,Mona Alfaraj,0599007712,mona.alfaraj7712@example.com,Jeddah,B014,2022-01-16,Classic,0
C07713,Amal Alanazi,0599007713,amal.alanazi7713@example.com,Jeddah,B016,2021-06-29,Gold,1
C07714,Shahad Alamri,0599007714,shahad.alamri7714@example.com,Riyadh,B004,2023-04-20,Classic,0
C07715,Ghada Alotaibi,0599007715,ghada.alotaibi7715@example.com,Riyadh,B004,2021-10-25,Classic,1
C07716,Ali Alshehri,0599007716,ali.alshehri7716@example.com,Riyadh,B001,2026-01-02,Platinum,
C07717,Saud Aldawsari,0599007717,saud.aldawsari7717@example.com,Jeddah,B022,2022-11-09,Gold,0
C07718,Sultan Alanazi,0599007718,sultan.alanazi7718@example.com,Riyadh,B006,2025-04-13,Gold,1
C07719,Ali Aldawsari,0599007719,ali.aldawsari7719@example.com,Dammam,B023,2025-06-10,Silver,0
C07720,Abdullah Alrashidi,0599007720,abdullah.alrashidi7720@example.com,Jeddah,B021,2026-06-07,Classic,1
C07721,Rakan Alqahtani,0599007721,rakan.alqahtani7721@example.com,Khamis Mushait,B036,2024-03-24,Silver,1
C07722,Ahmed Alkhaldi,0599007722,ahmed.alkhaldi7722@example.com,Khamis Mushait,B032,2024-12-18,Classic,1
C07723,Hind Alanazi,0599007723,hind.alanazi7723@example.com,Jubail,B027,2025-07-23,Classic,1
C07724,Fahad Alzahrani,0599007724,fahad.alzahrani7724@example.com,Jeddah,B016,2025-03-21,Classic,1
C07725,Sultan Alanazi,0599007725,sultan.alanazi7725@example.com,Dammam,B023,2021-02-21,Classic,0
C07726,Bandar Aldossary,0599007726,bandar.aldossary7726@example.com,Riyadh,B012,2022-07-03,Silver,1
C07727,Noura Alsubaie,0599007727,noura.alsubaie7727@example.com,Jeddah,B017,2021-02-02,Gold,1
C07728,Abdullah Alharbi,0599007728,abdullah.alharbi7728@example.com,Riyadh,B003,2025-10-04,Classic,1
C07729,Ziyad Alshehri,0599007729,ziyad.alshehri7729@example.com,Riyadh,B009,2023-02-28,Classic,0
C07730,Haya Alqahtani,0599007730,haya.alqahtani7730@example.com,Riyadh,B007,2023-10-05,Silver,1
C07731,Lulwa Alhajri,0599007731,lulwa.alhajri7731@example.com,Riyadh,B008,2022-05-11,Silver,1
C07732,Reem Alyami,0599007732,reem.alyami7732@example.com,Khobar,B029,2025-10-13,Classic,1
C07733,Rawan Alfaraj,0599007733,rawan.alfaraj7733@example.com,Jeddah,B022,2025-05-28,Classic,1
C07734,Reem Alshehri,0599007734,reem.alshehri7734@example.com,Khobar,B029,2022-11-23,Silver,0
C07735,Noura Alsaeed,0599007735,noura.alsaeed7735@example.com,Dhahran,B030,2025-11-10,Silver,1
C07736,Khalid Alrashidi,0599007736,khalid.alrashidi7736@example.com,Dhahran,B025,2021-11-23,Classic,1
C07737,Yousef Alnaimi,0599007737,yousef.alnaimi7737@example.com,Jeddah,B013,2025-07-10,Platinum,1
C07738,Atheer Albalawi,0599007738,atheer.albalawi7738@example.com,Riyadh,B002,2021-06-20,Classic,0
C07739,Noura Alsubaie,0599007739,noura.alsubaie7739@example.com,Riyadh,B003,2022-08-27,Gold,1
C07740,Ali Aldawsari,0599007740,ali.aldawsari7740@example.com,Al Kharj,B011,2025-12-07,Classic,1
C07741,Faisal Alrashidi,0599007741,faisal.alrashidi7741@example.com,Al Kharj,B011,2025-08-31,Classic,1
C07742,Rakan Almalki,0599007742,rakan.almalki7742@example.com,Al Jouf,B039,2023-10-11,Silver,1
C07743,Turki Alshehri,0599007743,turki.alshehri7743@example.com,Jeddah,B017,2025-09-12,Classic,
C07744,Shahad Alsaeed,0599007744,shahad.alsaeed7744@example.com,Riyadh,B007,2026-01-27,Gold,1
C07745,Ziyad Alanazi,0599007745,ziyad.alanazi7745@example.com,Khobar,B024,2022-06-25,Silver,1
C07746,Nasser Alshammari,0599007746,nasser.alshammari7746@example.com,Jeddah,B015,2025-12-09,Classic,1
C07747,Abdullah Alotaibi,0599007747,abdullah.alotaibi7747@example.com,Jeddah,B017,2025-03-02,Silver,1
C07748,Hessa Alkhaldi,0599007748,hessa.alkhaldi7748@example.com,Makkah,B018,2025-09-25,Silver,1
C07749,Hessa Alrashidi,0599007749,hessa.alrashidi7749@example.com,Riyadh,B008,2022-10-05,Classic,1
C07750,Atheer Almutairi,0599007750,atheer.almutairi7750@example.com,Jeddah,B015,2026-03-03,Silver,1
C07751,Lulwa Alkhaldi,0599007751,lulwa.alkhaldi7751@example.com,Al Jouf,B039,2022-10-01,Silver,1
C07752,Sara Alsubaie,0599007752,sara.alsubaie7752@example.com,Qassim,B010,2026-03-22,Classic,1
C07753,Lama Aldossary,0599007753,lama.aldossary7753@example.com,Riyadh,B005,2023-12-02,Platinum,0
C07754,Noura Alharbi,0599007754,noura.alharbi7754@example.com,Riyadh,B004,2022-09-20,Platinum,1
C07755,Sultan Alanazi,0599007755,sultan.alanazi7755@example.com,Khobar,B024,2025-09-30,Gold,0
C07756,Ghada Alamri,0599007756,ghada.alamri7756@example.com,Khobar,B024,2021-02-06,Classic,1
C07757,Hessa Alsubaie,0599007757,hessa.alsubaie7757@example.com,Madinah,B019,2024-03-04,Classic,1
C07758,Jawaher Alkhaldi,0599007758,jawaher.alkhaldi7758@example.com,Abha,B031,2026-01-08,Gold,1
C07759,Omar Aldawsari,0599007759,omar.aldawsari7759@example.com,Abha,B035,2025-10-13,Classic,1
C07760,Faisal Alharbi,0599007760,faisal.alharbi7760@example.com,Riyadh,B007,2021-03-06,Classic,0
C07761,Nasser Albalawi,0599007761,nasser.albalawi7761@example.com,Taif,B020,2023-04-03,Gold,1
C07762,Ghada Alfaraj,0599007762,ghada.alfaraj7762@example.com,Taif,B020,2024-10-28,Classic,1
C07763,Nasser Almalki,0599007763,nasser.almalki7763@example.com,Qassim,B010,2024-05-17,Silver,1
C07764,Ali Alfaraj,0599007764,ali.alfaraj7764@example.com,Dhahran,B030,2021-05-06,Classic,1
C07765,Turki Alghamdi,0599007765,turki.alghamdi7765@example.com,Jubail,B027,2025-07-22,Classic,0
C07766,Ghada Alharbi,0599007766,ghada.alharbi7766@example.com,Riyadh,B001,2026-03-20,Silver,1
C07767,Rawan Alotaibi,0599007767,rawan.alotaibi7767@example.com,Dammam,B028,2026-02-06,Classic,1
C07768,Faisal Alfaraj,0599007768,faisal.alfaraj7768@example.com,Al Jouf,B039,2024-12-20,Classic,1
C07769,Noura Aljohani,0599007769,noura.aljohani7769@example.com,Jeddah,B022,2021-03-26,Classic,1
C07770,Khalid Alhajri,0599007770,khalid.alhajri7770@example.com,Jeddah,B016,2023-05-30,Classic,0
C07771,Ghada Alfaraj,0599007771,ghada.alfaraj7771@example.com,Riyadh,B007,2021-11-24,Gold,1
C07772,Lulwa Alzahrani,0599007772,lulwa.alzahrani7772@example.com,Dhahran,B030,2025-09-09,Classic,0
C07773,Lama Alhajri,0599007773,lama.alhajri7773@example.com,Riyadh,B008,2024-05-20,Silver,1
C07774,Shahad Alzahrani,0599007774,shahad.alzahrani7774@example.com,Abha,B035,2022-11-19,Classic,1
C07775,Fahad Alhajri,0599007775,fahad.alhajri7775@example.com,Qassim,B010,2025-03-16,Classic,0
C07776,Amal Alrashidi,0599007776,amal.alrashidi7776@example.com,Najran,B034,2021-03-27,Classic,1
C07777,Haya Alamri,0599007777,haya.alamri7777@example.com,Dammam,B023,2024-06-19,Silver,1
C07778,Ziyad Alqahtani,0599007778,ziyad.alqahtani7778@example.com,Jeddah,B013,2022-01-27,Silver,
C07779,Maha Alamri,0599007779,maha.alamri7779@example.com,Jeddah,B022,2023-04-12,Silver,
C07780,Khalid Alamri,0599007780,khalid.alamri7780@example.com,Dhahran,B025,2021-11-12,Gold,1
C07781,Bandar Alshammari,0599007781,bandar.alshammari7781@example.com,Jeddah,B017,2021-09-29,Classic,1
C07782,Mona Alghamdi,0599007782,mona.alghamdi7782@example.com,Madinah,B019,2025-06-01,Gold,1
C07783,Faisal Alsubaie,0599007783,faisal.alsubaie7783@example.com,Najran,B034,2025-11-27,Classic,0
C07784,Nasser Alhajri,0599007784,nasser.alhajri7784@example.com,Riyadh,B008,2025-02-22,Silver,1
C07785,Rakan Albalawi,0599007785,rakan.albalawi7785@example.com,Tabuk,B040,2025-09-13,Platinum,1
C07786,Dana Aljohani,0599007786,dana.aljohani7786@example.com,Al Ahsa,B026,2025-02-17,Silver,1
C07787,Amal Alharbi,0599007787,amal.alharbi7787@example.com,Riyadh,B006,2025-03-04,Classic,1
C07788,Fahad Almalki,0599007788,fahad.almalki7788@example.com,Jeddah,B022,2023-05-17,Classic,0
C07789,Faisal Alotaibi,0599007789,faisal.alotaibi7789@example.com,Riyadh,B002,2026-01-27,Classic,1
C07790,Khalid Alsubaie,0599007790,khalid.alsubaie7790@example.com,Dammam,B028,2021-01-02,Classic,1
C07791,Abdullah Alzahrani,0599007791,abdullah.alzahrani7791@example.com,Dhahran,B025,2021-04-17,Classic,1
C07792,Yousef Aldossary,0599007792,yousef.aldossary7792@example.com,Al Kharj,B011,2024-11-10,Platinum,1
C07793,Mohammed Aldossary,0599007793,mohammed.aldossary7793@example.com,Madinah,B019,2021-08-13,Classic,0
C07794,Ziyad Alrashidi,0599007794,ziyad.alrashidi7794@example.com,Jeddah,B013,2024-07-13,Silver,1
C07795,Mohammed Alshammari,0599007795,mohammed.alshammari7795@example.com,Jeddah,B015,2026-01-04,Gold,0
C07796,Ahmed Aldossary,0599007796,ahmed.aldossary7796@example.com,Abha,B035,2025-12-02,Gold,0
C07797,Lama Alamri,0599007797,lama.alamri7797@example.com,Khobar,B024,2023-04-10,Silver,1
C07798,Maha Alshammari,0599007798,maha.alshammari7798@example.com,Riyadh,B001,2025-05-29,Classic,1
C07799,Rakan Alshammari,0599007799,rakan.alshammari7799@example.com,Jeddah,B014,2026-06-10,Classic,1
C07800,Dana Almalki,0599007800,dana.almalki7800@example.com,Khamis Mushait,B036,2023-01-16,Silver,1
C07801,Rawan Alshehri,0599007801,rawan.alshehri7801@example.com,Khobar,B029,2022-01-15,Classic,1
C07802,Sara Alnaimi,0599007802,sara.alnaimi7802@example.com,Hail,B038,2026-05-16,Platinum,1
C07803,Sara Alqahtani,0599007803,sara.alqahtani7803@example.com,Taif,B020,2023-03-10,Silver,1
C07804,Lama Alenezi,0599007804,lama.alenezi7804@example.com,Hail,B038,2022-02-06,Silver,1
C07805,Faisal Alenezi,0599007805,faisal.alenezi7805@example.com,Jeddah,B017,2023-01-03,Classic,1
C07806,Khalid Aldossary,0599007806,khalid.aldossary7806@example.com,Jazan,B033,2025-11-02,Classic,
C07807,Khalid Almalki,0599007807,khalid.almalki7807@example.com,Qassim,B010,2026-01-06,Classic,0
C07808,Turki Alshehri,0599007808,turki.alshehri7808@example.com,Riyadh,B001,2025-07-08,Classic,0
C07809,Rawan Alanazi,0599007809,rawan.alanazi7809@example.com,Jubail,B027,2025-08-04,Classic,1
C07810,Lama Almutairi,0599007810,lama.almutairi7810@example.com,Jubail,B027,2024-08-12,Classic,1
C07811,Jawaher Alshammari,0599007811,jawaher.alshammari7811@example.com,Riyadh,B002,2025-08-20,Classic,1
C07812,Bandar Alshammari,0599007812,bandar.alshammari7812@example.com,Al Ahsa,B026,2024-03-26,Silver,1
C07813,Ahmed Alyami,0599007813,ahmed.alyami7813@example.com,Dammam,B023,2023-05-29,Silver,0
C07814,Majed Aljohani,0599007814,majed.aljohani7814@example.com,Khobar,B024,2026-05-19,Classic,0
C07815,Ali Alenezi,0599007815,ali.alenezi7815@example.com,Dhahran,B025,2023-10-08,Classic,1
C07816,Nasser Alqahtani,0599007816,nasser.alqahtani7816@example.com,Jeddah,B022,2025-02-09,Gold,1
C07817,Shahad Alhajri,0599007817,shahad.alhajri7817@example.com,Jeddah,B017,2021-11-11,Gold,1
C07818,Mona Alyami,0599007818,mona.alyami7818@example.com,Tabuk,B040,2023-12-23,Classic,1
C07819,Lulwa Alnaimi,0599007819,lulwa.alnaimi7819@example.com,Jubail,B027,2025-04-28,Classic,0
C07820,Mona Alotaibi,0599007820,mona.alotaibi7820@example.com,Khamis Mushait,B032,2024-11-05,Silver,
C07821,Khalid Alotaibi,0599007821,khalid.alotaibi7821@example.com,Abha,B031,2025-08-27,Gold,1
C07822,Majed Alzahrani,0599007822,majed.alzahrani7822@example.com,Riyadh,B005,2022-01-14,Silver,1
C07823,Haya Alharbi,0599007823,haya.alharbi7823@example.com,Riyadh,B001,2026-01-24,Gold,1
C07824,Majed Alenezi,0599007824,majed.alenezi7824@example.com,Madinah,B019,2022-03-20,Classic,1
C07825,Khalid Alkhaldi,0599007825,khalid.alkhaldi7825@example.com,Madinah,B019,2024-05-01,Classic,1
C07826,Hind Alsaeed,0599007826,hind.alsaeed7826@example.com,Jeddah,B014,2023-08-14,Classic,1
C07827,Ghada Alyami,0599007827,ghada.alyami7827@example.com,Riyadh,B004,2025-01-15,Silver,1
C07828,Ziyad Alhajri,0599007828,ziyad.alhajri7828@example.com,Khobar,B029,2023-08-15,Classic,1
C07829,Yousef Alanazi,0599007829,yousef.alanazi7829@example.com,Jubail,B027,2023-06-13,Silver,1
C07830,Rawan Almalki,0599007830,rawan.almalki7830@example.com,Khamis Mushait,B032,2022-06-04,Gold,0
C07831,Shahad Alkhaldi,0599007831,shahad.alkhaldi7831@example.com,Jeddah,B022,2024-06-23,Gold,1
C07832,Nasser Alotaibi,0599007832,nasser.alotaibi7832@example.com,Riyadh,B009,2023-02-03,Classic,1
C07833,Jawaher Alshammari,0599007833,jawaher.alshammari7833@example.com,Hail,B038,2021-09-25,Silver,0
C07834,Khalid Alamri,0599007834,khalid.alamri7834@example.com,Jeddah,B014,2024-07-24,Classic,1
C07835,Noura Alqahtani,0599007835,noura.alqahtani7835@example.com,Madinah,B019,2025-07-30,Classic,1
C07836,Omar Almalki,0599007836,omar.almalki7836@example.com,Jeddah,B015,2024-05-14,Classic,1
C07837,Maha Albalawi,0599007837,maha.albalawi7837@example.com,Dammam,B023,2025-01-30,Platinum,1
C07838,Fahad Aldawsari,0599007838,fahad.aldawsari7838@example.com,Riyadh,B004,2025-04-28,Gold,1
C07839,Omar Alzahrani,0599007839,omar.alzahrani7839@example.com,Khamis Mushait,B032,2022-05-22,Classic,1
C07840,Ziyad Aldawsari,0599007840,ziyad.aldawsari7840@example.com,Khobar,B029,2025-06-03,Classic,0
C07841,Majed Alqahtani,0599007841,majed.alqahtani7841@example.com,Najran,B034,2024-09-20,Gold,1
C07842,Dana Aldawsari,0599007842,dana.aldawsari7842@example.com,Taif,B020,2022-05-27,Gold,0
C07843,Yousef Aljohani,0599007843,yousef.aljohani7843@example.com,Riyadh,B006,2021-12-13,Classic,1
C07844,Shahad Alkhaldi,0599007844,shahad.alkhaldi7844@example.com,Najran,B034,2021-09-25,Platinum,1
C07845,Ali Almalki,0599007845,ali.almalki7845@example.com,Al Kharj,B011,2025-04-19,Silver,1
C07846,Majed Aljohani,0599007846,majed.aljohani7846@example.com,Dhahran,B025,2021-12-11,Classic,0
C07847,Hessa Alghamdi,0599007847,hessa.alghamdi7847@example.com,Riyadh,B005,2026-05-28,Classic,1
C07848,Lulwa Alrashidi,0599007848,lulwa.alrashidi7848@example.com,Jeddah,B016,2024-12-01,Silver,1
C07849,Ziyad Alshehri,0599007849,ziyad.alshehri7849@example.com,Madinah,B019,2025-09-23,Classic,1
C07850,Ali Alanazi,0599007850,ali.alanazi7850@example.com,Khobar,B024,2025-02-09,Silver,0
C07851,Rawan Almalki,0599007851,rawan.almalki7851@example.com,Al Ahsa,B026,2024-06-04,Gold,1
C07852,Ghada Alenezi,0599007852,ghada.alenezi7852@example.com,Jeddah,B015,2025-08-08,Gold,1
C07853,Ahmed Alzahrani,0599007853,ahmed.alzahrani7853@example.com,Riyadh,B002,2024-10-01,Silver,1
C07854,Jawaher Alsubaie,0599007854,jawaher.alsubaie7854@example.com,Hail,B038,2021-05-13,Gold,1
C07855,Hind Aldawsari,0599007855,hind.aldawsari7855@example.com,Al Kharj,B011,2024-01-30,Classic,
C07856,Khalid Albalawi,0599007856,khalid.albalawi7856@example.com,Riyadh,B006,2026-05-02,Platinum,1
C07857,Nasser Alnaimi,0599007857,nasser.alnaimi7857@example.com,Jeddah,B014,2022-03-06,Classic,1
C07858,Hind Alotaibi,0599007858,hind.alotaibi7858@example.com,Riyadh,B004,2022-09-18,Gold,0
C07859,Omar Aldawsari,0599007859,omar.aldawsari7859@example.com,Dammam,B023,2026-02-03,Classic,1
C07860,Yousef Alsubaie,0599007860,yousef.alsubaie7860@example.com,Jubail,B027,2025-07-17,Classic,1
C07861,Bandar Albalawi,0599007861,bandar.albalawi7861@example.com,Taif,B020,2021-07-08,Classic,0
C07862,Majed Alrashidi,0599007862,majed.alrashidi7862@example.com,Najran,B034,2025-09-28,Classic,1
C07863,Reem Aljohani,0599007863,reem.aljohani7863@example.com,Riyadh,B005,2025-02-18,Gold,0
C07864,Abdullah Alyami,0599007864,abdullah.alyami7864@example.com,Riyadh,B012,2023-08-11,Classic,0
C07865,Dana Alotaibi,0599007865,dana.alotaibi7865@example.com,Riyadh,B007,2024-12-19,Classic,0
C07866,Turki Alsaeed,0599007866,turki.alsaeed7866@example.com,Riyadh,B012,2021-10-06,Classic,1
C07867,Reem Alnaimi,0599007867,reem.alnaimi7867@example.com,Riyadh,B005,2024-09-14,Silver,1
C07868,Saud Aldawsari,0599007868,saud.aldawsari7868@example.com,Riyadh,B005,2025-02-21,Gold,1
C07869,Maha Alamri,0599007869,maha.alamri7869@example.com,Dhahran,B030,2021-10-03,Silver,0
C07870,Ahmed Alsaeed,0599007870,ahmed.alsaeed7870@example.com,Riyadh,B001,2025-08-03,Silver,1
C07871,Shahad Alkhaldi,0599007871,shahad.alkhaldi7871@example.com,Najran,B034,2025-02-19,Classic,1
C07872,Sara Aljohani,0599007872,sara.aljohani7872@example.com,Jeddah,B021,2026-02-27,Platinum,0
C07873,Bandar Alqahtani,0599007873,bandar.alqahtani7873@example.com,Riyadh,B009,2025-05-08,Classic,1
C07874,Lulwa Alamri,0599007874,lulwa.alamri7874@example.com,Jubail,B027,2026-02-08,Classic,1
C07875,Omar Almutairi,0599007875,omar.almutairi7875@example.com,Madinah,B019,2022-01-02,Gold,1
C07876,Hind Alyami,0599007876,hind.alyami7876@example.com,Riyadh,B006,2024-12-21,Classic,0
C07877,Ahmed Alshehri,0599007877,ahmed.alshehri7877@example.com,Riyadh,B002,2025-04-13,Classic,0
C07878,Ghada Alyami,0599007878,ghada.alyami7878@example.com,Riyadh,B005,2024-11-14,Gold,0
C07879,Ghada Alyami,0599007879,ghada.alyami7879@example.com,Riyadh,B004,2026-01-28,Silver,0
C07880,Majed Alsubaie,0599007880,majed.alsubaie7880@example.com,Tabuk,B040,2026-03-02,Classic,0
C07881,Abdullah Alshehri,0599007881,abdullah.alshehri7881@example.com,Riyadh,B004,2026-02-18,Platinum,1
C07882,Hind Aldawsari,0599007882,hind.aldawsari7882@example.com,Taif,B020,2026-05-17,Silver,1
C07883,Rawan Aljohani,0599007883,rawan.aljohani7883@example.com,Riyadh,B002,2026-05-29,Classic,1
C07884,Sultan Alotaibi,0599007884,sultan.alotaibi7884@example.com,Hail,B038,2024-07-30,Silver,1
C07885,Mona Alyami,0599007885,mona.alyami7885@example.com,Riyadh,B012,2023-06-24,Classic,1
C07886,Majed Alshammari,0599007886,majed.alshammari7886@example.com,Jeddah,B017,2022-08-06,Gold,1
C07887,Omar Aljohani,0599007887,omar.aljohani7887@example.com,Jazan,B033,2022-01-22,Silver,0
C07888,Rakan Alshammari,0599007888,rakan.alshammari7888@example.com,Jubail,B027,2025-06-18,Classic,1
C07889,Ahmed Alhajri,0599007889,ahmed.alhajri7889@example.com,Jeddah,B016,2023-08-08,Silver,1
C07890,Sara Alfaraj,0599007890,sara.alfaraj7890@example.com,Riyadh,B002,2021-05-09,Gold,
C07891,Bandar Alyami,0599007891,bandar.alyami7891@example.com,Al Ahsa,B026,2025-08-23,Classic,
C07892,Sara Alotaibi,0599007892,sara.alotaibi7892@example.com,Khobar,B029,2022-01-08,Gold,0
C07893,Yousef Almutairi,0599007893,yousef.almutairi7893@example.com,Riyadh,B007,2022-02-01,Classic,0
C07894,Majed Almutairi,0599007894,majed.almutairi7894@example.com,Jeddah,B017,2025-07-19,Classic,1
C07895,Khalid Alshammari,0599007895,khalid.alshammari7895@example.com,Khobar,B024,2023-01-06,Silver,1
C07896,Saud Alnaimi,0599007896,saud.alnaimi7896@example.com,Dhahran,B025,2025-05-05,Platinum,1
C07897,Atheer Alzahrani,0599007897,atheer.alzahrani7897@example.com,Jeddah,B021,2024-07-16,Classic,0
C07898,Shahad Alanazi,0599007898,shahad.alanazi7898@example.com,Dammam,B023,2021-06-07,Silver,1
C07899,Maha Alhajri,0599007899,maha.alhajri7899@example.com,Dhahran,B030,2023-01-13,Silver,0
C07900,Abdullah Aldossary,0599007900,abdullah.aldossary7900@example.com,Riyadh,B001,2025-01-05,Gold,1
C07901,Sultan Alsubaie,0599007901,sultan.alsubaie7901@example.com,Tabuk,B037,2025-04-02,Gold,1
C07902,Majed Alqahtani,0599007902,majed.alqahtani7902@example.com,Jeddah,B022,2024-06-12,Classic,0
C07903,Jawaher Alhajri,0599007903,jawaher.alhajri7903@example.com,Jeddah,B017,2021-03-08,Classic,1
C07904,Lama Alshehri,0599007904,lama.alshehri7904@example.com,Riyadh,B008,2022-01-31,Gold,1
C07905,Ghada Alenezi,0599007905,ghada.alenezi7905@example.com,Jeddah,B017,2022-07-26,Classic,0
C07906,Nasser Alsubaie,0599007906,nasser.alsubaie7906@example.com,Riyadh,B012,2022-12-15,Platinum,1
C07907,Mona Alqahtani,0599007907,mona.alqahtani7907@example.com,Jeddah,B016,2025-12-03,Platinum,1
C07908,Jawaher Alanazi,0599007908,jawaher.alanazi7908@example.com,Khamis Mushait,B036,2025-07-06,Classic,1
C07909,Ali Alshehri,0599007909,ali.alshehri7909@example.com,Khamis Mushait,B032,2021-10-29,Classic,0
C07910,Khalid Alhajri,0599007910,khalid.alhajri7910@example.com,Madinah,B019,2024-11-22,Classic,1
C07911,Sara Aldawsari,0599007911,sara.aldawsari7911@example.com,Riyadh,B007,2025-12-09,Classic,1
C07912,Dana Alsubaie,0599007912,dana.alsubaie7912@example.com,Tabuk,B040,2022-08-23,Silver,0
C07913,Mona Alotaibi,0599007913,mona.alotaibi7913@example.com,Riyadh,B007,2026-05-04,Classic,1
C07914,Saud Alamri,0599007914,saud.alamri7914@example.com,Jeddah,B013,2022-10-01,Gold,1
C07915,Amal Alenezi,0599007915,amal.alenezi7915@example.com,Taif,B020,2021-05-29,Silver,0
C07916,Shahad Alamri,0599007916,shahad.alamri7916@example.com,Jeddah,B022,2025-07-23,Classic,1
C07917,Lama Alghamdi,0599007917,lama.alghamdi7917@example.com,Riyadh,B002,2021-06-16,Classic,1
C07918,Turki Aljohani,0599007918,turki.aljohani7918@example.com,Dammam,B028,2026-02-05,Classic,1
C07919,Majed Albalawi,0599007919,majed.albalawi7919@example.com,Khamis Mushait,B032,2025-11-11,Classic,1
C07920,Saud Alrashidi,0599007920,saud.alrashidi7920@example.com,Jeddah,B015,2024-07-16,Classic,0
C07921,Lama Aldossary,966,lama.aldossary7921@example.com,Abha,B035,2022-01-27,Silver,1
C07922,Majed Alyami,0599007922,majed.alyami7922@example.com,Khobar,B029,2025-04-21,Gold,1
C07923,Majed Alghamdi,0599007923,majed.alghamdi7923@example.com,Hail,B038,2025-07-02,Classic,1
C07924,Saud Alqahtani,0599007924,saud.alqahtani7924@example.com,Khobar,B024,2025-10-09,Classic,1
C07925,Ahmed Almutairi,0599007925,ahmed.almutairi7925@example.com,Riyadh,B006,2024-05-10,Classic,1
C07926,Ghada Alnaimi,0599007926,ghada.alnaimi7926@example.com,Riyadh,B008,2021-01-22,Classic,1
C07927,Reem Alzahrani,0599007927,reem.alzahrani7927@example.com,Taif,B020,2023-04-09,Classic,0
C07928,Lama Alrashidi,0599007928,lama.alrashidi7928@example.com,Abha,B035,2025-12-20,Gold,1
C07929,Saud Alqahtani,0599007929,saud.alqahtani7929@example.com,Dammam,B028,2025-05-22,Silver,1
C07930,Maha Aljohani,0599007930,maha.aljohani7930@example.com,Riyadh,B003,2023-10-25,Classic,0
C07931,Saud Alqahtani,0599007931,saud.alqahtani7931@example.com,Dammam,B023,2024-10-29,Classic,1
C07932,Rawan Alsaeed,0599007932,rawan.alsaeed7932@example.com,Al Jouf,B039,2021-10-06,Gold,1
C07933,Hessa Almalki,0599007933,hessa.almalki7933@example.com,Madinah,B019,2025-08-01,Silver,0
C07934,Mona Alnaimi,0599007934,mona.alnaimi7934@example.com,Riyadh,B003,2026-03-10,Classic,1
C07935,Abdullah Alharbi,0599007935,abdullah.alharbi7935@example.com,Riyadh,B003,2026-02-23,Classic,1
C07936,Saud Alkhaldi,0599007936,saud.alkhaldi7936@example.com,Riyadh,B001,2025-05-10,Silver,0
C07937,Turki Alhajri,0599007937,turki.alhajri7937@example.com,Riyadh,B005,2022-12-21,Gold,0
C07938,Dana Alrashidi,0599007938,dana.alrashidi7938@example.com,Jeddah,B021,2025-11-12,Silver,1
C07939,Lama Alshehri,0599007939,lama.alshehri7939@example.com,Khamis Mushait,B036,2025-06-20,Classic,0
C07940,Ali Alqahtani,0599007940,ali.alqahtani7940@example.com,Tabuk,B037,2026-04-19,Classic,1
C07941,Jawaher Alamri,0599007941,jawaher.alamri7941@example.com,Abha,B035,2023-11-04,Classic,1
C07942,Mohammed Aljohani,0599007942,mohammed.aljohani7942@example.com,Riyadh,B006,2023-05-04,Gold,0
C07943,Saud Almalki,0599007943,saud.almalki7943@example.com,Riyadh,B008,2022-10-10,Classic,1
C07944,Maha Almalki,0599007944,maha.almalki7944@example.com,Jubail,B027,2021-07-20,Classic,1
C07945,Ziyad Alsaeed,0599007945,ziyad.alsaeed7945@example.com,Riyadh,B005,2021-12-14,Classic,1
C07946,Ali Aldawsari,0599007946,ali.aldawsari7946@example.com,Al Kharj,B011,2025-08-27,Silver,1
C07947,Mona Alzahrani,0599007947,mona.alzahrani7947@example.com,Makkah,B018,2025-06-05,Silver,1
C07948,Hind Aldawsari,0599007948,hind.aldawsari7948@example.com,Qassim,B010,2023-09-18,Classic,0
C07949,Reem Alnaimi,0599007949,reem.alnaimi7949@example.com,Al Jouf,B039,2025-07-21,Classic,1
C07950,Fahad Alghamdi,0599007950,fahad.alghamdi7950@example.com,Taif,B020,2025-10-17,Classic,0
C07951,Hessa Aldossary,0599007951,hessa.aldossary7951@example.com,Jeddah,B014,2021-04-14,Classic,0
C07952,Rawan Aljohani,0599007952,rawan.aljohani7952@example.com,Riyadh,B008,2023-08-22,Classic,1
C07953,Amal Almutairi,0599007953,amal.almutairi7953@example.com,Qassim,B010,2025-02-16,Silver,
C07954,Omar Alshammari,0599007954,omar.alshammari7954@example.com,Abha,B031,2021-11-09,Classic,0
C07955,Atheer Alenezi,0599007955,atheer.alenezi7955@example.com,Al Kharj,B011,2025-11-04,Gold,1
C07956,Turki Alghamdi,0599007956,turki.alghamdi7956@example.com,Dhahran,B030,2025-11-19,Platinum,1
C07957,Haya Alkhaldi,0599007957,haya.alkhaldi7957@example.com,Riyadh,B007,2023-01-21,Gold,1
C07958,Atheer Alanazi,0599007958,atheer.alanazi7958@example.com,Riyadh,B004,2021-05-30,Gold,
C07959,Lama Almutairi,0599007959,lama.almutairi7959@example.com,Al Kharj,B011,2022-08-19,Classic,
C07960,Sara Albalawi,0599007960,sara.albalawi7960@example.com,Jeddah,B014,2026-05-21,Silver,0
C07961,Ahmed Alotaibi,0599007961,ahmed.alotaibi7961@example.com,Jeddah,B017,2023-12-02,Classic,0
C07962,Yousef Alsaeed,0599007962,yousef.alsaeed7962@example.com,Riyadh,B005,2024-03-30,Platinum,1
C07963,Haya Alhajri,0599007963,haya.alhajri7963@example.com,Abha,B035,2026-02-21,Classic,0
C07964,Turki Alghamdi,0599007964,turki.alghamdi7964@example.com,Khamis Mushait,B036,2023-11-20,Classic,1
C07965,Saud Alshehri,0599007965,saud.alshehri7965@example.com,Tabuk,B040,2023-01-30,Silver,1
C07966,Ghada Alqahtani,0599007966,ghada.alqahtani7966@example.com,Riyadh,B007,2025-07-11,Gold,
C07967,Mohammed Alqahtani,0599007967,mohammed.alqahtani7967@example.com,Tabuk,B040,2025-04-09,Classic,1
C07968,Maha Albalawi,0599007968,maha.albalawi7968@example.com,Riyadh,B004,2025-09-27,Classic,0
C07969,Omar Alotaibi,0599007969,omar.alotaibi7969@example.com,Tabuk,B040,2025-01-25,Classic,
C07970,Omar Alyami,0599007970,omar.alyami7970@example.com,Jubail,B027,2025-10-19,Classic,0
C07971,Ghada Alsaeed,0599007971,ghada.alsaeed7971@example.com,Najran,B034,2021-09-27,Classic,1
C07972,Dana Alghamdi,0599007972,dana.alghamdi7972@example.com,Jeddah,B021,2025-09-11,Silver,1
C07973,Jawaher Alharbi,0599007973,jawaher.alharbi7973@example.com,Riyadh,B003,2026-04-18,Silver,0
C07974,Haya Alsaeed,0599007974,haya.alsaeed7974@example.com,Madinah,B019,2021-02-08,Gold,1
C07975,Ghada Aldossary,0599007975,ghada.aldossary7975@example.com,Riyadh,B006,2021-10-26,Classic,1
C07976,Hessa Alghamdi,0599007976,hessa.alghamdi7976@example.com,Dammam,B028,2025-12-23,Silver,1
C07977,Haya Alhajri,0599007977,haya.alhajri7977@example.com,Riyadh,B004,2023-01-16,Classic,1
C07978,Mona Almutairi,0599007978,mona.almutairi7978@example.com,Riyadh,B007,2025-03-18,Classic,1
C07979,Haya Alsubaie,0599007979,haya.alsubaie7979@example.com,Riyadh,B006,2022-01-04,Classic,1
C07980,Noura Alamri,0599007980,noura.alamri7980@example.com,Jeddah,B013,2022-09-29,Classic,1
C07981,Amal Alhajri,0599007981,amal.alhajri7981@example.com,Jazan,B033,2022-07-30,Silver,1
C07982,Ziyad Alotaibi,0599007982,ziyad.alotaibi7982@example.com,Al Ahsa,B026,2025-07-07,Platinum,1
C07983,Turki Alqahtani,0599007983,turki.alqahtani7983@example.com,Riyadh,B009,2023-04-10,Gold,1
C07984,Faisal Albalawi,0599007984,faisal.albalawi7984@example.com,Riyadh,B007,2025-10-22,Classic,1
C07985,Ali Almalki,0599007985,ali.almalki7985@example.com,Hail,B038,2025-10-10,Silver,1
C07986,Faisal Almutairi,0599007986,faisal.almutairi7986@example.com,Jeddah,B013,2025-02-18,Silver,1
C07987,Jawaher Alnaimi,0599007987,jawaher.alnaimi7987@example.com,Jeddah,B021,2024-11-19,Silver,1
C07988,Mohammed Alanazi,0599007988,mohammed.alanazi7988@example.com,Taif,B020,2023-10-29,Classic,1
C07989,Jawaher Alotaibi,0599007989,jawaher.alotaibi7989@example.com,Jazan,B033,2026-02-14,Silver,1
C07990,Yousef Alamri,0599007990,yousef.alamri7990@example.com,Dammam,B023,2025-03-16,Gold,1
C07991,Maha Almutairi,0599007991,maha.almutairi7991@example.com,Riyadh,B004,2023-08-14,Classic,1
C07992,Fahad Alrashidi,0599007992,fahad.alrashidi7992@example.com,Riyadh,B008,2022-07-02,Platinum,1
C07993,Atheer Alharbi,0599007993,atheer.alharbi7993@example.com,Jeddah,B021,2025-03-02,Silver,1
C07994,Noura Alsubaie,0599007994,noura.alsubaie7994@example.com,Qassim,B010,2022-08-21,Classic,
C07995,Sultan Aldossary,0599007995,sultan.aldossary7995@example.com,Jazan,B033,2025-11-30,Silver,0
C07996,Hessa Almalki,0599007996,hessa.almalki7996@example.com,Jeddah,B014,2023-04-24,Silver,0
C07997,Ziyad Alhajri,0599007997,ziyad.alhajri7997@example.com,Al Jouf,B039,2026-01-10,Classic,1
C07998,Ghada Almalki,0599007998,ghada.almalki7998@example.com,Dammam,B028,2024-07-01,Classic,1
C07999,Sultan Alnaimi,0599007999,sultan.alnaimi7999@example.com,Khobar,B029,2026-05-03,Classic,1
C08000,Sultan Alshammari,0599008000,sultan.alshammari8000@example.com,Madinah,B019,2026-01-26,Classic,1
C08001,Lama Alsubaie,+966599001939,lama.alsubaie1939.dup@example.com,Al Kharj,B011,2026-08-13,Classic,0
C08002,Yousef Albalawi,+966599004872,YOUSEF.ALBALAWI4872@EXAMPLE.COM,Taif,B020,2025-07-01,Classic,1
C08003,Yousef Alshammari,+966599007298,yousef.alshammari7298.dup@example.com,Riyadh,B006,2025-11-08,Classic,1
C08004,Majed Alsaeed,+966599002159,majed.alsaeed2159.dup@example.com,Jeddah,B015,2023-07-01,Classic,1
C08005,Ziyad Alotaibi,+966599005886,ZIYAD.ALOTAIBI5886@EXAMPLE.COM,Jubail,B027,2023-05-09,Classic,1
C08006,Mohammed Alfaraj,+966599005234,MOHAMMED.ALFARAJ5234@EXAMPLE.COM,Riyadh,B007,2024-04-29,Classic,1
C08007,Saud Alrashidi,+966599007003,SAUD.ALRASHIDI7003@EXAMPLE.COM,Jubail,B027,2024-06-15,Classic,0
C08008,Khalid Alrashidi,+966599001659,KHALID.ALRASHIDI1659@EXAMPLE.COM,Jeddah,B013,2023-10-30,Classic,0
C08009,Ahmed Almalki,+966599000602,AHMED.ALMALKI602@EXAMPLE.COM,Riyadh,B005,2026-07-08,Classic,1
C08010,Haya Albalawi,+966599001025,haya.albalawi1025.dup@example.com,Dammam,B023,2023-06-22,Classic,1
C08011,Jawaher Aljohani,+966599000101,jawaher.aljohani101.dup@example.com,Hail,B038,2024-09-11,Classic,1
C08012,Lulwa Alhajri,+966599007731,LULWA.ALHAJRI7731@EXAMPLE.COM,Riyadh,B008,2022-11-03,Classic,1
C08013,Saud Alnaimi,+966599000558,SAUD.ALNAIMI558@EXAMPLE.COM,Al Ahsa,B026,2026-07-01,Classic,1
C08014,Mona Aljohani,+966599006952,MONA.ALJOHANI6952@EXAMPLE.COM,Jeddah,B022,2026-03-22,Classic,1
C08015,Hessa Alsubaie,+966599006687,hessa.alsubaie6687.dup@example.com,Jeddah,B021,2021-08-25,Classic,0
C08016,Fahad Alghamdi,+966599004312,fahad.alghamdi4312.dup@example.com,Riyadh,B001,2025-05-29,Classic,1
C08017,Bandar Almalki,+966599003491,BANDAR.ALMALKI3491@EXAMPLE.COM,Taif,B020,2023-05-13,Classic,0
C08018,Ahmed Alrashidi,+966599004627,AHMED.ALRASHIDI4627@EXAMPLE.COM,Dhahran,B025,2021-11-04,Classic,0
C08019,Lulwa Alhajri,+966599004660,lulwa.alhajri4660.dup@example.com,Dhahran,B030,2023-04-28,Classic,1
C08020,Rawan Alharbi,+966599001477,RAWAN.ALHARBI1477@EXAMPLE.COM,Khamis Mushait,B036,2025-07-16,Classic,1
C08021,Hessa Alkhaldi,+966599006810,hessa.alkhaldi6810.dup@example.com,Jeddah,B013,2025-07-12,Classic,1
C08022,Fahad Alharbi,+966599004828,fahad.alharbi4828.dup@example.com,Riyadh,B001,2021-09-03,Classic,1
C08023,Reem Alanazi,+966599002885,reem.alanazi2885.dup@example.com,Najran,B034,2025-08-11,Classic,1
C08024,Haya Alshammari,+966599003096,haya.alshammari3096.dup@example.com,Riyadh,B002,2025-05-01,Classic,1
C08025,Majed Alhajri,+966599000076,majed.alhajri76.dup@example.com,Al Ahsa,B026,2023-07-08,Classic,1
C08026,Mohammed Alsaeed,+966599006622,mohammed.alsaeed6622.dup@example.com,Makkah,B018,2026-05-11,Classic,0
C08027,Ghada Alqahtani,+966599000141,ghada.alqahtani141.dup@example.com,Jubail,B027,2025-10-04,Classic,1
C08028,Khalid Alotaibi,+966599006765,KHALID.ALOTAIBI6765@EXAMPLE.COM,Riyadh,B006,2025-08-01,Classic,1
C08029,Faisal Alanazi,+966599004977,FAISAL.ALANAZI4977@EXAMPLE.COM,Jeddah,B013,2022-10-20,Classic,1
C08030,Ali Alharbi,+966599006158,ALI.ALHARBI6158@EXAMPLE.COM,Qassim,B010,2022-09-14,Classic,1
C08031,Sara Alshehri,+966599004171,SARA.ALSHEHRI4171@EXAMPLE.COM,Dhahran,B025,2021-12-25,Classic,0
C08032,Sara Alenezi,+966599002793,sara.alenezi2793.dup@example.com,Jeddah,B014,2026-11-20,Classic,0
C08033,Lulwa Alharbi,+966599006015,LULWA.ALHARBI6015@EXAMPLE.COM,Tabuk,B037,2024-09-19,Classic,1
C08034,Hessa Alhajri,+966599002920,hessa.alhajri2920.dup@example.com,Riyadh,B008,2025-11-19,Classic,1
C08035,Ziyad Alsubaie,+966599002277,ziyad.alsubaie2277.dup@example.com,Jeddah,B016,2024-01-06,Classic,1
C08036,Abdullah Almutairi,+966599002510,abdullah.almutairi2510.dup@example.com,Tabuk,B040,2026-01-19,Classic,0
C08037,Hind Alzahrani,+966599004475,hind.alzahrani4475.dup@example.com,Jeddah,B015,2026-02-11,Classic,1
C08038,Omar Alnaimi,+966599005039,OMAR.ALNAIMI5039@EXAMPLE.COM,Jubail,B027,2023-03-28,Classic,1
C08039,Faisal Alghamdi,+966599007044,faisal.alghamdi7044.dup@example.com,Riyadh,B008,2024-07-21,Classic,1
C08040,Majed Alenezi,+966599006005,MAJED.ALENEZI6005@EXAMPLE.COM,Jeddah,B015,2026-06-10,Classic,1
